series,zone,source_pdf,qual,syllabus,component,paper_number,variant_digit,name,local_date,session,duration,key_time_utc
june-2026,1,745755-june-2026-zone-1-timetable.txt,AS,9693,11,1,1,Marine Science,2026-04-23,AM,1h 45m,2026-04-23T17:00Z
june-2026,1,745755-june-2026-zone-1-timetable.txt,AS,8021,13,1,3,English General Paper,2026-04-23,PM,1h 15m,2026-04-23T21:00Z
june-2026,1,745755-june-2026-zone-1-timetable.txt,IG,0509,11,1,1,First Language Chinese,2026-04-24,AM,2h 15m,2026-04-24T17:00Z
june-2026,1,745755-june-2026-zone-1-timetable.txt,IG,0520,43,4,3,French,2026-04-24,PM,1h,2026-04-24T21:00Z
june-2026,1,745755-june-2026-zone-1-timetable.txt,AS,8028,31,3,1,French Language,2026-04-24,AM,1h 30m,2026-04-24T17:00Z
june-2026,1,745755-june-2026-zone-1-timetable.txt,IG,0547,43,4,3,Mandarin Chinese,2026-04-24,PM,1h 15m,2026-04-24T21:00Z
june-2026,1,745755-june-2026-zone-1-timetable.txt,AL,9898,21,2,1,French Language & Literature,2026-04-24,AM,2h,2026-04-24T17:00Z
june-2026,1,745755-june-2026-zone-1-timetable.txt,IG,0499,11,1,1,Sanskrit,2026-04-27,AM,1h 30m,2026-04-27T17:00Z
june-2026,1,745755-june-2026-zone-1-timetable.txt,IG,0474,13,1,3,Literature in Spanish,2026-04-27,PM,1h 30m,2026-04-27T21:00Z
june-2026,1,745755-june-2026-zone-1-timetable.txt,IG,0509,21,2,1,First Language Chinese,2026-04-27,AM,2h,2026-04-27T17:00Z
june-2026,1,745755-june-2026-zone-1-timetable.txt,AS,9093,13,1,3,English Language,2026-04-27,PM,2h 15m,2026-04-27T21:00Z
june-2026,1,745755-june-2026-zone-1-timetable.txt,IG,0535,11,1,1,Italian (Listening - Multiple Choice),2026-04-27,AM,50m,2026-04-27T17:00Z
june-2026,1,745755-june-2026-zone-1-timetable.txt,IG,0535,41,4,1,Italian,2026-04-27,AM,1h,2026-04-27T17:00Z
june-2026,1,745755-june-2026-zone-1-timetable.txt,IG,0544,21,2,1,Arabic,2026-04-27,AM,1h,2026-04-27T17:00Z
june-2026,1,745755-june-2026-zone-1-timetable.txt,AS,8686,02,0,2,Urdu Language,2026-04-27,AM,1h 45m,2026-04-27T17:00Z
june-2026,1,745755-june-2026-zone-1-timetable.txt,AS,9694,11,1,1,Thinking Skills,2026-04-27,AM,1h 30m,2026-04-27T17:00Z
june-2026,1,745755-june-2026-zone-1-timetable.txt,AL,9844,21,2,1,Spanish Language & Literature,2026-04-27,AM,2h,2026-04-27T17:00Z
june-2026,1,745755-june-2026-zone-1-timetable.txt,IG,0525,11,1,1,German (Listening - Multiple Choice),2026-04-28,AM,50m,2026-04-28T17:00Z
june-2026,1,745755-june-2026-zone-1-timetable.txt,IG,0620,33,3,3,Chemistry (Core),2026-04-28,PM,1h 15m,2026-04-28T21:00Z
june-2026,1,745755-june-2026-zone-1-timetable.txt,IG,0525,41,4,1,German,2026-04-28,AM,1h,2026-04-28T17:00Z
june-2026,1,745755-june-2026-zone-1-timetable.txt,IG,0620,43,4,3,Chemistry (Extended),2026-04-28,PM,1h 15m,2026-04-28T21:00Z
june-2026,1,745755-june-2026-zone-1-timetable.txt,AS,8291,11,1,1,Environmental Management,2026-04-28,AM,1h 45m,2026-04-28T17:00Z
june-2026,1,745755-june-2026-zone-1-timetable.txt,AS,9702,35,3,5,Physics (Practical - Advanced),2026-04-28,PM,2h,2026-04-28T21:00Z
june-2026,1,745755-june-2026-zone-1-timetable.txt,AS,9693,21,2,1,Marine Science,2026-04-28,AM,1h 45m,2026-04-28T17:00Z
june-2026,1,745755-june-2026-zone-1-timetable.txt,AS,9990,13,1,3,Psychology,2026-04-28,PM,1h 30m,2026-04-28T21:00Z
june-2026,1,745755-june-2026-zone-1-timetable.txt,IG,0580,11,1,1,Mathematics (Without Coursework) (Core),2026-04-29,AM,1h 30m,2026-04-29T17:00Z
june-2026,1,745755-june-2026-zone-1-timetable.txt,IG,0523,01,0,1,Chinese as a Second Language,2026-04-29,PM,2h,2026-04-29T21:00Z
june-2026,1,745755-june-2026-zone-1-timetable.txt,IG,0580,21,2,1,Mathematics (Without Coursework) (Extended),2026-04-29,AM,2h,2026-04-29T17:00Z
june-2026,1,745755-june-2026-zone-1-timetable.txt,IG,0547,13,1,3,Mandarin Chinese (Listening - Multiple Choice),2026-04-29,PM,40m,2026-04-29T21:00Z
june-2026,1,745755-june-2026-zone-1-timetable.txt,AS,9709,11,1,1,Mathematics (Pure Mathematics 1),2026-04-29,AM,1h 50m,2026-04-29T17:00Z
june-2026,1,745755-june-2026-zone-1-timetable.txt,IG,0607,13,1,3,Cambridge International Mathematics (Core),2026-04-29,PM,1h 15m,2026-04-29T21:00Z
june-2026,1,745755-june-2026-zone-1-timetable.txt,IG,0607,23,2,3,Cambridge International Mathematics (Extended),2026-04-29,PM,1h 30m,2026-04-29T21:00Z
june-2026,1,745755-june-2026-zone-1-timetable.txt,AS,8021,23,2,3,English General Paper,2026-04-29,PM,1h 45m,2026-04-29T21:00Z
june-2026,1,745755-june-2026-zone-1-timetable.txt,AS,8695,23,2,3,Language & Literature in English,2026-04-29,PM,2h,2026-04-29T21:00Z
june-2026,1,745755-june-2026-zone-1-timetable.txt,AS,9695,13,1,3,Literature in English,2026-04-29,PM,2h,2026-04-29T21:00Z
june-2026,1,745755-june-2026-zone-1-timetable.txt,IG,0499,21,2,1,Sanskrit,2026-04-30,AM,1h 30m,2026-04-30T17:00Z
june-2026,1,745755-june-2026-zone-1-timetable.txt,IG,0610,33,3,3,Biology (Core),2026-04-30,PM,1h 15m,2026-04-30T21:00Z
june-2026,1,745755-june-2026-zone-1-timetable.txt,IG,0535,21,2,1,Italian,2026-04-30,AM,1h,2026-04-30T17:00Z
june-2026,1,745755-june-2026-zone-1-timetable.txt,IG,0610,43,4,3,Biology (Extended),2026-04-30,PM,1h 15m,2026-04-30T21:00Z
june-2026,1,745755-june-2026-zone-1-timetable.txt,IG,0539,02,0,2,Urdu as a Second Language (Listening),2026-04-30,AM,45m,2026-04-30T17:00Z
june-2026,1,745755-june-2026-zone-1-timetable.txt,AS,9701,35,3,5,Chemistry (Practical - Advanced),2026-04-30,PM,2h,2026-04-30T21:00Z
june-2026,1,745755-june-2026-zone-1-timetable.txt,AS,9395,11,1,1,Travel & Tourism,2026-04-30,AM,2h,2026-04-30T17:00Z
june-2026,1,745755-june-2026-zone-1-timetable.txt,AS,9990,23,2,3,Psychology,2026-04-30,PM,1h 30m,2026-04-30T21:00Z
june-2026,1,745755-june-2026-zone-1-timetable.txt,AS,9705,11,1,1,Design & Technology,2026-04-30,AM,2h 15m,2026-04-30T17:00Z
june-2026,1,745755-june-2026-zone-1-timetable.txt,IG,0409,01,0,1,American History (US),2026-05-01,AM,2h,2026-05-01T17:00Z
june-2026,1,745755-june-2026-zone-1-timetable.txt,AS,9239,13,1,3,Global Perspectives & Research,2026-05-01,PM,1h 30m,2026-05-01T21:00Z
june-2026,1,745755-june-2026-zone-1-timetable.txt,AS,8022,31,3,1,Spanish Language,2026-05-01,AM,1h 30m,2026-05-01T17:00Z
june-2026,1,745755-june-2026-zone-1-timetable.txt,AS,9694,21,2,1,Thinking Skills,2026-05-01,AM,1h 45m,2026-05-01T17:00Z
june-2026,1,745755-june-2026-zone-1-timetable.txt,IG,0546,21,2,1,Malay,2026-05-04,AM,1h,2026-05-04T17:00Z
june-2026,1,745755-june-2026-zone-1-timetable.txt,IG,0474,23,2,3,Literature in Spanish,2026-05-04,PM,2h,2026-05-04T21:00Z
june-2026,1,745755-june-2026-zone-1-timetable.txt,AS,8291,21,2,1,Environmental Management,2026-05-04,AM,1h 45m,2026-05-04T17:00Z
june-2026,1,745755-june-2026-zone-1-timetable.txt,IG,0607,33,3,3,Cambridge International Mathematics (Core),2026-05-04,PM,1h 15m,2026-05-04T21:00Z
june-2026,1,745755-june-2026-zone-1-timetable.txt,AL,9693,31,3,1,Marine Science,2026-05-04,AM,1h 45m,2026-05-04T17:00Z
june-2026,1,745755-june-2026-zone-1-timetable.txt,IG,0607,43,4,3,Cambridge International Mathematics (Extended),2026-05-04,PM,1h 30m,2026-05-04T21:00Z
june-2026,1,745755-june-2026-zone-1-timetable.txt,AS,8684,02,0,2,Portuguese Language,2026-05-04,PM,1h 45m,2026-05-04T21:00Z
june-2026,1,745755-june-2026-zone-1-timetable.txt,AS,8695,13,1,3,Language & Literature in English,2026-05-04,PM,2h,2026-05-04T21:00Z
june-2026,1,745755-june-2026-zone-1-timetable.txt,AS,9093,23,2,3,English Language,2026-05-04,PM,2h,2026-05-04T21:00Z
june-2026,1,745755-june-2026-zone-1-timetable.txt,AL,9718,02,0,2,Portuguese,2026-05-04,PM,1h 45m,2026-05-04T21:00Z
june-2026,1,745755-june-2026-zone-1-timetable.txt,IG,0580,31,3,1,Mathematics (Without Coursework) (Core),2026-05-05,AM,1h 30m,2026-05-05T17:00Z
june-2026,1,745755-june-2026-zone-1-timetable.txt,IG,0500,13,1,3,First Language English (Oral Endorsement),2026-05-05,PM,2h,2026-05-05T21:00Z
june-2026,1,745755-june-2026-zone-1-timetable.txt,IG,0580,41,4,1,Mathematics (Without Coursework) (Extended),2026-05-05,AM,2h,2026-05-05T17:00Z
june-2026,1,745755-june-2026-zone-1-timetable.txt,IG,0510,13,1,3,English as a Second Language (Speaking Endorsement),2026-05-05,PM,2h,2026-05-05T21:00Z
june-2026,1,745755-june-2026-zone-1-timetable.txt,AS,9489,11,1,1,History,2026-05-05,AM,1h 15m,2026-05-05T17:00Z
june-2026,1,745755-june-2026-zone-1-timetable.txt,IG,0511,13,1,3,English as a Second Language (Count-in Speaking),2026-05-05,PM,2h,2026-05-05T21:00Z
june-2026,1,745755-june-2026-zone-1-timetable.txt,AS,9609,11,1,1,Business,2026-05-05,AM,1h 15m,2026-05-05T17:00Z
june-2026,1,745755-june-2026-zone-1-timetable.txt,IG,0524,13,1,3,First Language English (US),2026-05-05,PM,2h,2026-05-05T21:00Z
june-2026,1,745755-june-2026-zone-1-timetable.txt,AS,9700,35,3,5,Biology (Practical - Advanced),2026-05-05,PM,2h,2026-05-05T21:00Z
june-2026,1,745755-june-2026-zone-1-timetable.txt,IG,0457,11,1,1,Global Perspectives,2026-05-06,AM,1h 25m,2026-05-06T17:00Z
june-2026,1,745755-june-2026-zone-1-timetable.txt,IG,0520,23,2,3,French,2026-05-06,PM,1h,2026-05-06T21:00Z
june-2026,1,745755-june-2026-zone-1-timetable.txt,IG,0460,11,1,1,Geography,2026-05-06,AM,1h 45m,2026-05-06T17:00Z
june-2026,1,745755-june-2026-zone-1-timetable.txt,AS,9607,23,2,3,Media Studies,2026-05-06,PM,2h,2026-05-06T21:00Z
june-2026,1,745755-june-2026-zone-1-timetable.txt,AS,9709,21,2,1,Mathematics (Pure Mathematics 2),2026-05-06,AM,1h 15m,2026-05-06T17:00Z
june-2026,1,745755-june-2026-zone-1-timetable.txt,AS,9708,23,2,3,Economics,2026-05-06,PM,2h,2026-05-06T21:00Z
june-2026,1,745755-june-2026-zone-1-timetable.txt,AS,9709,41,4,1,Mathematics (Mechanics),2026-05-06,AM,1h 15m,2026-05-06T17:00Z
june-2026,1,745755-june-2026-zone-1-timetable.txt,AL,9694,31,3,1,Thinking Skills,2026-05-06,AM,2h,2026-05-06T17:00Z
june-2026,1,745755-june-2026-zone-1-timetable.txt,AL,9709,61,6,1,Mathematics (Probability & Statistics 2),2026-05-06,AM,1h 15m,2026-05-06T17:00Z
june-2026,1,745755-june-2026-zone-1-timetable.txt,IG,0409,02,0,2,American History (US),2026-05-07,AM,1h 45m,2026-05-07T17:00Z
june-2026,1,745755-june-2026-zone-1-timetable.txt,IG,0620,53,5,3,Chemistry (Practical),2026-05-07,PM,1h 15m,2026-05-07T21:00Z
june-2026,1,745755-june-2026-zone-1-timetable.txt,IG,0417,11,1,1,Information & Communication Technology,2026-05-07,AM,1h 30m,2026-05-07T17:00Z
june-2026,1,745755-june-2026-zone-1-timetable.txt,IG,0620,63,6,3,Chemistry (Alternative to Practical),2026-05-07,PM,1h,2026-05-07T21:00Z
june-2026,1,745755-june-2026-zone-1-timetable.txt,IG,0470,11,1,1,History,2026-05-07,AM,2h,2026-05-07T17:00Z
june-2026,1,745755-june-2026-zone-1-timetable.txt,IG,0653,33,3,3,Combined Science (Core),2026-05-07,PM,1h 15m,2026-05-07T21:00Z
june-2026,1,745755-june-2026-zone-1-timetable.txt,AS,9231,11,1,1,Further Mathematics,2026-05-07,AM,2h,2026-05-07T17:00Z
june-2026,1,745755-june-2026-zone-1-timetable.txt,IG,0653,43,4,3,Combined Science (Extended),2026-05-07,PM,1h 15m,2026-05-07T21:00Z
june-2026,1,745755-june-2026-zone-1-timetable.txt,AS,9489,21,2,1,History,2026-05-07,AM,1h 45m,2026-05-07T17:00Z
june-2026,1,745755-june-2026-zone-1-timetable.txt,IG,0654,33,3,3,Co-ordinated Sciences (Double Award) (Core),2026-05-07,PM,2h,2026-05-07T21:00Z
june-2026,1,745755-june-2026-zone-1-timetable.txt,AL,9693,41,4,1,Marine Science,2026-05-07,AM,1h 45m,2026-05-07T17:00Z
june-2026,1,745755-june-2026-zone-1-timetable.txt,IG,0654,43,4,3,Co-ordinated Sciences (Double Award) (Extended),2026-05-07,PM,2h,2026-05-07T21:00Z
june-2026,1,745755-june-2026-zone-1-timetable.txt,AL,9705,31,3,1,Design & Technology,2026-05-07,AM,2h 30m,2026-05-07T17:00Z
june-2026,1,745755-june-2026-zone-1-timetable.txt,AS,8684,03,0,3,Portuguese Language,2026-05-07,PM,1h 30m,2026-05-07T21:00Z
june-2026,1,745755-june-2026-zone-1-timetable.txt,AS,9696,13,1,3,Geography (Core),2026-05-07,PM,1h 30m,2026-05-07T21:00Z
june-2026,1,745755-june-2026-zone-1-timetable.txt,AL,9701,43,4,3,Chemistry,2026-05-07,PM,2h,2026-05-07T21:00Z
june-2026,1,745755-june-2026-zone-1-timetable.txt,AL,9718,03,0,3,Portuguese,2026-05-07,PM,1h 30m,2026-05-07T21:00Z
june-2026,1,745755-june-2026-zone-1-timetable.txt,IG,0471,11,1,1,Travel & Tourism,2026-05-08,AM,1h 30m,2026-05-08T17:00Z
june-2026,1,745755-june-2026-zone-1-timetable.txt,IG,0408,23,2,3,World Literature,2026-05-08,PM,1h 15m,2026-05-08T21:00Z
june-2026,1,745755-june-2026-zone-1-timetable.txt,IG,0475,11,1,1,Literature in English,2026-05-08,AM,1h 30m,2026-05-08T17:00Z
june-2026,1,745755-june-2026-zone-1-timetable.txt,IG,0625,33,3,3,Physics (Core),2026-05-08,PM,1h 15m,2026-05-08T21:00Z
june-2026,1,745755-june-2026-zone-1-timetable.txt,AS,8022,11,1,1,Spanish Language (Listening - Multiple Choice),2026-05-08,AM,1h,2026-05-08T17:00Z
june-2026,1,745755-june-2026-zone-1-timetable.txt,IG,0625,43,4,3,Physics (Extended),2026-05-08,PM,1h 15m,2026-05-08T21:00Z
june-2026,1,745755-june-2026-zone-1-timetable.txt,AS,9618,11,1,1,Computer Science,2026-05-08,AM,1h 30m,2026-05-08T17:00Z
june-2026,1,745755-june-2026-zone-1-timetable.txt,AL,9093,33,3,3,English Language,2026-05-08,PM,2h 15m,2026-05-08T21:00Z
june-2026,1,745755-june-2026-zone-1-timetable.txt,AS,9626,11,1,1,Information Technology,2026-05-08,AM,1h 45m,2026-05-08T17:00Z
june-2026,1,745755-june-2026-zone-1-timetable.txt,AL,9700,43,4,3,Biology,2026-05-08,PM,2h,2026-05-08T21:00Z
june-2026,1,745755-june-2026-zone-1-timetable.txt,AS,9706,21,2,1,Accounting,2026-05-08,AM,1h 45m,2026-05-08T17:00Z
june-2026,1,745755-june-2026-zone-1-timetable.txt,AL,9844,31,3,1,Spanish Language & Literature,2026-05-08,AM,2h,2026-05-08T17:00Z
june-2026,1,745755-june-2026-zone-1-timetable.txt,IG,0475,21,2,1,Literature in English,2026-05-11,AM,1h 30m,2026-05-11T17:00Z
june-2026,1,745755-june-2026-zone-1-timetable.txt,IG,0450,13,1,3,Business Studies,2026-05-11,PM,1h 30m,2026-05-11T21:00Z
june-2026,1,745755-june-2026-zone-1-timetable.txt,IG,0475,31,3,1,Literature in English,2026-05-11,AM,45m,2026-05-11T17:00Z
june-2026,1,745755-june-2026-zone-1-timetable.txt,IG,0523,02,0,2,Chinese as a Second Language (Listening),2026-05-11,PM,45m,2026-05-11T21:00Z
june-2026,1,745755-june-2026-zone-1-timetable.txt,IG,0475,41,4,1,Literature in English,2026-05-11,AM,1h 15m,2026-05-11T17:00Z
june-2026,1,745755-june-2026-zone-1-timetable.txt,IG,0547,23,2,3,Mandarin Chinese,2026-05-11,PM,1h 15m,2026-05-11T21:00Z
june-2026,1,745755-june-2026-zone-1-timetable.txt,AS,8022,21,2,1,Spanish Language (Multiple Choice),2026-05-11,AM,1h 30m,2026-05-11T17:00Z
june-2026,1,745755-june-2026-zone-1-timetable.txt,AS,9695,23,2,3,Literature in English,2026-05-11,PM,2h,2026-05-11T21:00Z
june-2026,1,745755-june-2026-zone-1-timetable.txt,AS,9609,21,2,1,Business,2026-05-11,AM,1h 30m,2026-05-11T17:00Z
june-2026,1,745755-june-2026-zone-1-timetable.txt,AL,9702,43,4,3,Physics,2026-05-11,PM,2h,2026-05-11T21:00Z
june-2026,1,745755-june-2026-zone-1-timetable.txt,AL,9694,41,4,1,Thinking Skills,2026-05-11,AM,1h 45m,2026-05-11T17:00Z
june-2026,1,745755-june-2026-zone-1-timetable.txt,AL,9844,11,1,1,Spanish Language & Literature (Multiple Choice),2026-05-11,AM,1h 30m,2026-05-11T17:00Z
june-2026,1,745755-june-2026-zone-1-timetable.txt,IG,0445,11,1,1,Design & Technology,2026-05-12,AM,1h 15m,2026-05-12T17:00Z
june-2026,1,745755-june-2026-zone-1-timetable.txt,IG,0610,53,5,3,Biology (Practical),2026-05-12,PM,1h 15m,2026-05-12T21:00Z
june-2026,1,745755-june-2026-zone-1-timetable.txt,IG,0697,11,1,1,Marine Science,2026-05-12,AM,1h 45m,2026-05-12T17:00Z
june-2026,1,745755-june-2026-zone-1-timetable.txt,IG,0610,63,6,3,Biology (Alternative to Practical),2026-05-12,PM,1h,2026-05-12T21:00Z
june-2026,1,745755-june-2026-zone-1-timetable.txt,AS,9699,11,1,1,Sociology,2026-05-12,AM,1h 30m,2026-05-12T17:00Z
june-2026,1,745755-june-2026-zone-1-timetable.txt,IG,0653,53,5,3,Combined Science (Practical),2026-05-12,PM,1h 15m,2026-05-12T21:00Z
june-2026,1,745755-june-2026-zone-1-timetable.txt,AS,9709,51,5,1,Mathematics (Probability & Statistics 1),2026-05-12,AM,1h 15m,2026-05-12T17:00Z
june-2026,1,745755-june-2026-zone-1-timetable.txt,IG,0653,63,6,3,Combined Science (Alternative to Practical),2026-05-12,PM,1h,2026-05-12T21:00Z
june-2026,1,745755-june-2026-zone-1-timetable.txt,IG,0654,53,5,3,Co-ordinated Sciences (Double Award) (Practical),2026-05-12,PM,2h,2026-05-12T21:00Z
june-2026,1,745755-june-2026-zone-1-timetable.txt,IG,0654,63,6,3,Co-ordinated Sciences (Double Award) (Alternative to Practical),2026-05-12,PM,1h 30m,2026-05-12T21:00Z
june-2026,1,745755-june-2026-zone-1-timetable.txt,AS,9696,23,2,3,Geography (Core),2026-05-12,PM,1h 30m,2026-05-12T21:00Z
june-2026,1,745755-june-2026-zone-1-timetable.txt,AL,9990,33,3,3,Psychology,2026-05-12,PM,1h 30m,2026-05-12T21:00Z
june-2026,1,745755-june-2026-zone-1-timetable.txt,IG,0460,21,2,1,Geography,2026-05-13,AM,1h 30m,2026-05-13T17:00Z
june-2026,1,745755-june-2026-zone-1-timetable.txt,IG,0478,13,1,3,Computer Science,2026-05-13,PM,1h 45m,2026-05-13T21:00Z
june-2026,1,745755-june-2026-zone-1-timetable.txt,IG,0525,21,2,1,German,2026-05-13,AM,1h,2026-05-13T17:00Z
june-2026,1,745755-june-2026-zone-1-timetable.txt,IG,0607,53,5,3,Cambridge International Mathematics (Core),2026-05-13,PM,1h 15m,2026-05-13T21:00Z
june-2026,1,745755-june-2026-zone-1-timetable.txt,AS,9618,21,2,1,Computer Science,2026-05-13,AM,2h,2026-05-13T17:00Z
june-2026,1,745755-june-2026-zone-1-timetable.txt,IG,0607,63,6,3,Cambridge International Mathematics (Extended),2026-05-13,PM,1h 30m,2026-05-13T21:00Z
june-2026,1,745755-june-2026-zone-1-timetable.txt,AL,9489,31,3,1,History,2026-05-13,AM,1h 15m,2026-05-13T17:00Z
june-2026,1,745755-june-2026-zone-1-timetable.txt,AS,9700,23,2,3,Biology,2026-05-13,PM,1h 15m,2026-05-13T21:00Z
june-2026,1,745755-june-2026-zone-1-timetable.txt,AL,9609,31,3,1,Business,2026-05-13,AM,1h 45m,2026-05-13T17:00Z
june-2026,1,745755-june-2026-zone-1-timetable.txt,AL,9700,53,5,3,Biology,2026-05-13,PM,1h 15m,2026-05-13T21:00Z
june-2026,1,745755-june-2026-zone-1-timetable.txt,IG,0539,01,0,1,Urdu as a Second Language,2026-05-14,AM,2h,2026-05-14T17:00Z
june-2026,1,745755-june-2026-zone-1-timetable.txt,IG,0408,33,3,3,World Literature,2026-05-14,PM,1h 30m,2026-05-14T21:00Z
june-2026,1,745755-june-2026-zone-1-timetable.txt,IG,0546,41,4,1,Malay,2026-05-14,AM,1h,2026-05-14T17:00Z
june-2026,1,745755-june-2026-zone-1-timetable.txt,AL,9990,43,4,3,Psychology,2026-05-14,PM,1h 30m,2026-05-14T21:00Z
june-2026,1,745755-june-2026-zone-1-timetable.txt,IG,0697,21,2,1,Marine Science,2026-05-14,AM,1h 45m,2026-05-14T17:00Z
june-2026,1,745755-june-2026-zone-1-timetable.txt,AL,9706,31,3,1,Accounting,2026-05-14,AM,1h 30m,2026-05-14T17:00Z
june-2026,1,745755-june-2026-zone-1-timetable.txt,IG,0470,21,2,1,History,2026-05-15,AM,1h 45m,2026-05-15T17:00Z
june-2026,1,745755-june-2026-zone-1-timetable.txt,IG,0500,23,2,3,First Language English (Oral Endorsement),2026-05-15,PM,2h,2026-05-15T21:00Z
june-2026,1,745755-june-2026-zone-1-timetable.txt,IG,0495,11,1,1,Sociology,2026-05-15,AM,2h,2026-05-15T17:00Z
june-2026,1,745755-june-2026-zone-1-timetable.txt,AL,9695,33,3,3,Literature in English,2026-05-15,PM,2h,2026-05-15T21:00Z
june-2026,1,745755-june-2026-zone-1-timetable.txt,AS,9699,21,2,1,Sociology,2026-05-15,AM,1h 30m,2026-05-15T17:00Z
june-2026,1,745755-june-2026-zone-1-timetable.txt,AL,9696,33,3,3,Geography (Advanced),2026-05-15,PM,1h 30m,2026-05-15T21:00Z
june-2026,1,745755-june-2026-zone-1-timetable.txt,AL,9709,31,3,1,Mathematics (Pure Mathematics 3),2026-05-15,AM,1h 50m,2026-05-15T17:00Z
june-2026,1,745755-june-2026-zone-1-timetable.txt,IG,0470,41,4,1,History,2026-05-18,AM,1h,2026-05-18T17:00Z
june-2026,1,745755-june-2026-zone-1-timetable.txt,IG,0450,23,2,3,Business Studies,2026-05-18,PM,1h 30m,2026-05-18T21:00Z
june-2026,1,745755-june-2026-zone-1-timetable.txt,AS,8028,11,1,1,French Language (Listening - Multiple Choice),2026-05-18,AM,1h,2026-05-18T17:00Z
june-2026,1,745755-june-2026-zone-1-timetable.txt,IG,0606,13,1,3,Additional Mathematics,2026-05-18,PM,2h,2026-05-18T21:00Z
june-2026,1,745755-june-2026-zone-1-timetable.txt,AS,8386,11,1,1,Sport & Physical Education,2026-05-18,AM,1h 45m,2026-05-18T17:00Z
june-2026,1,745755-june-2026-zone-1-timetable.txt,AS,9701,23,2,3,Chemistry,2026-05-18,PM,1h 15m,2026-05-18T21:00Z
june-2026,1,745755-june-2026-zone-1-timetable.txt,AL,9609,41,4,1,Business,2026-05-18,AM,1h 15m,2026-05-18T17:00Z
june-2026,1,745755-june-2026-zone-1-timetable.txt,AL,9607,43,4,3,Media Studies,2026-05-18,PM,2h,2026-05-18T21:00Z
june-2026,1,745755-june-2026-zone-1-timetable.txt,AL,9701,53,5,3,Chemistry,2026-05-18,PM,1h 15m,2026-05-18T21:00Z
june-2026,1,745755-june-2026-zone-1-timetable.txt,IG,0471,21,2,1,Travel & Tourism,2026-05-19,AM,2h,2026-05-19T17:00Z
june-2026,1,745755-june-2026-zone-1-timetable.txt,IG,0625,53,5,3,Physics (Practical),2026-05-19,PM,1h 15m,2026-05-19T21:00Z
june-2026,1,745755-june-2026-zone-1-timetable.txt,IG,0530,21,2,1,Spanish,2026-05-19,AM,1h,2026-05-19T17:00Z
june-2026,1,745755-june-2026-zone-1-timetable.txt,IG,0625,63,6,3,Physics (Alternative to Practical),2026-05-19,PM,1h,2026-05-19T21:00Z
june-2026,1,745755-june-2026-zone-1-timetable.txt,AL,9395,31,3,1,Travel & Tourism,2026-05-19,AM,1h 30m,2026-05-19T17:00Z
june-2026,1,745755-june-2026-zone-1-timetable.txt,AL,9093,43,4,3,English Language,2026-05-19,PM,2h 15m,2026-05-19T21:00Z
june-2026,1,745755-june-2026-zone-1-timetable.txt,AL,9618,31,3,1,Computer Science (Advanced),2026-05-19,AM,1h 30m,2026-05-19T17:00Z
june-2026,1,745755-june-2026-zone-1-timetable.txt,AL,9708,43,4,3,Economics,2026-05-19,PM,2h,2026-05-19T21:00Z
june-2026,1,745755-june-2026-zone-1-timetable.txt,AL,9626,31,3,1,Information Technology (Advanced),2026-05-19,AM,1h 45m,2026-05-19T17:00Z
june-2026,1,745755-june-2026-zone-1-timetable.txt,IG,0460,41,4,1,Geography,2026-05-20,AM,1h 30m,2026-05-20T17:00Z
june-2026,1,745755-june-2026-zone-1-timetable.txt,IG,0452,23,2,3,Accounting,2026-05-20,PM,1h 45m,2026-05-20T21:00Z
june-2026,1,745755-june-2026-zone-1-timetable.txt,AS,8686,03,0,3,Urdu Language,2026-05-20,AM,1h 30m,2026-05-20T17:00Z
june-2026,1,745755-june-2026-zone-1-timetable.txt,IG,0478,23,2,3,Computer Science,2026-05-20,PM,1h 45m,2026-05-20T21:00Z
june-2026,1,745755-june-2026-zone-1-timetable.txt,AS,9482,11,1,1,Drama,2026-05-20,AM,2h,2026-05-20T17:00Z
june-2026,1,745755-june-2026-zone-1-timetable.txt,AS,9702,23,2,3,Physics,2026-05-20,PM,1h 15m,2026-05-20T21:00Z
june-2026,1,745755-june-2026-zone-1-timetable.txt,AS,9483,11,1,1,Music (Listening),2026-05-20,AM,2h,2026-05-20T17:00Z
june-2026,1,745755-june-2026-zone-1-timetable.txt,AL,9702,53,5,3,Physics,2026-05-20,PM,1h 15m,2026-05-20T21:00Z
june-2026,1,745755-june-2026-zone-1-timetable.txt,AL,9489,41,4,1,History,2026-05-20,AM,1h 45m,2026-05-20T17:00Z
june-2026,1,745755-june-2026-zone-1-timetable.txt,IG,0410,11,1,1,Music (Listening),2026-05-21,AM,1h 15m,2026-05-21T17:00Z
june-2026,1,745755-june-2026-zone-1-timetable.txt,IG,0510,23,2,3,,2026-05-21,PM,50m,2026-05-21T21:00Z
june-2026,1,745755-june-2026-zone-1-timetable.txt,IG,0530,11,1,1,Spanish (Listening - Multiple Choice),2026-05-21,AM,50m,2026-05-21T17:00Z
june-2026,1,745755-june-2026-zone-1-timetable.txt,IG,0530,41,4,1,Spanish,2026-05-21,AM,1h,2026-05-21T17:00Z
june-2026,1,745755-june-2026-zone-1-timetable.txt,IG,0511,23,2,3,English as a Second Language (Count-in Speaking) (Listening),2026-05-21,PM,50m,2026-05-21T21:00Z
june-2026,1,745755-june-2026-zone-1-timetable.txt,AS,8028,21,2,1,French Language (Multiple Choice),2026-05-21,AM,1h 30m,2026-05-21T17:00Z
june-2026,1,745755-june-2026-zone-1-timetable.txt,IG,0680,13,1,3,Environmental Management,2026-05-21,PM,1h 45m,2026-05-21T21:00Z
june-2026,1,745755-june-2026-zone-1-timetable.txt,AS,9231,31,3,1,Further Mathematics,2026-05-21,AM,1h 30m,2026-05-21T17:00Z
june-2026,1,745755-june-2026-zone-1-timetable.txt,AL,9695,43,4,3,Literature in English,2026-05-21,PM,2h,2026-05-21T21:00Z
june-2026,1,745755-june-2026-zone-1-timetable.txt,AL,9395,41,4,1,Travel & Tourism,2026-05-21,AM,1h 30m,2026-05-21T17:00Z
june-2026,1,745755-june-2026-zone-1-timetable.txt,AL,9696,43,4,3,Geography (Advanced),2026-05-21,PM,1h 30m,2026-05-21T21:00Z
june-2026,1,745755-june-2026-zone-1-timetable.txt,AL,9706,41,4,1,Accounting,2026-05-21,AM,1h,2026-05-21T17:00Z
june-2026,1,745755-june-2026-zone-1-timetable.txt,IG,0413,11,1,1,Physical Education,2026-05-22,AM,1h 45m,2026-05-22T17:00Z
june-2026,1,745755-june-2026-zone-1-timetable.txt,IG,0455,23,2,3,Economics,2026-05-22,PM,2h 15m,2026-05-22T21:00Z
june-2026,1,745755-june-2026-zone-1-timetable.txt,IG,0544,11,1,1,Arabic (Listening - Multiple Choice),2026-05-22,AM,50m,2026-05-22T17:00Z
june-2026,1,745755-june-2026-zone-1-timetable.txt,AS,9084,13,1,3,Law,2026-05-22,PM,1h 30m,2026-05-22T21:00Z
june-2026,1,745755-june-2026-zone-1-timetable.txt,IG,0544,41,4,1,Arabic,2026-05-22,AM,1h,2026-05-22T17:00Z
june-2026,1,745755-june-2026-zone-1-timetable.txt,AS,8027,31,3,1,German Language,2026-05-22,AM,1h 30m,2026-05-22T17:00Z
june-2026,1,745755-june-2026-zone-1-timetable.txt,AL,9897,21,2,1,German Language & Literature,2026-05-22,AM,2h,2026-05-22T17:00Z
june-2026,1,745755-june-2026-zone-1-timetable.txt,IG,0546,11,1,1,Malay (Listening - Multiple Choice),2026-05-25,AM,50m,2026-05-25T17:00Z
june-2026,1,745755-june-2026-zone-1-timetable.txt,IG,0502,13,1,3,First Language Spanish,2026-05-25,PM,2h,2026-05-25T21:00Z
june-2026,1,745755-june-2026-zone-1-timetable.txt,AL,9231,21,2,1,Further Mathematics,2026-05-25,AM,2h,2026-05-25T17:00Z
june-2026,1,745755-june-2026-zone-1-timetable.txt,IG,0495,21,2,1,Sociology,2026-05-26,AM,1h 45m,2026-05-26T17:00Z
june-2026,1,745755-june-2026-zone-1-timetable.txt,IG,0606,23,2,3,Additional Mathematics,2026-05-26,PM,2h,2026-05-26T21:00Z
june-2026,1,745755-june-2026-zone-1-timetable.txt,AL,9699,31,3,1,Sociology,2026-05-26,AM,1h 15m,2026-05-26T17:00Z
june-2026,1,745755-june-2026-zone-1-timetable.txt,AL,9897,31,3,1,German Language & Literature,2026-05-26,AM,2h,2026-05-26T17:00Z
june-2026,1,745755-june-2026-zone-1-timetable.txt,AL,9898,31,3,1,French Language & Literature,2026-05-26,AM,2h,2026-05-26T17:00Z
june-2026,1,745755-june-2026-zone-1-timetable.txt,AL,9699,41,4,1,Sociology,2026-05-28,AM,1h 45m,2026-05-28T17:00Z
june-2026,1,745755-june-2026-zone-1-timetable.txt,IG,0502,23,2,3,First Language Spanish,2026-05-28,PM,2h,2026-05-28T21:00Z
june-2026,1,745755-june-2026-zone-1-timetable.txt,AS,9231,41,4,1,Further Mathematics,2026-05-29,AM,1h 30m,2026-05-29T17:00Z
june-2026,1,745755-june-2026-zone-1-timetable.txt,AS,9084,23,2,3,Law,2026-05-29,PM,1h 30m,2026-05-29T21:00Z
june-2026,1,745755-june-2026-zone-1-timetable.txt,AL,9898,11,1,1,French Language & Literature (Multiple Choice),2026-05-29,AM,1h 30m,2026-05-29T17:00Z
june-2026,1,745755-june-2026-zone-1-timetable.txt,IG,0680,23,2,3,Environmental Management,2026-06-01,PM,1h 45m,2026-06-01T21:00Z
june-2026,1,745755-june-2026-zone-1-timetable.txt,AL,9084,33,3,3,Law,2026-06-01,PM,1h 30m,2026-06-01T21:00Z
june-2026,1,745755-june-2026-zone-1-timetable.txt,AL,9718,04,0,4,Portuguese,2026-06-01,PM,2h 30m,2026-06-01T21:00Z
june-2026,1,745755-june-2026-zone-1-timetable.txt,IG,0411,11,1,1,Drama,2026-06-02,AM,2h 30m,2026-06-02T17:00Z
june-2026,1,745755-june-2026-zone-1-timetable.txt,AS,9701,13,1,3,Chemistry (Multiple Choice),2026-06-02,PM,1h 15m,2026-06-02T21:00Z
june-2026,1,745755-june-2026-zone-1-timetable.txt,AS,8027,11,1,1,German Language (Listening - Multiple Choice),2026-06-02,AM,1h,2026-06-02T17:00Z
june-2026,1,745755-june-2026-zone-1-timetable.txt,AL,9897,11,1,1,German Language & Literature (Multiple Choice),2026-06-02,AM,1h 30m,2026-06-02T17:00Z
june-2026,1,745755-june-2026-zone-1-timetable.txt,IG,0454,11,1,1,Enterprise,2026-06-03,AM,1h 30m,2026-06-03T17:00Z
june-2026,1,745755-june-2026-zone-1-timetable.txt,IG,0625,13,1,3,Physics (Multiple Choice - Core),2026-06-03,PM,45m,2026-06-03T21:00Z
june-2026,1,745755-june-2026-zone-1-timetable.txt,AS,9706,11,1,1,Accounting (Multiple Choice),2026-06-03,AM,1h,2026-06-03T17:00Z
june-2026,1,745755-june-2026-zone-1-timetable.txt,IG,0625,23,2,3,Physics (Multiple Choice - Extended),2026-06-03,PM,45m,2026-06-03T21:00Z
june-2026,1,745755-june-2026-zone-1-timetable.txt,IG,0653,13,1,3,Combined Science (Multiple Choice - Core),2026-06-03,PM,45m,2026-06-03T21:00Z
june-2026,1,745755-june-2026-zone-1-timetable.txt,IG,0653,23,2,3,Combined Science (Multiple Choice - Extended),2026-06-03,PM,45m,2026-06-03T21:00Z
june-2026,1,745755-june-2026-zone-1-timetable.txt,IG,0654,13,1,3,Co-ordinated Sciences (Double Award) (Multiple Choice - Core),2026-06-03,PM,45m,2026-06-03T21:00Z
june-2026,1,745755-june-2026-zone-1-timetable.txt,IG,0654,23,2,3,,2026-06-03,PM,45m,2026-06-03T21:00Z
june-2026,1,745755-june-2026-zone-1-timetable.txt,AS,9702,13,1,3,Physics (Multiple Choice),2026-06-03,PM,1h 15m,2026-06-03T21:00Z
june-2026,1,745755-june-2026-zone-1-timetable.txt,IG,0445,31,3,1,Design & Technology,2026-06-04,AM,1h,2026-06-04T17:00Z
june-2026,1,745755-june-2026-zone-1-timetable.txt,IG,0452,13,1,3,Accounting (Multiple Choice),2026-06-04,PM,1h 15m,2026-06-04T21:00Z
june-2026,1,745755-june-2026-zone-1-timetable.txt,IG,0445,41,4,1,Design & Technology,2026-06-04,AM,1h,2026-06-04T17:00Z
june-2026,1,745755-june-2026-zone-1-timetable.txt,IG,0520,13,1,3,French (Listening - Multiple Choice),2026-06-04,PM,50m,2026-06-04T21:00Z
june-2026,1,745755-june-2026-zone-1-timetable.txt,IG,0445,51,5,1,Design & Technology,2026-06-04,AM,1h,2026-06-04T17:00Z
june-2026,1,745755-june-2026-zone-1-timetable.txt,AS,9700,13,1,3,Biology (Multiple Choice),2026-06-04,PM,1h 15m,2026-06-04T21:00Z
june-2026,1,745755-june-2026-zone-1-timetable.txt,AS,8027,21,2,1,German Language (Multiple Choice),2026-06-04,AM,1h 30m,2026-06-04T17:00Z
june-2026,1,745755-june-2026-zone-1-timetable.txt,AL,9084,43,4,3,Law,2026-06-04,PM,1h 30m,2026-06-04T21:00Z
june-2026,1,745755-june-2026-zone-1-timetable.txt,IG,0648,11,1,1,Food & Nutrition,2026-06-05,AM,2h,2026-06-05T17:00Z
june-2026,1,745755-june-2026-zone-1-timetable.txt,IG,0455,13,1,3,Economics (Multiple Choice),2026-06-05,PM,45m,2026-06-05T21:00Z
june-2026,1,745755-june-2026-zone-1-timetable.txt,AL,9708,33,3,3,Economics (Multiple Choice),2026-06-05,PM,1h 15m,2026-06-05T21:00Z
june-2026,1,745755-june-2026-zone-1-timetable.txt,IG,0610,13,1,3,Biology (Multiple Choice - Core),2026-06-08,PM,45m,2026-06-08T21:00Z
june-2026,1,745755-june-2026-zone-1-timetable.txt,IG,0610,23,2,3,Biology (Multiple Choice - Extended),2026-06-08,PM,45m,2026-06-08T21:00Z
june-2026,1,745755-june-2026-zone-1-timetable.txt,AS,9708,13,1,3,Economics (Multiple Choice),2026-06-08,PM,1h,2026-06-08T21:00Z
june-2026,1,745755-june-2026-zone-1-timetable.txt,IG,0620,13,1,3,Chemistry (Multiple Choice - Core),2026-06-09,PM,45m,2026-06-09T21:00Z
june-2026,1,745755-june-2026-zone-1-timetable.txt,IG,0620,23,2,3,Chemistry (Multiple Choice - Extended),2026-06-09,PM,45m,2026-06-09T21:00Z
june-2026,2,745756-june-2026-zone-2-timetable.txt,AS,8021,11,1,1,English General Paper,2026-04-23,AM,1h 15m,2026-04-23T13:00Z
june-2026,2,745756-june-2026-zone-2-timetable.txt,AS,9693,11,1,1,Marine Science,2026-04-23,PM,1h 45m,2026-04-23T17:00Z
june-2026,2,745756-june-2026-zone-2-timetable.txt,IG,0493,11,1,1,Islamiyat,2026-04-24,AM,1h 30m,2026-04-24T13:00Z
june-2026,2,745756-june-2026-zone-2-timetable.txt,IG,0509,11,1,1,First Language Chinese,2026-04-24,PM,2h 15m,2026-04-24T17:00Z
june-2026,2,745756-june-2026-zone-2-timetable.txt,IG,0520,41,4,1,French,2026-04-24,AM,1h,2026-04-24T13:00Z
june-2026,2,745756-june-2026-zone-2-timetable.txt,AS,8028,31,3,1,French Language,2026-04-24,PM,1h 30m,2026-04-24T17:00Z
june-2026,2,745756-june-2026-zone-2-timetable.txt,IG,0538,01,0,1,Bahasa Indonesia,2026-04-24,AM,1h 45m,2026-04-24T13:00Z
june-2026,2,745756-june-2026-zone-2-timetable.txt,AL,9898,21,2,1,French Language & Literature,2026-04-24,PM,2h,2026-04-24T17:00Z
june-2026,2,745756-june-2026-zone-2-timetable.txt,IG,0547,41,4,1,Mandarin Chinese,2026-04-24,AM,1h 15m,2026-04-24T13:00Z
june-2026,2,745756-june-2026-zone-2-timetable.txt,IG,0474,11,1,1,Literature in Spanish,2026-04-27,AM,1h 30m,2026-04-27T13:00Z
june-2026,2,745756-june-2026-zone-2-timetable.txt,IG,0499,11,1,1,Sanskrit,2026-04-27,PM,1h 30m,2026-04-27T17:00Z
june-2026,2,745756-june-2026-zone-2-timetable.txt,AS,9093,11,1,1,English Language,2026-04-27,AM,2h 15m,2026-04-27T13:00Z
june-2026,2,745756-june-2026-zone-2-timetable.txt,IG,0509,21,2,1,First Language Chinese,2026-04-27,PM,2h,2026-04-27T17:00Z
june-2026,2,745756-june-2026-zone-2-timetable.txt,IG,0535,11,1,1,Italian (Listening - Multiple Choice),2026-04-27,PM,50m,2026-04-27T17:00Z
june-2026,2,745756-june-2026-zone-2-timetable.txt,IG,0535,41,4,1,Italian,2026-04-27,PM,1h,2026-04-27T17:00Z
june-2026,2,745756-june-2026-zone-2-timetable.txt,IG,0544,21,2,1,Arabic,2026-04-27,PM,1h,2026-04-27T17:00Z
june-2026,2,745756-june-2026-zone-2-timetable.txt,AS,8686,02,0,2,Urdu Language,2026-04-27,PM,1h 45m,2026-04-27T17:00Z
june-2026,2,745756-june-2026-zone-2-timetable.txt,AS,9694,11,1,1,Thinking Skills,2026-04-27,PM,1h 30m,2026-04-27T17:00Z
june-2026,2,745756-june-2026-zone-2-timetable.txt,AL,9844,21,2,1,Spanish Language & Literature,2026-04-27,PM,2h,2026-04-27T17:00Z
june-2026,2,745756-june-2026-zone-2-timetable.txt,IG,0620,31,3,1,Chemistry (Core),2026-04-28,AM,1h 15m,2026-04-28T13:00Z
june-2026,2,745756-june-2026-zone-2-timetable.txt,IG,0525,11,1,1,German (Listening - Multiple Choice),2026-04-28,PM,50m,2026-04-28T17:00Z
june-2026,2,745756-june-2026-zone-2-timetable.txt,IG,0620,41,4,1,Chemistry (Extended),2026-04-28,AM,1h 15m,2026-04-28T13:00Z
june-2026,2,745756-june-2026-zone-2-timetable.txt,IG,0525,41,4,1,German,2026-04-28,PM,1h,2026-04-28T17:00Z
june-2026,2,745756-june-2026-zone-2-timetable.txt,AS,9702,31,3,1,Physics (Practical - Advanced),2026-04-28,AM,2h,2026-04-28T13:00Z
june-2026,2,745756-june-2026-zone-2-timetable.txt,AS,8291,11,1,1,Environmental Management,2026-04-28,PM,1h 45m,2026-04-28T17:00Z
june-2026,2,745756-june-2026-zone-2-timetable.txt,AS,9990,11,1,1,Psychology,2026-04-28,AM,1h 30m,2026-04-28T13:00Z
june-2026,2,745756-june-2026-zone-2-timetable.txt,AS,9693,21,2,1,Marine Science,2026-04-28,PM,1h 45m,2026-04-28T17:00Z
june-2026,2,745756-june-2026-zone-2-timetable.txt,IG,0523,01,0,1,Chinese as a Second Language,2026-04-29,AM,2h,2026-04-29T13:00Z
june-2026,2,745756-june-2026-zone-2-timetable.txt,IG,0580,11,1,1,Mathematics (Without Coursework) (Core),2026-04-29,PM,1h 30m,2026-04-29T17:00Z
june-2026,2,745756-june-2026-zone-2-timetable.txt,IG,0547,11,1,1,Mandarin Chinese (Listening - Multiple Choice),2026-04-29,AM,40m,2026-04-29T13:00Z
june-2026,2,745756-june-2026-zone-2-timetable.txt,IG,0580,21,2,1,Mathematics (Without Coursework) (Extended),2026-04-29,PM,2h,2026-04-29T17:00Z
june-2026,2,745756-june-2026-zone-2-timetable.txt,IG,0607,11,1,1,Cambridge International Mathematics (Core),2026-04-29,AM,1h 15m,2026-04-29T13:00Z
june-2026,2,745756-june-2026-zone-2-timetable.txt,AS,9709,11,1,1,Mathematics (Pure Mathematics 1),2026-04-29,PM,1h 50m,2026-04-29T17:00Z
june-2026,2,745756-june-2026-zone-2-timetable.txt,IG,0607,21,2,1,Cambridge International Mathematics (Extended),2026-04-29,AM,1h 30m,2026-04-29T13:00Z
june-2026,2,745756-june-2026-zone-2-timetable.txt,AS,8021,21,2,1,English General Paper,2026-04-29,AM,1h 45m,2026-04-29T13:00Z
june-2026,2,745756-june-2026-zone-2-timetable.txt,AS,8695,21,2,1,Language & Literature in English,2026-04-29,AM,2h,2026-04-29T13:00Z
june-2026,2,745756-june-2026-zone-2-timetable.txt,AS,9695,11,1,1,Literature in English,2026-04-29,AM,2h,2026-04-29T13:00Z
june-2026,2,745756-june-2026-zone-2-timetable.txt,IG,0610,31,3,1,Biology (Core),2026-04-30,AM,1h 15m,2026-04-30T13:00Z
june-2026,2,745756-june-2026-zone-2-timetable.txt,IG,0499,21,2,1,Sanskrit,2026-04-30,PM,1h 30m,2026-04-30T17:00Z
june-2026,2,745756-june-2026-zone-2-timetable.txt,IG,0610,41,4,1,Biology (Extended),2026-04-30,AM,1h 15m,2026-04-30T13:00Z
june-2026,2,745756-june-2026-zone-2-timetable.txt,IG,0535,21,2,1,Italian,2026-04-30,PM,1h,2026-04-30T17:00Z
june-2026,2,745756-june-2026-zone-2-timetable.txt,AS,9701,31,3,1,Chemistry (Practical - Advanced),2026-04-30,AM,2h,2026-04-30T13:00Z
june-2026,2,745756-june-2026-zone-2-timetable.txt,IG,0539,02,0,2,Urdu as a Second Language (Listening),2026-04-30,PM,45m,2026-04-30T17:00Z
june-2026,2,745756-june-2026-zone-2-timetable.txt,AS,9990,21,2,1,Psychology,2026-04-30,AM,1h 30m,2026-04-30T13:00Z
june-2026,2,745756-june-2026-zone-2-timetable.txt,AS,9395,11,1,1,Travel & Tourism,2026-04-30,PM,2h,2026-04-30T17:00Z
june-2026,2,745756-june-2026-zone-2-timetable.txt,AS,9705,11,1,1,Design & Technology,2026-04-30,PM,2h 15m,2026-04-30T17:00Z
june-2026,2,745756-june-2026-zone-2-timetable.txt,AS,9239,11,1,1,Global Perspectives & Research,2026-05-01,AM,1h 30m,2026-05-01T13:00Z
june-2026,2,745756-june-2026-zone-2-timetable.txt,IG,0409,01,0,1,American History (US),2026-05-01,PM,2h,2026-05-01T17:00Z
june-2026,2,745756-june-2026-zone-2-timetable.txt,AS,8022,31,3,1,Spanish Language,2026-05-01,PM,1h 30m,2026-05-01T17:00Z
june-2026,2,745756-june-2026-zone-2-timetable.txt,AS,9694,21,2,1,Thinking Skills,2026-05-01,PM,1h 45m,2026-05-01T17:00Z
june-2026,2,745756-june-2026-zone-2-timetable.txt,IG,0474,21,2,1,Literature in Spanish,2026-05-04,AM,2h,2026-05-04T13:00Z
june-2026,2,745756-june-2026-zone-2-timetable.txt,IG,0546,21,2,1,Malay,2026-05-04,PM,1h,2026-05-04T17:00Z
june-2026,2,745756-june-2026-zone-2-timetable.txt,IG,0607,31,3,1,Cambridge International Mathematics (Core),2026-05-04,AM,1h 15m,2026-05-04T13:00Z
june-2026,2,745756-june-2026-zone-2-timetable.txt,AS,8291,21,2,1,Environmental Management,2026-05-04,PM,1h 45m,2026-05-04T17:00Z
june-2026,2,745756-june-2026-zone-2-timetable.txt,IG,0607,41,4,1,Cambridge International Mathematics (Extended),2026-05-04,AM,1h 30m,2026-05-04T13:00Z
june-2026,2,745756-june-2026-zone-2-timetable.txt,AL,9693,31,3,1,Marine Science,2026-05-04,PM,1h 45m,2026-05-04T17:00Z
june-2026,2,745756-june-2026-zone-2-timetable.txt,AS,8684,02,0,2,Portuguese Language,2026-05-04,AM,1h 45m,2026-05-04T13:00Z
june-2026,2,745756-june-2026-zone-2-timetable.txt,AS,8695,11,1,1,Language & Literature in English,2026-05-04,AM,2h,2026-05-04T13:00Z
june-2026,2,745756-june-2026-zone-2-timetable.txt,AS,9093,21,2,1,English Language,2026-05-04,AM,2h,2026-05-04T13:00Z
june-2026,2,745756-june-2026-zone-2-timetable.txt,AL,9718,02,0,2,Portuguese,2026-05-04,AM,1h 45m,2026-05-04T13:00Z
june-2026,2,745756-june-2026-zone-2-timetable.txt,IG,0493,21,2,1,Islamiyat,2026-05-05,AM,1h 30m,2026-05-05T13:00Z
june-2026,2,745756-june-2026-zone-2-timetable.txt,IG,0580,31,3,1,Mathematics (Without Coursework) (Core),2026-05-05,PM,1h 30m,2026-05-05T17:00Z
june-2026,2,745756-june-2026-zone-2-timetable.txt,IG,0520,21,2,1,French,2026-05-05,AM,1h,2026-05-05T13:00Z
june-2026,2,745756-june-2026-zone-2-timetable.txt,IG,0580,41,4,1,Mathematics (Without Coursework) (Extended),2026-05-05,PM,2h,2026-05-05T17:00Z
june-2026,2,745756-june-2026-zone-2-timetable.txt,AS,9700,31,3,1,Biology (Practical - Advanced),2026-05-05,AM,2h,2026-05-05T13:00Z
june-2026,2,745756-june-2026-zone-2-timetable.txt,AS,9489,11,1,1,History,2026-05-05,PM,1h 15m,2026-05-05T17:00Z
june-2026,2,745756-june-2026-zone-2-timetable.txt,AS,9609,11,1,1,Business,2026-05-05,PM,1h 15m,2026-05-05T17:00Z
june-2026,2,745756-june-2026-zone-2-timetable.txt,IG,0472,21,2,1,English (as an Additional Language),2026-05-06,AM,1h,2026-05-06T13:00Z
june-2026,2,745756-june-2026-zone-2-timetable.txt,IG,0457,11,1,1,Global Perspectives,2026-05-06,PM,1h 25m,2026-05-06T17:00Z
june-2026,2,745756-june-2026-zone-2-timetable.txt,IG,0472,41,4,1,English (as an Additional Language),2026-05-06,AM,1h,2026-05-06T13:00Z
june-2026,2,745756-june-2026-zone-2-timetable.txt,IG,0460,11,1,1,Geography,2026-05-06,PM,1h 45m,2026-05-06T17:00Z
june-2026,2,745756-june-2026-zone-2-timetable.txt,IG,0500,11,1,1,First Language English (Oral Endorsement),2026-05-06,AM,2h,2026-05-06T13:00Z
june-2026,2,745756-june-2026-zone-2-timetable.txt,AS,9709,21,2,1,Mathematics (Pure Mathematics 2),2026-05-06,PM,1h 15m,2026-05-06T17:00Z
june-2026,2,745756-june-2026-zone-2-timetable.txt,IG,0510,11,1,1,English as a Second Language (Speaking Endorsement),2026-05-06,AM,2h,2026-05-06T13:00Z
june-2026,2,745756-june-2026-zone-2-timetable.txt,AS,9709,41,4,1,Mathematics (Mechanics),2026-05-06,PM,1h 15m,2026-05-06T17:00Z
june-2026,2,745756-june-2026-zone-2-timetable.txt,IG,0511,11,1,1,English as a Second Language (Count-in Speaking),2026-05-06,AM,2h,2026-05-06T13:00Z
june-2026,2,745756-june-2026-zone-2-timetable.txt,AL,9694,31,3,1,Thinking Skills,2026-05-06,PM,2h,2026-05-06T17:00Z
june-2026,2,745756-june-2026-zone-2-timetable.txt,AS,9607,21,2,1,Media Studies,2026-05-06,AM,2h,2026-05-06T13:00Z
june-2026,2,745756-june-2026-zone-2-timetable.txt,AL,9709,61,6,1,Mathematics (Probability & Statistics 2),2026-05-06,PM,1h 15m,2026-05-06T17:00Z
june-2026,2,745756-june-2026-zone-2-timetable.txt,AS,9708,21,2,1,Economics,2026-05-06,AM,2h,2026-05-06T13:00Z
june-2026,2,745756-june-2026-zone-2-timetable.txt,IG,0620,51,5,1,Chemistry (Practical),2026-05-07,AM,1h 15m,2026-05-07T13:00Z
june-2026,2,745756-june-2026-zone-2-timetable.txt,IG,0409,02,0,2,American History (US),2026-05-07,PM,1h 45m,2026-05-07T17:00Z
june-2026,2,745756-june-2026-zone-2-timetable.txt,IG,0620,61,6,1,Chemistry (Alternative to Practical),2026-05-07,AM,1h,2026-05-07T13:00Z
june-2026,2,745756-june-2026-zone-2-timetable.txt,IG,0417,11,1,1,Information & Communication Technology,2026-05-07,PM,1h 30m,2026-05-07T17:00Z
june-2026,2,745756-june-2026-zone-2-timetable.txt,IG,0653,31,3,1,Combined Science (Core),2026-05-07,AM,1h 15m,2026-05-07T13:00Z
june-2026,2,745756-june-2026-zone-2-timetable.txt,IG,0470,11,1,1,History,2026-05-07,PM,2h,2026-05-07T17:00Z
june-2026,2,745756-june-2026-zone-2-timetable.txt,IG,0653,41,4,1,Combined Science (Extended),2026-05-07,AM,1h 15m,2026-05-07T13:00Z
june-2026,2,745756-june-2026-zone-2-timetable.txt,AS,9231,11,1,1,Further Mathematics,2026-05-07,PM,2h,2026-05-07T17:00Z
june-2026,2,745756-june-2026-zone-2-timetable.txt,IG,0654,31,3,1,Co-ordinated Sciences (Double Award) (Core),2026-05-07,AM,2h,2026-05-07T13:00Z
june-2026,2,745756-june-2026-zone-2-timetable.txt,AS,9489,21,2,1,History,2026-05-07,PM,1h 45m,2026-05-07T17:00Z
june-2026,2,745756-june-2026-zone-2-timetable.txt,IG,0654,41,4,1,Co-ordinated Sciences (Double Award) (Extended),2026-05-07,AM,2h,2026-05-07T13:00Z
june-2026,2,745756-june-2026-zone-2-timetable.txt,AL,9693,41,4,1,Marine Science,2026-05-07,PM,1h 45m,2026-05-07T17:00Z
june-2026,2,745756-june-2026-zone-2-timetable.txt,AS,8684,03,0,3,Portuguese Language,2026-05-07,AM,1h 30m,2026-05-07T13:00Z
june-2026,2,745756-june-2026-zone-2-timetable.txt,AL,9705,31,3,1,Design & Technology,2026-05-07,PM,2h 30m,2026-05-07T17:00Z
june-2026,2,745756-june-2026-zone-2-timetable.txt,AS,9696,11,1,1,Geography (Core),2026-05-07,AM,1h 30m,2026-05-07T13:00Z
june-2026,2,745756-june-2026-zone-2-timetable.txt,AL,9701,41,4,1,Chemistry,2026-05-07,AM,2h,2026-05-07T13:00Z
june-2026,2,745756-june-2026-zone-2-timetable.txt,AL,9718,03,0,3,Portuguese,2026-05-07,AM,1h 30m,2026-05-07T13:00Z
june-2026,2,745756-june-2026-zone-2-timetable.txt,IG,0408,21,2,1,World Literature,2026-05-08,AM,1h 15m,2026-05-08T13:00Z
june-2026,2,745756-june-2026-zone-2-timetable.txt,IG,0471,11,1,1,Travel & Tourism,2026-05-08,PM,1h 30m,2026-05-08T17:00Z
june-2026,2,745756-june-2026-zone-2-timetable.txt,IG,0625,31,3,1,Physics (Core),2026-05-08,AM,1h 15m,2026-05-08T13:00Z
june-2026,2,745756-june-2026-zone-2-timetable.txt,IG,0475,11,1,1,Literature in English,2026-05-08,PM,1h 30m,2026-05-08T17:00Z
june-2026,2,745756-june-2026-zone-2-timetable.txt,IG,0625,41,4,1,Physics (Extended),2026-05-08,AM,1h 15m,2026-05-08T13:00Z
june-2026,2,745756-june-2026-zone-2-timetable.txt,AS,8022,11,1,1,Spanish Language (Listening - Multiple Choice),2026-05-08,PM,1h,2026-05-08T17:00Z
june-2026,2,745756-june-2026-zone-2-timetable.txt,AL,9093,31,3,1,English Language,2026-05-08,AM,2h 15m,2026-05-08T13:00Z
june-2026,2,745756-june-2026-zone-2-timetable.txt,AS,9618,11,1,1,Computer Science,2026-05-08,PM,1h 30m,2026-05-08T17:00Z
june-2026,2,745756-june-2026-zone-2-timetable.txt,AL,9700,41,4,1,Biology,2026-05-08,AM,2h,2026-05-08T13:00Z
june-2026,2,745756-june-2026-zone-2-timetable.txt,AS,9626,11,1,1,Information Technology,2026-05-08,PM,1h 45m,2026-05-08T17:00Z
june-2026,2,745756-june-2026-zone-2-timetable.txt,AS,9706,21,2,1,Accounting,2026-05-08,PM,1h 45m,2026-05-08T17:00Z
june-2026,2,745756-june-2026-zone-2-timetable.txt,AL,9844,31,3,1,Spanish Language & Literature,2026-05-08,PM,2h,2026-05-08T17:00Z
june-2026,2,745756-june-2026-zone-2-timetable.txt,IG,0450,11,1,1,Business Studies,2026-05-11,AM,1h 30m,2026-05-11T13:00Z
june-2026,2,745756-june-2026-zone-2-timetable.txt,IG,0475,21,2,1,Literature in English,2026-05-11,PM,1h 30m,2026-05-11T17:00Z
june-2026,2,745756-june-2026-zone-2-timetable.txt,IG,0523,02,0,2,Chinese as a Second Language (Listening),2026-05-11,AM,45m,2026-05-11T13:00Z
june-2026,2,745756-june-2026-zone-2-timetable.txt,IG,0475,31,3,1,Literature in English,2026-05-11,PM,45m,2026-05-11T17:00Z
june-2026,2,745756-june-2026-zone-2-timetable.txt,IG,0547,21,2,1,Mandarin Chinese,2026-05-11,AM,1h 15m,2026-05-11T13:00Z
june-2026,2,745756-june-2026-zone-2-timetable.txt,IG,0475,41,4,1,Literature in English,2026-05-11,PM,1h 15m,2026-05-11T17:00Z
june-2026,2,745756-june-2026-zone-2-timetable.txt,AS,9695,21,2,1,Literature in English,2026-05-11,AM,2h,2026-05-11T13:00Z
june-2026,2,745756-june-2026-zone-2-timetable.txt,AS,8022,21,2,1,Spanish Language (Multiple Choice),2026-05-11,PM,1h 30m,2026-05-11T17:00Z
june-2026,2,745756-june-2026-zone-2-timetable.txt,AL,9702,41,4,1,Physics,2026-05-11,AM,2h,2026-05-11T13:00Z
june-2026,2,745756-june-2026-zone-2-timetable.txt,AS,9609,21,2,1,Business,2026-05-11,PM,1h 30m,2026-05-11T17:00Z
june-2026,2,745756-june-2026-zone-2-timetable.txt,AL,9694,41,4,1,Thinking Skills,2026-05-11,PM,1h 45m,2026-05-11T17:00Z
june-2026,2,745756-june-2026-zone-2-timetable.txt,AL,9844,11,1,1,Spanish Language & Literature (Multiple Choice),2026-05-11,PM,1h 30m,2026-05-11T17:00Z
june-2026,2,745756-june-2026-zone-2-timetable.txt,IG,0610,51,5,1,Biology (Practical),2026-05-12,AM,1h 15m,2026-05-12T13:00Z
june-2026,2,745756-june-2026-zone-2-timetable.txt,IG,0445,11,1,1,Design & Technology,2026-05-12,PM,1h 15m,2026-05-12T17:00Z
june-2026,2,745756-june-2026-zone-2-timetable.txt,IG,0610,61,6,1,Biology (Alternative to Practical),2026-05-12,AM,1h,2026-05-12T13:00Z
june-2026,2,745756-june-2026-zone-2-timetable.txt,IG,0697,11,1,1,Marine Science,2026-05-12,PM,1h 45m,2026-05-12T17:00Z
june-2026,2,745756-june-2026-zone-2-timetable.txt,IG,0653,51,5,1,Combined Science (Practical),2026-05-12,AM,1h 15m,2026-05-12T13:00Z
june-2026,2,745756-june-2026-zone-2-timetable.txt,AS,9699,11,1,1,Sociology,2026-05-12,PM,1h 30m,2026-05-12T17:00Z
june-2026,2,745756-june-2026-zone-2-timetable.txt,IG,0653,61,6,1,Combined Science (Alternative to Practical),2026-05-12,AM,1h,2026-05-12T13:00Z
june-2026,2,745756-june-2026-zone-2-timetable.txt,AS,9709,51,5,1,Mathematics (Probability & Statistics 1),2026-05-12,PM,1h 15m,2026-05-12T17:00Z
june-2026,2,745756-june-2026-zone-2-timetable.txt,IG,0654,51,5,1,Co-ordinated Sciences (Double Award) (Practical),2026-05-12,AM,2h,2026-05-12T13:00Z
june-2026,2,745756-june-2026-zone-2-timetable.txt,IG,0654,61,6,1,Co-ordinated Sciences (Double Award) (Alternative to Practical),2026-05-12,AM,1h 30m,2026-05-12T13:00Z
june-2026,2,745756-june-2026-zone-2-timetable.txt,AS,9696,21,2,1,Geography (Core),2026-05-12,AM,1h 30m,2026-05-12T13:00Z
june-2026,2,745756-june-2026-zone-2-timetable.txt,AL,9990,31,3,1,Psychology,2026-05-12,AM,1h 30m,2026-05-12T13:00Z
june-2026,2,745756-june-2026-zone-2-timetable.txt,IG,0478,11,1,1,Computer Science,2026-05-13,AM,1h 45m,2026-05-13T13:00Z
june-2026,2,745756-june-2026-zone-2-timetable.txt,IG,0460,21,2,1,Geography,2026-05-13,PM,1h 30m,2026-05-13T17:00Z
june-2026,2,745756-june-2026-zone-2-timetable.txt,IG,0607,51,5,1,Cambridge International Mathematics (Core),2026-05-13,AM,1h 15m,2026-05-13T13:00Z
june-2026,2,745756-june-2026-zone-2-timetable.txt,IG,0525,21,2,1,German,2026-05-13,PM,1h,2026-05-13T17:00Z
june-2026,2,745756-june-2026-zone-2-timetable.txt,IG,0607,61,6,1,Cambridge International Mathematics (Extended),2026-05-13,AM,1h 30m,2026-05-13T13:00Z
june-2026,2,745756-june-2026-zone-2-timetable.txt,AS,9618,21,2,1,Computer Science,2026-05-13,PM,2h,2026-05-13T17:00Z
june-2026,2,745756-june-2026-zone-2-timetable.txt,AS,9700,21,2,1,Biology,2026-05-13,AM,1h 15m,2026-05-13T13:00Z
june-2026,2,745756-june-2026-zone-2-timetable.txt,AL,9489,31,3,1,History,2026-05-13,PM,1h 15m,2026-05-13T17:00Z
june-2026,2,745756-june-2026-zone-2-timetable.txt,AL,9700,51,5,1,Biology,2026-05-13,AM,1h 15m,2026-05-13T13:00Z
june-2026,2,745756-june-2026-zone-2-timetable.txt,AL,9609,31,3,1,Business,2026-05-13,PM,1h 45m,2026-05-13T17:00Z
june-2026,2,745756-june-2026-zone-2-timetable.txt,IG,0408,31,3,1,World Literature,2026-05-14,AM,1h 30m,2026-05-14T13:00Z
june-2026,2,745756-june-2026-zone-2-timetable.txt,IG,0539,01,0,1,Urdu as a Second Language,2026-05-14,PM,2h,2026-05-14T17:00Z
june-2026,2,745756-june-2026-zone-2-timetable.txt,AS,9702,32,3,2,Physics (Practical - Advanced),2026-05-14,AM,2h,2026-05-14T13:00Z
june-2026,2,745756-june-2026-zone-2-timetable.txt,IG,0546,41,4,1,Malay,2026-05-14,PM,1h,2026-05-14T17:00Z
june-2026,2,745756-june-2026-zone-2-timetable.txt,AL,9990,41,4,1,Psychology,2026-05-14,AM,1h 30m,2026-05-14T13:00Z
june-2026,2,745756-june-2026-zone-2-timetable.txt,IG,0697,21,2,1,Marine Science,2026-05-14,PM,1h 45m,2026-05-14T17:00Z
june-2026,2,745756-june-2026-zone-2-timetable.txt,AL,9706,31,3,1,Accounting,2026-05-14,PM,1h 30m,2026-05-14T17:00Z
june-2026,2,745756-june-2026-zone-2-timetable.txt,AL,9695,31,3,1,Literature in English,2026-05-15,AM,2h,2026-05-15T13:00Z
june-2026,2,745756-june-2026-zone-2-timetable.txt,IG,0470,21,2,1,History,2026-05-15,PM,1h 45m,2026-05-15T17:00Z
june-2026,2,745756-june-2026-zone-2-timetable.txt,AL,9696,31,3,1,Geography (Advanced),2026-05-15,AM,1h 30m,2026-05-15T13:00Z
june-2026,2,745756-june-2026-zone-2-timetable.txt,IG,0495,11,1,1,Sociology,2026-05-15,PM,2h,2026-05-15T17:00Z
june-2026,2,745756-june-2026-zone-2-timetable.txt,AS,9699,21,2,1,Sociology,2026-05-15,PM,1h 30m,2026-05-15T17:00Z
june-2026,2,745756-june-2026-zone-2-timetable.txt,AL,9709,31,3,1,Mathematics (Pure Mathematics 3),2026-05-15,PM,1h 50m,2026-05-15T17:00Z
june-2026,2,745756-june-2026-zone-2-timetable.txt,IG,0450,21,2,1,Business Studies,2026-05-18,AM,1h 30m,2026-05-18T13:00Z
june-2026,2,745756-june-2026-zone-2-timetable.txt,IG,0470,41,4,1,History,2026-05-18,PM,1h,2026-05-18T17:00Z
june-2026,2,745756-june-2026-zone-2-timetable.txt,IG,0606,11,1,1,Additional Mathematics,2026-05-18,AM,2h,2026-05-18T13:00Z
june-2026,2,745756-june-2026-zone-2-timetable.txt,AS,8028,11,1,1,French Language (Listening - Multiple Choice),2026-05-18,PM,1h,2026-05-18T17:00Z
june-2026,2,745756-june-2026-zone-2-timetable.txt,AS,9701,21,2,1,Chemistry,2026-05-18,AM,1h 15m,2026-05-18T13:00Z
june-2026,2,745756-june-2026-zone-2-timetable.txt,AS,8386,11,1,1,Sport & Physical Education,2026-05-18,PM,1h 45m,2026-05-18T17:00Z
june-2026,2,745756-june-2026-zone-2-timetable.txt,AL,9607,41,4,1,Media Studies,2026-05-18,AM,2h,2026-05-18T13:00Z
june-2026,2,745756-june-2026-zone-2-timetable.txt,AL,9609,41,4,1,Business,2026-05-18,PM,1h 15m,2026-05-18T17:00Z
june-2026,2,745756-june-2026-zone-2-timetable.txt,AL,9701,51,5,1,Chemistry,2026-05-18,AM,1h 15m,2026-05-18T13:00Z
june-2026,2,745756-june-2026-zone-2-timetable.txt,IG,0625,51,5,1,Physics (Practical),2026-05-19,AM,1h 15m,2026-05-19T13:00Z
june-2026,2,745756-june-2026-zone-2-timetable.txt,IG,0471,21,2,1,Travel & Tourism,2026-05-19,PM,2h,2026-05-19T17:00Z
june-2026,2,745756-june-2026-zone-2-timetable.txt,IG,0625,61,6,1,Physics (Alternative to Practical),2026-05-19,AM,1h,2026-05-19T13:00Z
june-2026,2,745756-june-2026-zone-2-timetable.txt,IG,0530,21,2,1,Spanish,2026-05-19,PM,1h,2026-05-19T17:00Z
june-2026,2,745756-june-2026-zone-2-timetable.txt,AL,9093,41,4,1,English Language,2026-05-19,AM,2h 15m,2026-05-19T13:00Z
june-2026,2,745756-june-2026-zone-2-timetable.txt,AL,9395,31,3,1,Travel & Tourism,2026-05-19,PM,1h 30m,2026-05-19T17:00Z
june-2026,2,745756-june-2026-zone-2-timetable.txt,AL,9708,41,4,1,Economics,2026-05-19,AM,2h,2026-05-19T13:00Z
june-2026,2,745756-june-2026-zone-2-timetable.txt,AL,9618,31,3,1,Computer Science (Advanced),2026-05-19,PM,1h 30m,2026-05-19T17:00Z
june-2026,2,745756-june-2026-zone-2-timetable.txt,AL,9626,31,3,1,Information Technology (Advanced),2026-05-19,PM,1h 45m,2026-05-19T17:00Z
june-2026,2,745756-june-2026-zone-2-timetable.txt,IG,0452,21,2,1,Accounting,2026-05-20,AM,1h 45m,2026-05-20T13:00Z
june-2026,2,745756-june-2026-zone-2-timetable.txt,IG,0460,41,4,1,Geography,2026-05-20,PM,1h 30m,2026-05-20T17:00Z
june-2026,2,745756-june-2026-zone-2-timetable.txt,IG,0478,21,2,1,Computer Science,2026-05-20,AM,1h 45m,2026-05-20T13:00Z
june-2026,2,745756-june-2026-zone-2-timetable.txt,AS,8686,03,0,3,Urdu Language,2026-05-20,PM,1h 30m,2026-05-20T17:00Z
june-2026,2,745756-june-2026-zone-2-timetable.txt,AS,9702,21,2,1,Physics,2026-05-20,AM,1h 15m,2026-05-20T13:00Z
june-2026,2,745756-june-2026-zone-2-timetable.txt,AS,9482,11,1,1,Drama,2026-05-20,PM,2h,2026-05-20T17:00Z
june-2026,2,745756-june-2026-zone-2-timetable.txt,AL,9702,51,5,1,Physics,2026-05-20,AM,1h 15m,2026-05-20T13:00Z
june-2026,2,745756-june-2026-zone-2-timetable.txt,AS,9483,11,1,1,Music (Listening),2026-05-20,PM,2h,2026-05-20T17:00Z
june-2026,2,745756-june-2026-zone-2-timetable.txt,AL,9489,41,4,1,History,2026-05-20,PM,1h 45m,2026-05-20T17:00Z
june-2026,2,745756-june-2026-zone-2-timetable.txt,IG,0472,11,1,1,English (as an Additional Language) (Listening - Multiple Choice),2026-05-21,AM,50m,2026-05-21T13:00Z
june-2026,2,745756-june-2026-zone-2-timetable.txt,IG,0410,11,1,1,Music (Listening),2026-05-21,PM,1h 15m,2026-05-21T17:00Z
june-2026,2,745756-june-2026-zone-2-timetable.txt,IG,0500,21,2,1,First Language English (Oral Endorsement),2026-05-21,AM,2h,2026-05-21T13:00Z
june-2026,2,745756-june-2026-zone-2-timetable.txt,IG,0530,11,1,1,Spanish (Listening - Multiple Choice),2026-05-21,PM,50m,2026-05-21T17:00Z
june-2026,2,745756-june-2026-zone-2-timetable.txt,,0530,41,4,1,English as a Second Language (Speaking Endorsement)                                                       IG    Spanish,2026-05-21,PM,1h,2026-05-21T17:00Z
june-2026,2,745756-june-2026-zone-2-timetable.txt,IG,0510,21,2,1,,2026-05-21,AM,50m,2026-05-21T13:00Z
june-2026,2,745756-june-2026-zone-2-timetable.txt,AS,8028,21,2,1,French Language (Multiple Choice),2026-05-21,PM,1h 30m,2026-05-21T17:00Z
june-2026,2,745756-june-2026-zone-2-timetable.txt,IG,0511,21,2,1,English as a Second Language (Count-in Speaking) (Listening),2026-05-21,AM,50m,2026-05-21T13:00Z
june-2026,2,745756-june-2026-zone-2-timetable.txt,AS,9231,31,3,1,Further Mathematics,2026-05-21,PM,1h 30m,2026-05-21T17:00Z
june-2026,2,745756-june-2026-zone-2-timetable.txt,IG,0680,11,1,1,Environmental Management,2026-05-21,AM,1h 45m,2026-05-21T13:00Z
june-2026,2,745756-june-2026-zone-2-timetable.txt,AL,9395,41,4,1,Travel & Tourism,2026-05-21,PM,1h 30m,2026-05-21T17:00Z
june-2026,2,745756-june-2026-zone-2-timetable.txt,AL,9695,41,4,1,Literature in English,2026-05-21,AM,2h,2026-05-21T13:00Z
june-2026,2,745756-june-2026-zone-2-timetable.txt,AL,9706,41,4,1,Accounting,2026-05-21,PM,1h,2026-05-21T17:00Z
june-2026,2,745756-june-2026-zone-2-timetable.txt,AL,9696,41,4,1,Geography (Advanced),2026-05-21,AM,1h 30m,2026-05-21T13:00Z
june-2026,2,745756-june-2026-zone-2-timetable.txt,IG,0455,21,2,1,Economics,2026-05-22,AM,2h 15m,2026-05-22T13:00Z
june-2026,2,745756-june-2026-zone-2-timetable.txt,IG,0413,11,1,1,Physical Education,2026-05-22,PM,1h 45m,2026-05-22T17:00Z
june-2026,2,745756-june-2026-zone-2-timetable.txt,AS,9084,11,1,1,Law,2026-05-22,AM,1h 30m,2026-05-22T13:00Z
june-2026,2,745756-june-2026-zone-2-timetable.txt,IG,0544,11,1,1,Arabic (Listening - Multiple Choice),2026-05-22,PM,50m,2026-05-22T17:00Z
june-2026,2,745756-june-2026-zone-2-timetable.txt,IG,0544,41,4,1,Arabic,2026-05-22,PM,1h,2026-05-22T17:00Z
june-2026,2,745756-june-2026-zone-2-timetable.txt,AS,8027,31,3,1,German Language,2026-05-22,PM,1h 30m,2026-05-22T17:00Z
june-2026,2,745756-june-2026-zone-2-timetable.txt,AL,9897,21,2,1,German Language & Literature,2026-05-22,PM,2h,2026-05-22T17:00Z
june-2026,2,745756-june-2026-zone-2-timetable.txt,IG,0502,11,1,1,First Language Spanish,2026-05-25,AM,2h,2026-05-25T13:00Z
june-2026,2,745756-june-2026-zone-2-timetable.txt,IG,0546,11,1,1,Malay (Listening - Multiple Choice),2026-05-25,PM,50m,2026-05-25T17:00Z
june-2026,2,745756-june-2026-zone-2-timetable.txt,IG,0504,01,0,1,First Language Portuguese,2026-05-25,AM,2h,2026-05-25T13:00Z
june-2026,2,745756-june-2026-zone-2-timetable.txt,AL,9231,21,2,1,Further Mathematics,2026-05-25,PM,2h,2026-05-25T17:00Z
june-2026,2,745756-june-2026-zone-2-timetable.txt,IG,0538,02,0,2,Bahasa Indonesia,2026-05-25,AM,1h 45m,2026-05-25T13:00Z
june-2026,2,745756-june-2026-zone-2-timetable.txt,IG,0606,21,2,1,Additional Mathematics,2026-05-26,AM,2h,2026-05-26T13:00Z
june-2026,2,745756-june-2026-zone-2-timetable.txt,IG,0495,21,2,1,Sociology,2026-05-26,PM,1h 45m,2026-05-26T17:00Z
june-2026,2,745756-june-2026-zone-2-timetable.txt,AS,9700,32,3,2,Biology (Practical - Advanced),2026-05-26,AM,2h,2026-05-26T13:00Z
june-2026,2,745756-june-2026-zone-2-timetable.txt,AL,9699,31,3,1,Sociology,2026-05-26,PM,1h 15m,2026-05-26T17:00Z
june-2026,2,745756-june-2026-zone-2-timetable.txt,AL,9897,31,3,1,German Language & Literature,2026-05-26,PM,2h,2026-05-26T17:00Z
june-2026,2,745756-june-2026-zone-2-timetable.txt,AL,9898,31,3,1,French Language & Literature,2026-05-26,PM,2h,2026-05-26T17:00Z
june-2026,2,745756-june-2026-zone-2-timetable.txt,IG,0502,21,2,1,First Language Spanish,2026-05-28,AM,2h,2026-05-28T13:00Z
june-2026,2,745756-june-2026-zone-2-timetable.txt,AL,9699,41,4,1,Sociology,2026-05-28,PM,1h 45m,2026-05-28T17:00Z
june-2026,2,745756-june-2026-zone-2-timetable.txt,IG,0504,02,0,2,First Language Portuguese,2026-05-28,AM,2h,2026-05-28T13:00Z
june-2026,2,745756-june-2026-zone-2-timetable.txt,AS,9701,32,3,2,Chemistry (Practical - Advanced),2026-05-28,AM,2h,2026-05-28T13:00Z
june-2026,2,745756-june-2026-zone-2-timetable.txt,AS,9084,21,2,1,Law,2026-05-29,AM,1h 30m,2026-05-29T13:00Z
june-2026,2,745756-june-2026-zone-2-timetable.txt,AS,9231,41,4,1,Further Mathematics,2026-05-29,PM,1h 30m,2026-05-29T17:00Z
june-2026,2,745756-june-2026-zone-2-timetable.txt,AL,9898,11,1,1,French Language & Literature (Multiple Choice),2026-05-29,PM,1h 30m,2026-05-29T17:00Z
june-2026,2,745756-june-2026-zone-2-timetable.txt,IG,0680,21,2,1,Environmental Management,2026-06-01,AM,1h 45m,2026-06-01T13:00Z
june-2026,2,745756-june-2026-zone-2-timetable.txt,AL,9084,31,3,1,Law,2026-06-01,AM,1h 30m,2026-06-01T13:00Z
june-2026,2,745756-june-2026-zone-2-timetable.txt,AL,9718,04,0,4,Portuguese,2026-06-01,AM,2h 30m,2026-06-01T13:00Z
june-2026,2,745756-june-2026-zone-2-timetable.txt,AS,9701,11,1,1,Chemistry (Multiple Choice),2026-06-02,AM,1h 15m,2026-06-02T13:00Z
june-2026,2,745756-june-2026-zone-2-timetable.txt,IG,0411,11,1,1,Drama,2026-06-02,PM,2h 30m,2026-06-02T17:00Z
june-2026,2,745756-june-2026-zone-2-timetable.txt,AS,8027,11,1,1,German Language (Listening - Multiple Choice),2026-06-02,PM,1h,2026-06-02T17:00Z
june-2026,2,745756-june-2026-zone-2-timetable.txt,AL,9897,11,1,1,German Language & Literature (Multiple Choice),2026-06-02,PM,1h 30m,2026-06-02T17:00Z
june-2026,2,745756-june-2026-zone-2-timetable.txt,IG,0625,11,1,1,Physics (Multiple Choice - Core),2026-06-03,AM,45m,2026-06-03T13:00Z
june-2026,2,745756-june-2026-zone-2-timetable.txt,IG,0454,11,1,1,Enterprise,2026-06-03,PM,1h 30m,2026-06-03T17:00Z
june-2026,2,745756-june-2026-zone-2-timetable.txt,IG,0625,21,2,1,Physics (Multiple Choice - Extended),2026-06-03,AM,45m,2026-06-03T13:00Z
june-2026,2,745756-june-2026-zone-2-timetable.txt,AS,9706,11,1,1,Accounting (Multiple Choice),2026-06-03,PM,1h,2026-06-03T17:00Z
june-2026,2,745756-june-2026-zone-2-timetable.txt,IG,0653,11,1,1,Combined Science (Multiple Choice - Core),2026-06-03,AM,45m,2026-06-03T13:00Z
june-2026,2,745756-june-2026-zone-2-timetable.txt,IG,0653,21,2,1,Combined Science (Multiple Choice - Extended),2026-06-03,AM,45m,2026-06-03T13:00Z
june-2026,2,745756-june-2026-zone-2-timetable.txt,IG,0654,11,1,1,Co-ordinated Sciences (Double Award) (Multiple Choice - Core),2026-06-03,AM,45m,2026-06-03T13:00Z
june-2026,2,745756-june-2026-zone-2-timetable.txt,IG,0654,21,2,1,,2026-06-03,AM,45m,2026-06-03T13:00Z
june-2026,2,745756-june-2026-zone-2-timetable.txt,AS,9702,11,1,1,Physics (Multiple Choice),2026-06-03,AM,1h 15m,2026-06-03T13:00Z
june-2026,2,745756-june-2026-zone-2-timetable.txt,IG,0452,11,1,1,Accounting (Multiple Choice),2026-06-04,AM,1h 15m,2026-06-04T13:00Z
june-2026,2,745756-june-2026-zone-2-timetable.txt,IG,0445,31,3,1,Design & Technology,2026-06-04,PM,1h,2026-06-04T17:00Z
june-2026,2,745756-june-2026-zone-2-timetable.txt,IG,0520,11,1,1,French (Listening - Multiple Choice),2026-06-04,AM,50m,2026-06-04T13:00Z
june-2026,2,745756-june-2026-zone-2-timetable.txt,IG,0445,41,4,1,Design & Technology,2026-06-04,PM,1h,2026-06-04T17:00Z
june-2026,2,745756-june-2026-zone-2-timetable.txt,AS,9700,11,1,1,Biology (Multiple Choice),2026-06-04,AM,1h 15m,2026-06-04T13:00Z
june-2026,2,745756-june-2026-zone-2-timetable.txt,IG,0445,51,5,1,Design & Technology,2026-06-04,PM,1h,2026-06-04T17:00Z
june-2026,2,745756-june-2026-zone-2-timetable.txt,AL,9084,41,4,1,Law,2026-06-04,AM,1h 30m,2026-06-04T13:00Z
june-2026,2,745756-june-2026-zone-2-timetable.txt,AS,8027,21,2,1,German Language (Multiple Choice),2026-06-04,PM,1h 30m,2026-06-04T17:00Z
june-2026,2,745756-june-2026-zone-2-timetable.txt,IG,0455,11,1,1,Economics (Multiple Choice),2026-06-05,AM,45m,2026-06-05T13:00Z
june-2026,2,745756-june-2026-zone-2-timetable.txt,IG,0648,11,1,1,Food & Nutrition,2026-06-05,PM,2h,2026-06-05T17:00Z
june-2026,2,745756-june-2026-zone-2-timetable.txt,AL,9708,31,3,1,Economics (Multiple Choice),2026-06-05,AM,1h 15m,2026-06-05T13:00Z
june-2026,2,745756-june-2026-zone-2-timetable.txt,IG,0610,11,1,1,Biology (Multiple Choice - Core),2026-06-08,AM,45m,2026-06-08T13:00Z
june-2026,2,745756-june-2026-zone-2-timetable.txt,IG,0610,21,2,1,Biology (Multiple Choice - Extended),2026-06-08,AM,45m,2026-06-08T13:00Z
june-2026,2,745756-june-2026-zone-2-timetable.txt,AS,9708,11,1,1,Economics (Multiple Choice),2026-06-08,AM,1h,2026-06-08T13:00Z
june-2026,2,745756-june-2026-zone-2-timetable.txt,IG,0620,11,1,1,Chemistry (Multiple Choice - Core),2026-06-09,AM,45m,2026-06-09T13:00Z
june-2026,2,745756-june-2026-zone-2-timetable.txt,IG,0620,21,2,1,Chemistry (Multiple Choice - Extended),2026-06-09,AM,45m,2026-06-09T13:00Z
june-2026,3,745758-june-2026-zone-3-timetable.txt,AS,9693,12,1,2,Marine Science,2026-04-23,AM,1h 45m,2026-04-23T09:00Z
june-2026,3,745758-june-2026-zone-3-timetable.txt,AS,8021,11,1,1,English General Paper,2026-04-23,PM,1h 15m,2026-04-23T13:00Z
june-2026,3,745758-june-2026-zone-3-timetable.txt,IG,0262,01,0,1,Swahili,2026-04-24,AM,2h,2026-04-24T09:00Z
june-2026,3,745758-june-2026-zone-3-timetable.txt,IG,0493,11,1,1,Islamiyat,2026-04-24,PM,1h 30m,2026-04-24T13:00Z
june-2026,3,745758-june-2026-zone-3-timetable.txt,IG,0501,01,0,1,First Language French,2026-04-24,AM,2h,2026-04-24T09:00Z
june-2026,3,745758-june-2026-zone-3-timetable.txt,IG,0520,41,4,1,French,2026-04-24,PM,1h,2026-04-24T13:00Z
june-2026,3,745758-june-2026-zone-3-timetable.txt,IG,0509,12,1,2,First Language Chinese,2026-04-24,AM,2h 15m,2026-04-24T09:00Z
june-2026,3,745758-june-2026-zone-3-timetable.txt,IG,0547,41,4,1,Mandarin Chinese,2026-04-24,PM,1h 15m,2026-04-24T13:00Z
june-2026,3,745758-june-2026-zone-3-timetable.txt,IG,0513,01,0,1,First Language Turkish,2026-04-24,AM,2h,2026-04-24T09:00Z
june-2026,3,745758-june-2026-zone-3-timetable.txt,,7156,41,4,1,9-1    French,2026-04-24,PM,1h,2026-04-24T13:00Z
june-2026,3,745758-june-2026-zone-3-timetable.txt,IG,0538,01,0,1,Bahasa Indonesia,2026-04-24,AM,1h 45m,2026-04-24T09:00Z
june-2026,3,745758-june-2026-zone-3-timetable.txt,OL,2058,11,1,1,Islamiyat,2026-04-24,PM,1h 30m,2026-04-24T13:00Z
june-2026,3,745758-june-2026-zone-3-timetable.txt,OL,2068,12,1,2,Islamic Studies,2026-04-24,AM,1h 30m,2026-04-24T09:00Z
june-2026,3,745758-june-2026-zone-3-timetable.txt,AS,9487,01,0,1,Hinduism,2026-04-24,PM,1h 30m,2026-04-24T13:00Z
june-2026,3,745758-june-2026-zone-3-timetable.txt,OL,3204,01,0,1,Bengali,2026-04-24,AM,2h,2026-04-24T09:00Z
june-2026,3,745758-june-2026-zone-3-timetable.txt,OL,3205,01,0,1,Sinhala,2026-04-24,AM,1h 30m,2026-04-24T09:00Z
june-2026,3,745758-june-2026-zone-3-timetable.txt,OL,3226,01,0,1,Tamil,2026-04-24,AM,1h 30m,2026-04-24T09:00Z
june-2026,3,745758-june-2026-zone-3-timetable.txt,AS,8028,32,3,2,French Language,2026-04-24,AM,1h 30m,2026-04-24T09:00Z
june-2026,3,745758-june-2026-zone-3-timetable.txt,AS,8689,22,2,2,Tamil Language,2026-04-24,AM,1h 45m,2026-04-24T09:00Z
june-2026,3,745758-june-2026-zone-3-timetable.txt,AS,9488,12,1,2,Islamic Studies,2026-04-24,AM,1h 30m,2026-04-24T09:00Z
june-2026,3,745758-june-2026-zone-3-timetable.txt,AL,9689,22,2,2,Tamil,2026-04-24,AM,1h 45m,2026-04-24T09:00Z
june-2026,3,745758-june-2026-zone-3-timetable.txt,AL,9898,22,2,2,French Language & Literature,2026-04-24,AM,2h,2026-04-24T09:00Z
june-2026,3,745758-june-2026-zone-3-timetable.txt,IG,0499,12,1,2,Sanskrit,2026-04-27,AM,1h 30m,2026-04-27T09:00Z
june-2026,3,745758-june-2026-zone-3-timetable.txt,IG,0474,11,1,1,Literature in Spanish,2026-04-27,PM,1h 30m,2026-04-27T13:00Z
june-2026,3,745758-june-2026-zone-3-timetable.txt,IG,0509,22,2,2,First Language Chinese,2026-04-27,AM,2h,2026-04-27T09:00Z
june-2026,3,745758-june-2026-zone-3-timetable.txt,OL,1123,21,2,1,English Language,2026-04-27,PM,2h,2026-04-27T13:00Z
june-2026,3,745758-june-2026-zone-3-timetable.txt,IG,0535,12,1,2,Italian (Listening - Multiple Choice),2026-04-27,AM,50m,2026-04-27T09:00Z
june-2026,3,745758-june-2026-zone-3-timetable.txt,AS,9093,11,1,1,English Language,2026-04-27,PM,2h 15m,2026-04-27T13:00Z
june-2026,3,745758-june-2026-zone-3-timetable.txt,IG,0535,42,4,2,Italian,2026-04-27,AM,1h,2026-04-27T09:00Z
june-2026,3,745758-june-2026-zone-3-timetable.txt,IG,0544,22,2,2,Arabic,2026-04-27,AM,1h,2026-04-27T09:00Z
june-2026,3,745758-june-2026-zone-3-timetable.txt,,7164,12,1,2,9-1   Italian (Listening - Multiple Choice),2026-04-27,AM,50m,2026-04-27T09:00Z
june-2026,3,745758-june-2026-zone-3-timetable.txt,,7164,42,4,2,9-1   Italian,2026-04-27,AM,1h,2026-04-27T09:00Z
june-2026,3,745758-june-2026-zone-3-timetable.txt,OL,3226,02,0,2,Tamil,2026-04-27,AM,1h 30m,2026-04-27T09:00Z
june-2026,3,745758-june-2026-zone-3-timetable.txt,OL,3247,01,0,1,First Language Urdu,2026-04-27,AM,1h 30m,2026-04-27T09:00Z
june-2026,3,745758-june-2026-zone-3-timetable.txt,OL,3248,01,0,1,Second Language Urdu,2026-04-27,AM,1h 45m,2026-04-27T09:00Z
june-2026,3,745758-june-2026-zone-3-timetable.txt,AS,8686,02,0,2,Urdu Language,2026-04-27,AM,1h 45m,2026-04-27T09:00Z
june-2026,3,745758-june-2026-zone-3-timetable.txt,AS,9488,22,2,2,Islamic Studies,2026-04-27,AM,1h 30m,2026-04-27T09:00Z
june-2026,3,745758-june-2026-zone-3-timetable.txt,AS,9694,12,1,2,Thinking Skills,2026-04-27,AM,1h 30m,2026-04-27T09:00Z
june-2026,3,745758-june-2026-zone-3-timetable.txt,AL,9689,42,4,2,Tamil,2026-04-27,AM,2h 30m,2026-04-27T09:00Z
june-2026,3,745758-june-2026-zone-3-timetable.txt,AL,9844,22,2,2,Spanish Language & Literature,2026-04-27,AM,2h,2026-04-27T09:00Z
june-2026,3,745758-june-2026-zone-3-timetable.txt,IG,0448,01,0,1,Pakistan Studies,2026-04-28,AM,1h 30m,2026-04-28T09:00Z
june-2026,3,745758-june-2026-zone-3-timetable.txt,IG,0620,31,3,1,Chemistry (Core),2026-04-28,PM,1h 15m,2026-04-28T13:00Z
june-2026,3,745758-june-2026-zone-3-timetable.txt,IG,0525,12,1,2,German (Listening - Multiple Choice),2026-04-28,AM,50m,2026-04-28T09:00Z
june-2026,3,745758-june-2026-zone-3-timetable.txt,IG,0620,41,4,1,Chemistry (Extended),2026-04-28,PM,1h 15m,2026-04-28T13:00Z
june-2026,3,745758-june-2026-zone-3-timetable.txt,IG,0525,42,4,2,German,2026-04-28,AM,1h,2026-04-28T09:00Z
june-2026,3,745758-june-2026-zone-3-timetable.txt,,0971,31,3,1,9-1    Chemistry (Core),2026-04-28,PM,1h 15m,2026-04-28T13:00Z
june-2026,3,745758-june-2026-zone-3-timetable.txt,,7159,12,1,2,9-1   German (Listening - Multiple Choice),2026-04-28,AM,50m,2026-04-28T09:00Z
june-2026,3,745758-june-2026-zone-3-timetable.txt,,0971,41,4,1,9-1    Chemistry (Extended),2026-04-28,PM,1h 15m,2026-04-28T13:00Z
june-2026,3,745758-june-2026-zone-3-timetable.txt,,7159,42,4,2,9-1   German,2026-04-28,AM,1h,2026-04-28T09:00Z
june-2026,3,745758-june-2026-zone-3-timetable.txt,OL,5070,21,2,1,Chemistry,2026-04-28,PM,1h 45m,2026-04-28T13:00Z
june-2026,3,745758-june-2026-zone-3-timetable.txt,OL,2059,01,0,1,Pakistan Studies,2026-04-28,AM,1h 30m,2026-04-28T09:00Z
june-2026,3,745758-june-2026-zone-3-timetable.txt,AS,9702,31,3,1,Physics (Practical - Advanced),2026-04-28,PM,2h,2026-04-28T13:00Z
june-2026,3,745758-june-2026-zone-3-timetable.txt,OL,3204,02,0,2,Bengali,2026-04-28,AM,1h 30m,2026-04-28T09:00Z
june-2026,3,745758-june-2026-zone-3-timetable.txt,AS,9990,11,1,1,Psychology,2026-04-28,PM,1h 30m,2026-04-28T13:00Z
june-2026,3,745758-june-2026-zone-3-timetable.txt,OL,3205,02,0,2,Sinhala,2026-04-28,AM,1h 30m,2026-04-28T09:00Z
june-2026,3,745758-june-2026-zone-3-timetable.txt,AS,8291,12,1,2,Environmental Management,2026-04-28,AM,1h 45m,2026-04-28T09:00Z
june-2026,3,745758-june-2026-zone-3-timetable.txt,AS,9693,22,2,2,Marine Science,2026-04-28,AM,1h 45m,2026-04-28T09:00Z
june-2026,3,745758-june-2026-zone-3-timetable.txt,IG,0523,01,0,1,Chinese as a Second Language,2026-04-29,AM,2h,2026-04-29T09:00Z
june-2026,3,745758-june-2026-zone-3-timetable.txt,IG,0547,11,1,1,Mandarin Chinese (Listening - Multiple Choice),2026-04-29,PM,40m,2026-04-29T13:00Z
june-2026,3,745758-june-2026-zone-3-timetable.txt,IG,0580,12,1,2,Mathematics (Without Coursework) (Core),2026-04-29,AM,1h 30m,2026-04-29T09:00Z
june-2026,3,745758-june-2026-zone-3-timetable.txt,IG,0607,11,1,1,Cambridge International Mathematics (Core),2026-04-29,PM,1h 15m,2026-04-29T13:00Z
june-2026,3,745758-june-2026-zone-3-timetable.txt,IG,0580,22,2,2,Mathematics (Without Coursework) (Extended),2026-04-29,AM,2h,2026-04-29T09:00Z
june-2026,3,745758-june-2026-zone-3-timetable.txt,IG,0607,21,2,1,Cambridge International Mathematics (Extended),2026-04-29,PM,1h 30m,2026-04-29T13:00Z
june-2026,3,745758-june-2026-zone-3-timetable.txt,,0980,12,1,2,9-1   Mathematics (Core),2026-04-29,AM,1h 30m,2026-04-29T09:00Z
june-2026,3,745758-june-2026-zone-3-timetable.txt,AS,8021,21,2,1,English General Paper,2026-04-29,PM,1h 45m,2026-04-29T13:00Z
june-2026,3,745758-june-2026-zone-3-timetable.txt,,0980,22,2,2,9-1   Mathematics (Extended),2026-04-29,AM,2h,2026-04-29T09:00Z
june-2026,3,745758-june-2026-zone-3-timetable.txt,AS,8695,21,2,1,Language & Literature in English,2026-04-29,PM,2h,2026-04-29T13:00Z
june-2026,3,745758-june-2026-zone-3-timetable.txt,OL,4024,12,1,2,Mathematics Syllabus D,2026-04-29,AM,2h,2026-04-29T09:00Z
june-2026,3,745758-june-2026-zone-3-timetable.txt,AS,9695,11,1,1,Literature in English,2026-04-29,PM,2h,2026-04-29T13:00Z
june-2026,3,745758-june-2026-zone-3-timetable.txt,AS,9709,12,1,2,Mathematics (Pure Mathematics 1),2026-04-29,AM,1h 50m,2026-04-29T09:00Z
june-2026,3,745758-june-2026-zone-3-timetable.txt,IG,0499,22,2,2,Sanskrit,2026-04-30,AM,1h 30m,2026-04-30T09:00Z
june-2026,3,745758-june-2026-zone-3-timetable.txt,IG,0610,31,3,1,Biology (Core),2026-04-30,PM,1h 15m,2026-04-30T13:00Z
june-2026,3,745758-june-2026-zone-3-timetable.txt,IG,0518,01,0,1,First Language Thai,2026-04-30,AM,2h,2026-04-30T09:00Z
june-2026,3,745758-june-2026-zone-3-timetable.txt,IG,0610,41,4,1,Biology (Extended),2026-04-30,PM,1h 15m,2026-04-30T13:00Z
june-2026,3,745758-june-2026-zone-3-timetable.txt,IG,0535,22,2,2,Italian,2026-04-30,AM,1h,2026-04-30T09:00Z
june-2026,3,745758-june-2026-zone-3-timetable.txt,,0970,31,3,1,9-1    Biology (Core),2026-04-30,PM,1h 15m,2026-04-30T13:00Z
june-2026,3,745758-june-2026-zone-3-timetable.txt,IG,0539,02,0,2,Urdu as a Second Language (Listening),2026-04-30,AM,45m,2026-04-30T09:00Z
june-2026,3,745758-june-2026-zone-3-timetable.txt,,0970,41,4,1,9-1    Biology (Extended),2026-04-30,PM,1h 15m,2026-04-30T13:00Z
june-2026,3,745758-june-2026-zone-3-timetable.txt,,7164,22,2,2,9-1   Italian,2026-04-30,AM,1h,2026-04-30T09:00Z
june-2026,3,745758-june-2026-zone-3-timetable.txt,OL,5090,21,2,1,Biology,2026-04-30,PM,1h 45m,2026-04-30T13:00Z
june-2026,3,745758-june-2026-zone-3-timetable.txt,OL,3247,02,0,2,First Language Urdu,2026-04-30,AM,2h,2026-04-30T09:00Z
june-2026,3,745758-june-2026-zone-3-timetable.txt,AS,9701,31,3,1,Chemistry (Practical - Advanced),2026-04-30,PM,2h,2026-04-30T13:00Z
june-2026,3,745758-june-2026-zone-3-timetable.txt,OL,3248,02,0,2,Second Language Urdu,2026-04-30,AM,1h 30m,2026-04-30T09:00Z
june-2026,3,745758-june-2026-zone-3-timetable.txt,AS,9990,21,2,1,Psychology,2026-04-30,PM,1h 30m,2026-04-30T13:00Z
june-2026,3,745758-june-2026-zone-3-timetable.txt,AS,8689,32,3,2,Tamil Language,2026-04-30,AM,1h 30m,2026-04-30T09:00Z
june-2026,3,745758-june-2026-zone-3-timetable.txt,AS,9395,12,1,2,Travel & Tourism,2026-04-30,AM,2h,2026-04-30T09:00Z
june-2026,3,745758-june-2026-zone-3-timetable.txt,AS,9705,12,1,2,Design & Technology,2026-04-30,AM,2h 15m,2026-04-30T09:00Z
june-2026,3,745758-june-2026-zone-3-timetable.txt,AL,9689,32,3,2,Tamil,2026-04-30,AM,1h 30m,2026-04-30T09:00Z
june-2026,3,745758-june-2026-zone-3-timetable.txt,AS,8022,32,3,2,Spanish Language,2026-05-01,AM,1h 30m,2026-05-01T09:00Z
june-2026,3,745758-june-2026-zone-3-timetable.txt,AS,9239,11,1,1,Global Perspectives & Research,2026-05-01,PM,1h 30m,2026-05-01T13:00Z
june-2026,3,745758-june-2026-zone-3-timetable.txt,AS,9694,22,2,2,Thinking Skills,2026-05-01,AM,1h 45m,2026-05-01T09:00Z
june-2026,3,745758-june-2026-zone-3-timetable.txt,IG,0262,02,0,2,Swahili (Listening),2026-05-04,AM,45m,2026-05-04T09:00Z
june-2026,3,745758-june-2026-zone-3-timetable.txt,IG,0474,21,2,1,Literature in Spanish,2026-05-04,PM,2h,2026-05-04T13:00Z
june-2026,3,745758-june-2026-zone-3-timetable.txt,IG,0448,02,0,2,Pakistan Studies,2026-05-04,AM,1h 30m,2026-05-04T09:00Z
june-2026,3,745758-june-2026-zone-3-timetable.txt,IG,0607,31,3,1,Cambridge International Mathematics (Core),2026-05-04,PM,1h 15m,2026-05-04T13:00Z
june-2026,3,745758-june-2026-zone-3-timetable.txt,IG,0546,22,2,2,Malay,2026-05-04,AM,1h,2026-05-04T09:00Z
june-2026,3,745758-june-2026-zone-3-timetable.txt,IG,0607,41,4,1,Cambridge International Mathematics (Extended),2026-05-04,PM,1h 30m,2026-05-04T13:00Z
june-2026,3,745758-june-2026-zone-3-timetable.txt,,7180,01,0,1,9-1   Arabic,2026-05-04,AM,1h 30m,2026-05-04T09:00Z
june-2026,3,745758-june-2026-zone-3-timetable.txt,OL,5054,21,2,1,Physics,2026-05-04,PM,1h 45m,2026-05-04T13:00Z
june-2026,3,745758-june-2026-zone-3-timetable.txt,OL,2059,02,0,2,Pakistan Studies,2026-05-04,AM,1h 30m,2026-05-04T09:00Z
june-2026,3,745758-june-2026-zone-3-timetable.txt,AS,8684,02,0,2,Portuguese Language,2026-05-04,PM,1h 45m,2026-05-04T13:00Z
june-2026,3,745758-june-2026-zone-3-timetable.txt,OL,2068,22,2,2,Islamic Studies,2026-05-04,AM,1h 30m,2026-05-04T09:00Z
june-2026,3,745758-june-2026-zone-3-timetable.txt,AS,8695,11,1,1,Language & Literature in English,2026-05-04,PM,2h,2026-05-04T13:00Z
june-2026,3,745758-june-2026-zone-3-timetable.txt,OL,3180,01,0,1,Arabic,2026-05-04,AM,1h 30m,2026-05-04T09:00Z
june-2026,3,745758-june-2026-zone-3-timetable.txt,AS,9093,21,2,1,English Language,2026-05-04,PM,2h,2026-05-04T13:00Z
june-2026,3,745758-june-2026-zone-3-timetable.txt,AS,8291,22,2,2,Environmental Management,2026-05-04,AM,1h 45m,2026-05-04T09:00Z
june-2026,3,745758-june-2026-zone-3-timetable.txt,AL,9718,02,0,2,Portuguese,2026-05-04,PM,1h 45m,2026-05-04T13:00Z
june-2026,3,745758-june-2026-zone-3-timetable.txt,AL,9488,32,3,2,Islamic Studies,2026-05-04,AM,1h 30m,2026-05-04T09:00Z
june-2026,3,745758-june-2026-zone-3-timetable.txt,AL,9693,32,3,2,Marine Science,2026-05-04,AM,1h 45m,2026-05-04T09:00Z
june-2026,3,745758-june-2026-zone-3-timetable.txt,IG,0580,32,3,2,Mathematics (Without Coursework) (Core),2026-05-05,AM,1h 30m,2026-05-05T09:00Z
june-2026,3,745758-june-2026-zone-3-timetable.txt,IG,0493,21,2,1,Islamiyat,2026-05-05,PM,1h 30m,2026-05-05T13:00Z
june-2026,3,745758-june-2026-zone-3-timetable.txt,IG,0580,42,4,2,Mathematics (Without Coursework) (Extended),2026-05-05,AM,2h,2026-05-05T09:00Z
june-2026,3,745758-june-2026-zone-3-timetable.txt,IG,0520,21,2,1,French,2026-05-05,PM,1h,2026-05-05T13:00Z
june-2026,3,745758-june-2026-zone-3-timetable.txt,,0980,32,3,2,9-1   Mathematics (Core),2026-05-05,AM,1h 30m,2026-05-05T09:00Z
june-2026,3,745758-june-2026-zone-3-timetable.txt,,7156,21,2,1,9-1    French,2026-05-05,PM,1h,2026-05-05T13:00Z
june-2026,3,745758-june-2026-zone-3-timetable.txt,,0980,42,4,2,9-1   Mathematics (Extended),2026-05-05,AM,2h,2026-05-05T09:00Z
june-2026,3,745758-june-2026-zone-3-timetable.txt,OL,2058,21,2,1,Islamiyat,2026-05-05,PM,1h 30m,2026-05-05T13:00Z
june-2026,3,745758-june-2026-zone-3-timetable.txt,OL,4024,22,2,2,Mathematics Syllabus D,2026-05-05,AM,2h,2026-05-05T09:00Z
june-2026,3,745758-june-2026-zone-3-timetable.txt,AS,9700,31,3,1,Biology (Practical - Advanced),2026-05-05,PM,2h,2026-05-05T13:00Z
june-2026,3,745758-june-2026-zone-3-timetable.txt,AS,9489,12,1,2,History,2026-05-05,AM,1h 15m,2026-05-05T09:00Z
june-2026,3,745758-june-2026-zone-3-timetable.txt,AS,9609,12,1,2,Business,2026-05-05,AM,1h 15m,2026-05-05T09:00Z
june-2026,3,745758-june-2026-zone-3-timetable.txt,IG,0457,12,1,2,Global Perspectives,2026-05-06,AM,1h 25m,2026-05-06T09:00Z
june-2026,3,745758-june-2026-zone-3-timetable.txt,IG,0472,21,2,1,English (as an Additional Language),2026-05-06,PM,1h,2026-05-06T13:00Z
june-2026,3,745758-june-2026-zone-3-timetable.txt,IG,0460,12,1,2,Geography,2026-05-06,AM,1h 45m,2026-05-06T09:00Z
june-2026,3,745758-june-2026-zone-3-timetable.txt,IG,0472,41,4,1,English (as an Additional Language),2026-05-06,PM,1h,2026-05-06T13:00Z
june-2026,3,745758-june-2026-zone-3-timetable.txt,,0976,12,1,2,9-1   Geography,2026-05-06,AM,1h 45m,2026-05-06T09:00Z
june-2026,3,745758-june-2026-zone-3-timetable.txt,IG,0500,11,1,1,First Language English (Oral Endorsement),2026-05-06,PM,2h,2026-05-06T13:00Z
june-2026,3,745758-june-2026-zone-3-timetable.txt,AS,9709,22,2,2,Mathematics (Pure Mathematics 2),2026-05-06,AM,1h 15m,2026-05-06T09:00Z
june-2026,3,745758-june-2026-zone-3-timetable.txt,IG,0510,11,1,1,English as a Second Language (Speaking Endorsement),2026-05-06,PM,2h,2026-05-06T13:00Z
june-2026,3,745758-june-2026-zone-3-timetable.txt,AS,9709,42,4,2,Mathematics (Mechanics),2026-05-06,AM,1h 15m,2026-05-06T09:00Z
june-2026,3,745758-june-2026-zone-3-timetable.txt,IG,0511,11,1,1,English as a Second Language (Count-in Speaking),2026-05-06,PM,2h,2026-05-06T13:00Z
june-2026,3,745758-june-2026-zone-3-timetable.txt,AL,9694,32,3,2,Thinking Skills,2026-05-06,AM,2h,2026-05-06T09:00Z
june-2026,3,745758-june-2026-zone-3-timetable.txt,,0772,21,2,1,9-1    English (as an Additional Language),2026-05-06,PM,1h,2026-05-06T13:00Z
june-2026,3,745758-june-2026-zone-3-timetable.txt,AL,9709,62,6,2,Mathematics (Probability & Statistics 2),2026-05-06,AM,1h 15m,2026-05-06T09:00Z
june-2026,3,745758-june-2026-zone-3-timetable.txt,,0772,41,4,1,9-1    English (as an Additional Language),2026-05-06,PM,1h,2026-05-06T13:00Z
june-2026,3,745758-june-2026-zone-3-timetable.txt,,0990,11,1,1,9-1    First Language English,2026-05-06,PM,2h,2026-05-06T13:00Z
june-2026,3,745758-june-2026-zone-3-timetable.txt,,0991,11,1,1,9-1    English as a Second Language (Count-in Speaking),2026-05-06,PM,2h,2026-05-06T13:00Z
june-2026,3,745758-june-2026-zone-3-timetable.txt,,0993,11,1,1,9-1    English as a Second Language (Speaking Endorsement),2026-05-06,PM,2h,2026-05-06T13:00Z
june-2026,3,745758-june-2026-zone-3-timetable.txt,OL,1123,11,1,1,English Language,2026-05-06,PM,2h,2026-05-06T13:00Z
june-2026,3,745758-june-2026-zone-3-timetable.txt,AS,9607,21,2,1,Media Studies,2026-05-06,PM,2h,2026-05-06T13:00Z
june-2026,3,745758-june-2026-zone-3-timetable.txt,AS,9708,21,2,1,Economics,2026-05-06,PM,2h,2026-05-06T13:00Z
june-2026,3,745758-june-2026-zone-3-timetable.txt,IG,0417,12,1,2,Information & Communication Technology,2026-05-07,AM,1h 30m,2026-05-07T09:00Z
june-2026,3,745758-june-2026-zone-3-timetable.txt,IG,0620,51,5,1,Chemistry (Practical),2026-05-07,PM,1h 15m,2026-05-07T13:00Z
june-2026,3,745758-june-2026-zone-3-timetable.txt,IG,0470,12,1,2,History,2026-05-07,AM,2h,2026-05-07T09:00Z
june-2026,3,745758-june-2026-zone-3-timetable.txt,IG,0620,61,6,1,Chemistry (Alternative to Practical),2026-05-07,PM,1h,2026-05-07T13:00Z
june-2026,3,745758-june-2026-zone-3-timetable.txt,,0977,12,1,2,9-1   History,2026-05-07,AM,2h,2026-05-07T09:00Z
june-2026,3,745758-june-2026-zone-3-timetable.txt,IG,0653,31,3,1,Combined Science (Core),2026-05-07,PM,1h 15m,2026-05-07T13:00Z
june-2026,3,745758-june-2026-zone-3-timetable.txt,,0983,12,1,2,9-1   Information & Communication Technology,2026-05-07,AM,1h 30m,2026-05-07T09:00Z
june-2026,3,745758-june-2026-zone-3-timetable.txt,IG,0653,41,4,1,Combined Science (Extended),2026-05-07,PM,1h 15m,2026-05-07T13:00Z
june-2026,3,745758-june-2026-zone-3-timetable.txt,OL,2147,12,1,2,History,2026-05-07,AM,2h,2026-05-07T09:00Z
june-2026,3,745758-june-2026-zone-3-timetable.txt,IG,0654,31,3,1,Co-ordinated Sciences (Double Award) (Core),2026-05-07,PM,2h,2026-05-07T13:00Z
june-2026,3,745758-june-2026-zone-3-timetable.txt,OL,5070,31,3,1,Chemistry (Practical),2026-05-07,AM,1h 30m,2026-05-07T09:00Z
june-2026,3,745758-june-2026-zone-3-timetable.txt,IG,0654,41,4,1,Co-ordinated Sciences (Double Award) (Extended),2026-05-07,PM,2h,2026-05-07T13:00Z
june-2026,3,745758-june-2026-zone-3-timetable.txt,OL,5070,41,4,1,Chemistry (Alternative to Practical),2026-05-07,AM,1h,2026-05-07T09:00Z
june-2026,3,745758-june-2026-zone-3-timetable.txt,,0971,51,5,1,9-1    Chemistry (Practical),2026-05-07,PM,1h 15m,2026-05-07T13:00Z
june-2026,3,745758-june-2026-zone-3-timetable.txt,AS,9231,12,1,2,Further Mathematics,2026-05-07,AM,2h,2026-05-07T09:00Z
june-2026,3,745758-june-2026-zone-3-timetable.txt,,0971,61,6,1,9-1    Chemistry (Alternative to Practical),2026-05-07,PM,1h,2026-05-07T13:00Z
june-2026,3,745758-june-2026-zone-3-timetable.txt,AS,9489,22,2,2,History,2026-05-07,AM,1h 45m,2026-05-07T09:00Z
june-2026,3,745758-june-2026-zone-3-timetable.txt,,0973,31,3,1,9-1    Co-ordinated Sciences (Double Award) (Core),2026-05-07,PM,2h,2026-05-07T13:00Z
june-2026,3,745758-june-2026-zone-3-timetable.txt,AL,9488,42,4,2,Islamic Studies,2026-05-07,AM,1h 30m,2026-05-07T09:00Z
june-2026,3,745758-june-2026-zone-3-timetable.txt,,0973,41,4,1,9-1    Co-ordinated Sciences (Double Award) (Extended),2026-05-07,PM,2h,2026-05-07T13:00Z
june-2026,3,745758-june-2026-zone-3-timetable.txt,AL,9693,42,4,2,Marine Science,2026-05-07,AM,1h 45m,2026-05-07T09:00Z
june-2026,3,745758-june-2026-zone-3-timetable.txt,AS,8684,03,0,3,Portuguese Language,2026-05-07,PM,1h 30m,2026-05-07T13:00Z
june-2026,3,745758-june-2026-zone-3-timetable.txt,AL,9705,32,3,2,Design & Technology,2026-05-07,AM,2h 30m,2026-05-07T09:00Z
june-2026,3,745758-june-2026-zone-3-timetable.txt,AS,9696,11,1,1,Geography (Core),2026-05-07,PM,1h 30m,2026-05-07T13:00Z
june-2026,3,745758-june-2026-zone-3-timetable.txt,AL,9701,41,4,1,Chemistry,2026-05-07,PM,2h,2026-05-07T13:00Z
june-2026,3,745758-june-2026-zone-3-timetable.txt,AL,9718,03,0,3,Portuguese,2026-05-07,PM,1h 30m,2026-05-07T13:00Z
june-2026,3,745758-june-2026-zone-3-timetable.txt,IG,0471,12,1,2,Travel & Tourism,2026-05-08,AM,1h 30m,2026-05-08T09:00Z
june-2026,3,745758-june-2026-zone-3-timetable.txt,IG,0408,21,2,1,World Literature,2026-05-08,PM,1h 15m,2026-05-08T13:00Z
june-2026,3,745758-june-2026-zone-3-timetable.txt,IG,0475,12,1,2,Literature in English,2026-05-08,AM,1h 30m,2026-05-08T09:00Z
june-2026,3,745758-june-2026-zone-3-timetable.txt,IG,0625,31,3,1,Physics (Core),2026-05-08,PM,1h 15m,2026-05-08T13:00Z
june-2026,3,745758-june-2026-zone-3-timetable.txt,IG,0480,12,1,2,Latin,2026-05-08,AM,1h 30m,2026-05-08T09:00Z
june-2026,3,745758-june-2026-zone-3-timetable.txt,IG,0625,41,4,1,Physics (Extended),2026-05-08,PM,1h 15m,2026-05-08T13:00Z
june-2026,3,745758-june-2026-zone-3-timetable.txt,,0992,12,1,2,9-1   Literature in English,2026-05-08,AM,1h 30m,2026-05-08T09:00Z
june-2026,3,745758-june-2026-zone-3-timetable.txt,,0972,31,3,1,9-1    Physics (Core),2026-05-08,PM,1h 15m,2026-05-08T13:00Z
june-2026,3,745758-june-2026-zone-3-timetable.txt,OL,2010,12,1,2,Literature in English,2026-05-08,AM,1h 30m,2026-05-08T09:00Z
june-2026,3,745758-june-2026-zone-3-timetable.txt,,0972,41,4,1,9-1    Physics (Extended),2026-05-08,PM,1h 15m,2026-05-08T13:00Z
june-2026,3,745758-june-2026-zone-3-timetable.txt,AS,8022,12,1,2,Spanish Language (Listening - Multiple Choice),2026-05-08,AM,1h,2026-05-08T09:00Z
june-2026,3,745758-june-2026-zone-3-timetable.txt,AL,9093,31,3,1,English Language,2026-05-08,PM,2h 15m,2026-05-08T13:00Z
june-2026,3,745758-june-2026-zone-3-timetable.txt,AS,9618,12,1,2,Computer Science,2026-05-08,AM,1h 30m,2026-05-08T09:00Z
june-2026,3,745758-june-2026-zone-3-timetable.txt,AL,9700,41,4,1,Biology,2026-05-08,PM,2h,2026-05-08T13:00Z
june-2026,3,745758-june-2026-zone-3-timetable.txt,AS,9626,12,1,2,Information Technology,2026-05-08,AM,1h 45m,2026-05-08T09:00Z
june-2026,3,745758-june-2026-zone-3-timetable.txt,AS,9706,22,2,2,Accounting,2026-05-08,AM,1h 45m,2026-05-08T09:00Z
june-2026,3,745758-june-2026-zone-3-timetable.txt,AL,9844,32,3,2,Spanish Language & Literature,2026-05-08,AM,2h,2026-05-08T09:00Z
june-2026,3,745758-june-2026-zone-3-timetable.txt,IG,0475,22,2,2,Literature in English,2026-05-11,AM,1h 30m,2026-05-11T09:00Z
june-2026,3,745758-june-2026-zone-3-timetable.txt,IG,0450,11,1,1,Business Studies,2026-05-11,PM,1h 30m,2026-05-11T13:00Z
june-2026,3,745758-june-2026-zone-3-timetable.txt,IG,0475,32,3,2,Literature in English,2026-05-11,AM,45m,2026-05-11T09:00Z
june-2026,3,745758-june-2026-zone-3-timetable.txt,IG,0523,02,0,2,Chinese as a Second Language (Listening),2026-05-11,PM,45m,2026-05-11T13:00Z
june-2026,3,745758-june-2026-zone-3-timetable.txt,IG,0475,42,4,2,Literature in English,2026-05-11,AM,1h 15m,2026-05-11T09:00Z
june-2026,3,745758-june-2026-zone-3-timetable.txt,IG,0547,21,2,1,Mandarin Chinese,2026-05-11,PM,1h 15m,2026-05-11T13:00Z
june-2026,3,745758-june-2026-zone-3-timetable.txt,,0992,22,2,2,9-1   Literature in English,2026-05-11,AM,1h 30m,2026-05-11T09:00Z
june-2026,3,745758-june-2026-zone-3-timetable.txt,,0986,11,1,1,9-1    Business Studies,2026-05-11,PM,1h 30m,2026-05-11T13:00Z
june-2026,3,745758-june-2026-zone-3-timetable.txt,,0992,32,3,2,9-1   Literature in English,2026-05-11,AM,45m,2026-05-11T09:00Z
june-2026,3,745758-june-2026-zone-3-timetable.txt,OL,7115,11,1,1,Business Studies,2026-05-11,PM,1h 30m,2026-05-11T13:00Z
june-2026,3,745758-june-2026-zone-3-timetable.txt,,0992,42,4,2,9-1   Literature in English,2026-05-11,AM,1h 15m,2026-05-11T09:00Z
june-2026,3,745758-june-2026-zone-3-timetable.txt,AS,9695,21,2,1,Literature in English,2026-05-11,PM,2h,2026-05-11T13:00Z
june-2026,3,745758-june-2026-zone-3-timetable.txt,OL,2010,22,2,2,Literature in English,2026-05-11,AM,1h 30m,2026-05-11T09:00Z
june-2026,3,745758-june-2026-zone-3-timetable.txt,AL,9702,41,4,1,Physics,2026-05-11,PM,2h,2026-05-11T13:00Z
june-2026,3,745758-june-2026-zone-3-timetable.txt,AS,8022,22,2,2,Spanish Language (Multiple Choice),2026-05-11,AM,1h 30m,2026-05-11T09:00Z
june-2026,3,745758-june-2026-zone-3-timetable.txt,AS,9609,22,2,2,Business,2026-05-11,AM,1h 30m,2026-05-11T09:00Z
june-2026,3,745758-june-2026-zone-3-timetable.txt,AL,9694,42,4,2,Thinking Skills,2026-05-11,AM,1h 45m,2026-05-11T09:00Z
june-2026,3,745758-june-2026-zone-3-timetable.txt,AL,9844,12,1,2,Spanish Language & Literature (Multiple Choice),2026-05-11,AM,1h 30m,2026-05-11T09:00Z
june-2026,3,745758-june-2026-zone-3-timetable.txt,IG,0445,12,1,2,Design & Technology,2026-05-12,AM,1h 15m,2026-05-12T09:00Z
june-2026,3,745758-june-2026-zone-3-timetable.txt,IG,0610,51,5,1,Biology (Practical),2026-05-12,PM,1h 15m,2026-05-12T13:00Z
june-2026,3,745758-june-2026-zone-3-timetable.txt,IG,0501,02,0,2,First Language French,2026-05-12,AM,2h,2026-05-12T09:00Z
june-2026,3,745758-june-2026-zone-3-timetable.txt,IG,0610,61,6,1,Biology (Alternative to Practical),2026-05-12,PM,1h,2026-05-12T13:00Z
june-2026,3,745758-june-2026-zone-3-timetable.txt,IG,0697,12,1,2,Marine Science,2026-05-12,AM,1h 45m,2026-05-12T09:00Z
june-2026,3,745758-june-2026-zone-3-timetable.txt,IG,0653,51,5,1,Combined Science (Practical),2026-05-12,PM,1h 15m,2026-05-12T13:00Z
june-2026,3,745758-june-2026-zone-3-timetable.txt,,0979,12,1,2,9-1   Design & Technology,2026-05-12,AM,1h 15m,2026-05-12T09:00Z
june-2026,3,745758-june-2026-zone-3-timetable.txt,IG,0653,61,6,1,Combined Science (Alternative to Practical),2026-05-12,PM,1h,2026-05-12T13:00Z
june-2026,3,745758-june-2026-zone-3-timetable.txt,OL,5090,31,3,1,Biology (Practical),2026-05-12,AM,1h 30m,2026-05-12T09:00Z
june-2026,3,745758-june-2026-zone-3-timetable.txt,IG,0654,51,5,1,Co-ordinated Sciences (Double Award) (Practical),2026-05-12,PM,2h,2026-05-12T13:00Z
june-2026,3,745758-june-2026-zone-3-timetable.txt,OL,5090,41,4,1,Biology (Alternative to Practical),2026-05-12,AM,1h,2026-05-12T09:00Z
june-2026,3,745758-june-2026-zone-3-timetable.txt,IG,0654,61,6,1,Co-ordinated Sciences (Double Award) (Alternative to Practical),2026-05-12,PM,1h 30m,2026-05-12T13:00Z
june-2026,3,745758-june-2026-zone-3-timetable.txt,AS,9699,12,1,2,Sociology,2026-05-12,AM,1h 30m,2026-05-12T09:00Z
june-2026,3,745758-june-2026-zone-3-timetable.txt,,0970,51,5,1,9-1    Biology (Practical),2026-05-12,PM,1h 15m,2026-05-12T13:00Z
june-2026,3,745758-june-2026-zone-3-timetable.txt,AS,9709,52,5,2,Mathematics (Probability & Statistics 1),2026-05-12,AM,1h 15m,2026-05-12T09:00Z
june-2026,3,745758-june-2026-zone-3-timetable.txt,,0970,61,6,1,9-1    Biology (Alternative to Practical),2026-05-12,PM,1h,2026-05-12T13:00Z
june-2026,3,745758-june-2026-zone-3-timetable.txt,,0973,51,5,1,9-1    Co-ordinated Sciences (Double Award) (Practical),2026-05-12,PM,2h,2026-05-12T13:00Z
june-2026,3,745758-june-2026-zone-3-timetable.txt,,0973,61,6,1,9-1    Co-ordinated Sciences (Double Award) (Alternative to Practical),2026-05-12,PM,1h 30m,2026-05-12T13:00Z
june-2026,3,745758-june-2026-zone-3-timetable.txt,AS,9696,21,2,1,Geography (Core),2026-05-12,PM,1h 30m,2026-05-12T13:00Z
june-2026,3,745758-june-2026-zone-3-timetable.txt,AL,9990,31,3,1,Psychology,2026-05-12,PM,1h 30m,2026-05-12T13:00Z
june-2026,3,745758-june-2026-zone-3-timetable.txt,IG,0460,22,2,2,Geography,2026-05-13,AM,1h 30m,2026-05-13T09:00Z
june-2026,3,745758-june-2026-zone-3-timetable.txt,IG,0478,11,1,1,Computer Science,2026-05-13,PM,1h 45m,2026-05-13T13:00Z
june-2026,3,745758-june-2026-zone-3-timetable.txt,IG,0505,01,0,1,First Language German,2026-05-13,AM,2h,2026-05-13T09:00Z
june-2026,3,745758-june-2026-zone-3-timetable.txt,IG,0607,51,5,1,Cambridge International Mathematics (Core),2026-05-13,PM,1h 15m,2026-05-13T13:00Z
june-2026,3,745758-june-2026-zone-3-timetable.txt,IG,0525,22,2,2,German,2026-05-13,AM,1h,2026-05-13T09:00Z
june-2026,3,745758-june-2026-zone-3-timetable.txt,IG,0607,61,6,1,Cambridge International Mathematics (Extended),2026-05-13,PM,1h 30m,2026-05-13T13:00Z
june-2026,3,745758-june-2026-zone-3-timetable.txt,,0976,22,2,2,9-1   Geography,2026-05-13,AM,1h 30m,2026-05-13T09:00Z
june-2026,3,745758-june-2026-zone-3-timetable.txt,,0984,11,1,1,9-1    Computer Science,2026-05-13,PM,1h 45m,2026-05-13T13:00Z
june-2026,3,745758-june-2026-zone-3-timetable.txt,,7159,22,2,2,9-1   German,2026-05-13,AM,1h,2026-05-13T09:00Z
june-2026,3,745758-june-2026-zone-3-timetable.txt,OL,2210,11,1,1,Computer Science,2026-05-13,PM,1h 45m,2026-05-13T13:00Z
june-2026,3,745758-june-2026-zone-3-timetable.txt,AS,9618,22,2,2,Computer Science,2026-05-13,AM,2h,2026-05-13T09:00Z
june-2026,3,745758-june-2026-zone-3-timetable.txt,AS,9700,21,2,1,Biology,2026-05-13,PM,1h 15m,2026-05-13T13:00Z
june-2026,3,745758-june-2026-zone-3-timetable.txt,AL,9489,32,3,2,History,2026-05-13,AM,1h 15m,2026-05-13T09:00Z
june-2026,3,745758-june-2026-zone-3-timetable.txt,AL,9700,51,5,1,Biology,2026-05-13,PM,1h 15m,2026-05-13T13:00Z
june-2026,3,745758-june-2026-zone-3-timetable.txt,AL,9609,32,3,2,Business,2026-05-13,AM,1h 45m,2026-05-13T09:00Z
june-2026,3,745758-june-2026-zone-3-timetable.txt,IG,0508,01,0,1,First Language Arabic,2026-05-14,AM,2h,2026-05-14T09:00Z
june-2026,3,745758-june-2026-zone-3-timetable.txt,IG,0408,31,3,1,World Literature,2026-05-14,PM,1h 30m,2026-05-14T13:00Z
june-2026,3,745758-june-2026-zone-3-timetable.txt,IG,0513,02,0,2,First Language Turkish,2026-05-14,AM,2h,2026-05-14T09:00Z
june-2026,3,745758-june-2026-zone-3-timetable.txt,AS,9702,32,3,2,Physics (Practical - Advanced),2026-05-14,PM,2h,2026-05-14T13:00Z
june-2026,3,745758-june-2026-zone-3-timetable.txt,IG,0518,02,0,2,First Language Thai,2026-05-14,AM,2h,2026-05-14T09:00Z
june-2026,3,745758-june-2026-zone-3-timetable.txt,AL,9990,41,4,1,Psychology,2026-05-14,PM,1h 30m,2026-05-14T13:00Z
june-2026,3,745758-june-2026-zone-3-timetable.txt,IG,0539,01,0,1,Urdu as a Second Language,2026-05-14,AM,2h,2026-05-14T09:00Z
june-2026,3,745758-june-2026-zone-3-timetable.txt,IG,0546,42,4,2,Malay,2026-05-14,AM,1h,2026-05-14T09:00Z
june-2026,3,745758-june-2026-zone-3-timetable.txt,IG,0697,22,2,2,Marine Science,2026-05-14,AM,1h 45m,2026-05-14T09:00Z
june-2026,3,745758-june-2026-zone-3-timetable.txt,,7180,02,0,2,9-1   Arabic,2026-05-14,AM,1h 30m,2026-05-14T09:00Z
june-2026,3,745758-june-2026-zone-3-timetable.txt,,7184,01,0,1,9-1   First Language Arabic,2026-05-14,AM,2h,2026-05-14T09:00Z
june-2026,3,745758-june-2026-zone-3-timetable.txt,OL,3180,02,0,2,Arabic,2026-05-14,AM,1h 30m,2026-05-14T09:00Z
june-2026,3,745758-june-2026-zone-3-timetable.txt,AS,8680,22,2,2,Arabic Language,2026-05-14,AM,1h 45m,2026-05-14T09:00Z
june-2026,3,745758-june-2026-zone-3-timetable.txt,AL,9680,22,2,2,Arabic,2026-05-14,AM,1h 45m,2026-05-14T09:00Z
june-2026,3,745758-june-2026-zone-3-timetable.txt,AL,9706,32,3,2,Accounting,2026-05-14,AM,1h 30m,2026-05-14T09:00Z
june-2026,3,745758-june-2026-zone-3-timetable.txt,IG,0470,22,2,2,History,2026-05-15,AM,1h 45m,2026-05-15T09:00Z
june-2026,3,745758-june-2026-zone-3-timetable.txt,AL,9695,31,3,1,Literature in English,2026-05-15,PM,2h,2026-05-15T13:00Z
june-2026,3,745758-june-2026-zone-3-timetable.txt,IG,0480,22,2,2,Latin,2026-05-15,AM,1h 30m,2026-05-15T09:00Z
june-2026,3,745758-june-2026-zone-3-timetable.txt,AL,9696,31,3,1,Geography (Advanced),2026-05-15,PM,1h 30m,2026-05-15T13:00Z
june-2026,3,745758-june-2026-zone-3-timetable.txt,IG,0495,12,1,2,Sociology,2026-05-15,AM,2h,2026-05-15T09:00Z
june-2026,3,745758-june-2026-zone-3-timetable.txt,,0977,22,2,2,9-1   History,2026-05-15,AM,1h 45m,2026-05-15T09:00Z
june-2026,3,745758-june-2026-zone-3-timetable.txt,OL,2147,22,2,2,History,2026-05-15,AM,1h 45m,2026-05-15T09:00Z
june-2026,3,745758-june-2026-zone-3-timetable.txt,OL,2251,12,1,2,Sociology,2026-05-15,AM,2h,2026-05-15T09:00Z
june-2026,3,745758-june-2026-zone-3-timetable.txt,AS,9699,22,2,2,Sociology,2026-05-15,AM,1h 30m,2026-05-15T09:00Z
june-2026,3,745758-june-2026-zone-3-timetable.txt,AL,9709,32,3,2,Mathematics (Pure Mathematics 3),2026-05-15,AM,1h 50m,2026-05-15T09:00Z
june-2026,3,745758-june-2026-zone-3-timetable.txt,IG,0470,42,4,2,History,2026-05-18,AM,1h,2026-05-18T09:00Z
june-2026,3,745758-june-2026-zone-3-timetable.txt,IG,0450,21,2,1,Business Studies,2026-05-18,PM,1h 30m,2026-05-18T13:00Z
june-2026,3,745758-june-2026-zone-3-timetable.txt,,0977,42,4,2,9-1   History,2026-05-18,AM,1h,2026-05-18T09:00Z
june-2026,3,745758-june-2026-zone-3-timetable.txt,IG,0606,11,1,1,Additional Mathematics,2026-05-18,PM,2h,2026-05-18T13:00Z
june-2026,3,745758-june-2026-zone-3-timetable.txt,AS,8028,12,1,2,French Language (Listening - Multiple Choice),2026-05-18,AM,1h,2026-05-18T09:00Z
june-2026,3,745758-june-2026-zone-3-timetable.txt,,0986,21,2,1,9-1    Business Studies,2026-05-18,PM,1h 30m,2026-05-18T13:00Z
june-2026,3,745758-june-2026-zone-3-timetable.txt,AS,8386,12,1,2,Sport & Physical Education,2026-05-18,AM,1h 45m,2026-05-18T09:00Z
june-2026,3,745758-june-2026-zone-3-timetable.txt,OL,4037,11,1,1,Additional Mathematics,2026-05-18,PM,2h,2026-05-18T13:00Z
june-2026,3,745758-june-2026-zone-3-timetable.txt,AL,9609,42,4,2,Business,2026-05-18,AM,1h 15m,2026-05-18T09:00Z
june-2026,3,745758-june-2026-zone-3-timetable.txt,OL,7115,21,2,1,Business Studies,2026-05-18,PM,1h 30m,2026-05-18T13:00Z
june-2026,3,745758-june-2026-zone-3-timetable.txt,AS,9701,21,2,1,Chemistry,2026-05-18,PM,1h 15m,2026-05-18T13:00Z
june-2026,3,745758-june-2026-zone-3-timetable.txt,AL,9607,41,4,1,Media Studies,2026-05-18,PM,2h,2026-05-18T13:00Z
june-2026,3,745758-june-2026-zone-3-timetable.txt,AL,9701,51,5,1,Chemistry,2026-05-18,PM,1h 15m,2026-05-18T13:00Z
june-2026,3,745758-june-2026-zone-3-timetable.txt,IG,0471,22,2,2,Travel & Tourism,2026-05-19,AM,2h,2026-05-19T09:00Z
june-2026,3,745758-june-2026-zone-3-timetable.txt,IG,0625,51,5,1,Physics (Practical),2026-05-19,PM,1h 15m,2026-05-19T13:00Z
june-2026,3,745758-june-2026-zone-3-timetable.txt,IG,0505,02,0,2,First Language German,2026-05-19,AM,2h,2026-05-19T09:00Z
june-2026,3,745758-june-2026-zone-3-timetable.txt,IG,0625,61,6,1,Physics (Alternative to Practical),2026-05-19,PM,1h,2026-05-19T13:00Z
june-2026,3,745758-june-2026-zone-3-timetable.txt,IG,0530,22,2,2,Spanish,2026-05-19,AM,1h,2026-05-19T09:00Z
june-2026,3,745758-june-2026-zone-3-timetable.txt,,0972,51,5,1,9-1    Physics (Practical),2026-05-19,PM,1h 15m,2026-05-19T13:00Z
june-2026,3,745758-june-2026-zone-3-timetable.txt,,7160,22,2,2,9-1   Spanish,2026-05-19,AM,1h,2026-05-19T09:00Z
june-2026,3,745758-june-2026-zone-3-timetable.txt,,0972,61,6,1,9-1    Physics (Alternative to Practical),2026-05-19,PM,1h,2026-05-19T13:00Z
june-2026,3,745758-june-2026-zone-3-timetable.txt,AL,9395,32,3,2,Travel & Tourism,2026-05-19,AM,1h 30m,2026-05-19T09:00Z
june-2026,3,745758-june-2026-zone-3-timetable.txt,OL,5054,31,3,1,Physics (Practical),2026-05-19,PM,1h 30m,2026-05-19T13:00Z
june-2026,3,745758-june-2026-zone-3-timetable.txt,AL,9618,32,3,2,Computer Science (Advanced),2026-05-19,AM,1h 30m,2026-05-19T09:00Z
june-2026,3,745758-june-2026-zone-3-timetable.txt,OL,5054,41,4,1,Physics (Alternative to Practical),2026-05-19,PM,1h,2026-05-19T13:00Z
june-2026,3,745758-june-2026-zone-3-timetable.txt,AL,9626,32,3,2,Information Technology (Advanced),2026-05-19,AM,1h 45m,2026-05-19T09:00Z
june-2026,3,745758-june-2026-zone-3-timetable.txt,AL,9093,41,4,1,English Language,2026-05-19,PM,2h 15m,2026-05-19T13:00Z
june-2026,3,745758-june-2026-zone-3-timetable.txt,AL,9708,41,4,1,Economics,2026-05-19,PM,2h,2026-05-19T13:00Z
june-2026,3,745758-june-2026-zone-3-timetable.txt,IG,0460,42,4,2,Geography,2026-05-20,AM,1h 30m,2026-05-20T09:00Z
june-2026,3,745758-june-2026-zone-3-timetable.txt,IG,0452,21,2,1,Accounting,2026-05-20,PM,1h 45m,2026-05-20T13:00Z
june-2026,3,745758-june-2026-zone-3-timetable.txt,,0976,42,4,2,9-1   Geography,2026-05-20,AM,1h 30m,2026-05-20T09:00Z
june-2026,3,745758-june-2026-zone-3-timetable.txt,IG,0478,21,2,1,Computer Science,2026-05-20,PM,1h 45m,2026-05-20T13:00Z
june-2026,3,745758-june-2026-zone-3-timetable.txt,AS,8686,03,0,3,Urdu Language,2026-05-20,AM,1h 30m,2026-05-20T09:00Z
june-2026,3,745758-june-2026-zone-3-timetable.txt,,0984,21,2,1,9-1    Computer Science,2026-05-20,PM,1h 45m,2026-05-20T13:00Z
june-2026,3,745758-june-2026-zone-3-timetable.txt,AS,9482,12,1,2,Drama,2026-05-20,AM,2h,2026-05-20T09:00Z
june-2026,3,745758-june-2026-zone-3-timetable.txt,,0985,21,2,1,9-1    Accounting,2026-05-20,PM,1h 45m,2026-05-20T13:00Z
june-2026,3,745758-june-2026-zone-3-timetable.txt,AS,9483,12,1,2,Music (Listening),2026-05-20,AM,2h,2026-05-20T09:00Z
june-2026,3,745758-june-2026-zone-3-timetable.txt,OL,2210,21,2,1,Computer Science,2026-05-20,PM,1h 45m,2026-05-20T13:00Z
june-2026,3,745758-june-2026-zone-3-timetable.txt,AL,9489,42,4,2,History,2026-05-20,AM,1h 45m,2026-05-20T09:00Z
june-2026,3,745758-june-2026-zone-3-timetable.txt,OL,7707,21,2,1,Accounting,2026-05-20,PM,1h 45m,2026-05-20T13:00Z
june-2026,3,745758-june-2026-zone-3-timetable.txt,AS,9702,21,2,1,Physics,2026-05-20,PM,1h 15m,2026-05-20T13:00Z
june-2026,3,745758-june-2026-zone-3-timetable.txt,AL,9702,51,5,1,Physics,2026-05-20,PM,1h 15m,2026-05-20T13:00Z
june-2026,3,745758-june-2026-zone-3-timetable.txt,IG,0410,12,1,2,Music (Listening),2026-05-21,AM,1h 15m,2026-05-21T09:00Z
june-2026,3,745758-june-2026-zone-3-timetable.txt,IG,0472,11,1,1,English (as an Additional Language) (Listening - Multiple Choice),2026-05-21,PM,50m,2026-05-21T13:00Z
june-2026,3,745758-june-2026-zone-3-timetable.txt,IG,0530,12,1,2,Spanish (Listening - Multiple Choice),2026-05-21,AM,50m,2026-05-21T09:00Z
june-2026,3,745758-june-2026-zone-3-timetable.txt,IG,0500,21,2,1,First Language English (Oral Endorsement),2026-05-21,PM,2h,2026-05-21T13:00Z
june-2026,3,745758-june-2026-zone-3-timetable.txt,IG,0530,42,4,2,Spanish,2026-05-21,AM,1h,2026-05-21T09:00Z
june-2026,3,745758-june-2026-zone-3-timetable.txt,IG,0510,21,2,1,,2026-05-21,PM,50m,2026-05-21T13:00Z
june-2026,3,745758-june-2026-zone-3-timetable.txt,,0978,12,1,2,9-1   Music (Listening),2026-05-21,AM,1h 15m,2026-05-21T09:00Z
june-2026,3,745758-june-2026-zone-3-timetable.txt,,7160,12,1,2,9-1   Spanish (Listening - Multiple Choice),2026-05-21,AM,50m,2026-05-21T09:00Z
june-2026,3,745758-june-2026-zone-3-timetable.txt,IG,0511,21,2,1,English as a Second Language (Count-in Speaking) (Listening),2026-05-21,PM,50m,2026-05-21T13:00Z
june-2026,3,745758-june-2026-zone-3-timetable.txt,,7160,42,4,2,9-1   Spanish,2026-05-21,AM,1h,2026-05-21T09:00Z
june-2026,3,745758-june-2026-zone-3-timetable.txt,IG,0680,11,1,1,Environmental Management,2026-05-21,PM,1h 45m,2026-05-21T13:00Z
june-2026,3,745758-june-2026-zone-3-timetable.txt,AS,8028,22,2,2,French Language (Multiple Choice),2026-05-21,AM,1h 30m,2026-05-21T09:00Z
june-2026,3,745758-june-2026-zone-3-timetable.txt,,0772,11,1,1,9-1    English (as an Additional Language) (Listening - Multiple Choice),2026-05-21,PM,50m,2026-05-21T13:00Z
june-2026,3,745758-june-2026-zone-3-timetable.txt,AS,9231,32,3,2,Further Mathematics,2026-05-21,AM,1h 30m,2026-05-21T09:00Z
june-2026,3,745758-june-2026-zone-3-timetable.txt,,0990,21,2,1,9-1    First Language English,2026-05-21,PM,2h,2026-05-21T13:00Z
june-2026,3,745758-june-2026-zone-3-timetable.txt,AL,9395,42,4,2,Travel & Tourism,2026-05-21,AM,1h 30m,2026-05-21T09:00Z
june-2026,3,745758-june-2026-zone-3-timetable.txt,,0991,21,2,1,9-1    English as a Second Language (Count-in Speaking) (Listening),2026-05-21,PM,50m,2026-05-21T13:00Z
june-2026,3,745758-june-2026-zone-3-timetable.txt,AL,9706,42,4,2,Accounting,2026-05-21,AM,1h,2026-05-21T09:00Z
june-2026,3,745758-june-2026-zone-3-timetable.txt,,0993,21,2,1,9-1,2026-05-21,PM,50m,2026-05-21T13:00Z
june-2026,3,745758-june-2026-zone-3-timetable.txt,AL,9695,41,4,1,Literature in English,2026-05-21,PM,2h,2026-05-21T13:00Z
june-2026,3,745758-june-2026-zone-3-timetable.txt,AL,9696,41,4,1,Geography (Advanced),2026-05-21,PM,1h 30m,2026-05-21T13:00Z
june-2026,3,745758-june-2026-zone-3-timetable.txt,IG,0413,12,1,2,Physical Education,2026-05-22,AM,1h 45m,2026-05-22T09:00Z
june-2026,3,745758-june-2026-zone-3-timetable.txt,IG,0455,21,2,1,Economics,2026-05-22,PM,2h 15m,2026-05-22T13:00Z
june-2026,3,745758-june-2026-zone-3-timetable.txt,IG,0508,02,0,2,First Language Arabic,2026-05-22,AM,2h,2026-05-22T09:00Z
june-2026,3,745758-june-2026-zone-3-timetable.txt,,0987,21,2,1,9-1    Economics,2026-05-22,PM,2h 15m,2026-05-22T13:00Z
june-2026,3,745758-june-2026-zone-3-timetable.txt,IG,0544,12,1,2,Arabic (Listening - Multiple Choice),2026-05-22,AM,50m,2026-05-22T09:00Z
june-2026,3,745758-june-2026-zone-3-timetable.txt,OL,2281,21,2,1,Economics,2026-05-22,PM,2h 15m,2026-05-22T13:00Z
june-2026,3,745758-june-2026-zone-3-timetable.txt,IG,0544,42,4,2,Arabic,2026-05-22,AM,1h,2026-05-22T09:00Z
june-2026,3,745758-june-2026-zone-3-timetable.txt,AS,9084,11,1,1,Law,2026-05-22,PM,1h 30m,2026-05-22T13:00Z
june-2026,3,745758-june-2026-zone-3-timetable.txt,,0995,12,1,2,9-1   Physical Education,2026-05-22,AM,1h 45m,2026-05-22T09:00Z
june-2026,3,745758-june-2026-zone-3-timetable.txt,,7184,02,0,2,9-1   First Language Arabic,2026-05-22,AM,2h,2026-05-22T09:00Z
june-2026,3,745758-june-2026-zone-3-timetable.txt,AS,8027,32,3,2,German Language,2026-05-22,AM,1h 30m,2026-05-22T09:00Z
june-2026,3,745758-june-2026-zone-3-timetable.txt,AL,9680,42,4,2,Arabic,2026-05-22,AM,2h 30m,2026-05-22T09:00Z
june-2026,3,745758-june-2026-zone-3-timetable.txt,AL,9897,22,2,2,German Language & Literature,2026-05-22,AM,2h,2026-05-22T09:00Z
june-2026,3,745758-june-2026-zone-3-timetable.txt,IG,0538,02,0,2,Bahasa Indonesia,2026-05-25,AM,1h 45m,2026-05-25T09:00Z
june-2026,3,745758-june-2026-zone-3-timetable.txt,IG,0502,11,1,1,First Language Spanish,2026-05-25,PM,2h,2026-05-25T13:00Z
june-2026,3,745758-june-2026-zone-3-timetable.txt,IG,0546,12,1,2,Malay (Listening - Multiple Choice),2026-05-25,AM,50m,2026-05-25T09:00Z
june-2026,3,745758-june-2026-zone-3-timetable.txt,IG,0504,01,0,1,First Language Portuguese,2026-05-25,PM,2h,2026-05-25T13:00Z
june-2026,3,745758-june-2026-zone-3-timetable.txt,OL,7094,01,0,1,Bangladesh Studies,2026-05-25,AM,1h 30m,2026-05-25T09:00Z
june-2026,3,745758-june-2026-zone-3-timetable.txt,AS,8680,32,3,2,Arabic Language,2026-05-25,AM,1h 30m,2026-05-25T09:00Z
june-2026,3,745758-june-2026-zone-3-timetable.txt,AS,9484,12,1,2,Biblical Studies,2026-05-25,AM,1h 30m,2026-05-25T09:00Z
june-2026,3,745758-june-2026-zone-3-timetable.txt,AL,9231,22,2,2,Further Mathematics,2026-05-25,AM,2h,2026-05-25T09:00Z
june-2026,3,745758-june-2026-zone-3-timetable.txt,AL,9680,32,3,2,Arabic,2026-05-25,AM,1h 30m,2026-05-25T09:00Z
june-2026,3,745758-june-2026-zone-3-timetable.txt,IG,0495,22,2,2,Sociology,2026-05-26,AM,1h 45m,2026-05-26T09:00Z
june-2026,3,745758-june-2026-zone-3-timetable.txt,IG,0606,21,2,1,Additional Mathematics,2026-05-26,PM,2h,2026-05-26T13:00Z
june-2026,3,745758-june-2026-zone-3-timetable.txt,OL,2035,12,1,2,Biblical Studies,2026-05-26,AM,1h 30m,2026-05-26T09:00Z
june-2026,3,745758-june-2026-zone-3-timetable.txt,OL,4037,21,2,1,Additional Mathematics,2026-05-26,PM,2h,2026-05-26T13:00Z
june-2026,3,745758-june-2026-zone-3-timetable.txt,OL,2251,22,2,2,Sociology,2026-05-26,AM,1h 45m,2026-05-26T09:00Z
june-2026,3,745758-june-2026-zone-3-timetable.txt,AS,9700,32,3,2,Biology (Practical - Advanced),2026-05-26,PM,2h,2026-05-26T13:00Z
june-2026,3,745758-june-2026-zone-3-timetable.txt,AL,9699,32,3,2,Sociology,2026-05-26,AM,1h 15m,2026-05-26T09:00Z
june-2026,3,745758-june-2026-zone-3-timetable.txt,AL,9897,32,3,2,German Language & Literature,2026-05-26,AM,2h,2026-05-26T09:00Z
june-2026,3,745758-june-2026-zone-3-timetable.txt,AL,9898,32,3,2,French Language & Literature,2026-05-26,AM,2h,2026-05-26T09:00Z
june-2026,3,745758-june-2026-zone-3-timetable.txt,OL,7100,22,2,2,Commerce,2026-05-28,AM,2h,2026-05-28T09:00Z
june-2026,3,745758-june-2026-zone-3-timetable.txt,IG,0502,21,2,1,First Language Spanish,2026-05-28,PM,2h,2026-05-28T13:00Z
june-2026,3,745758-june-2026-zone-3-timetable.txt,AL,9699,42,4,2,Sociology,2026-05-28,AM,1h 45m,2026-05-28T09:00Z
june-2026,3,745758-june-2026-zone-3-timetable.txt,IG,0504,02,0,2,First Language Portuguese,2026-05-28,PM,2h,2026-05-28T13:00Z
june-2026,3,745758-june-2026-zone-3-timetable.txt,AS,9701,32,3,2,Chemistry (Practical - Advanced),2026-05-28,PM,2h,2026-05-28T13:00Z
june-2026,3,745758-june-2026-zone-3-timetable.txt,OL,2035,22,2,2,Biblical Studies,2026-05-29,AM,1h 30m,2026-05-29T09:00Z
june-2026,3,745758-june-2026-zone-3-timetable.txt,AS,9084,21,2,1,Law,2026-05-29,PM,1h 30m,2026-05-29T13:00Z
june-2026,3,745758-june-2026-zone-3-timetable.txt,AS,9231,42,4,2,Further Mathematics,2026-05-29,AM,1h 30m,2026-05-29T09:00Z
june-2026,3,745758-june-2026-zone-3-timetable.txt,AL,9898,12,1,2,French Language & Literature (Multiple Choice),2026-05-29,AM,1h 30m,2026-05-29T09:00Z
june-2026,3,745758-june-2026-zone-3-timetable.txt,OL,7094,02,0,2,Bangladesh Studies,2026-06-01,AM,1h 30m,2026-06-01T09:00Z
june-2026,3,745758-june-2026-zone-3-timetable.txt,IG,0680,21,2,1,Environmental Management,2026-06-01,PM,1h 45m,2026-06-01T13:00Z
june-2026,3,745758-june-2026-zone-3-timetable.txt,AS,9484,22,2,2,Biblical Studies,2026-06-01,AM,1h 30m,2026-06-01T09:00Z
june-2026,3,745758-june-2026-zone-3-timetable.txt,AS,9487,02,0,2,Hinduism,2026-06-01,PM,1h 30m,2026-06-01T13:00Z
june-2026,3,745758-june-2026-zone-3-timetable.txt,AL,9084,31,3,1,Law,2026-06-01,PM,1h 30m,2026-06-01T13:00Z
june-2026,3,745758-june-2026-zone-3-timetable.txt,AL,9718,04,0,4,Portuguese,2026-06-01,PM,2h 30m,2026-06-01T13:00Z
june-2026,3,745758-june-2026-zone-3-timetable.txt,IG,0411,12,1,2,Drama,2026-06-02,AM,2h 30m,2026-06-02T09:00Z
june-2026,3,745758-june-2026-zone-3-timetable.txt,AS,9701,11,1,1,Chemistry (Multiple Choice),2026-06-02,PM,1h 15m,2026-06-02T13:00Z
june-2026,3,745758-june-2026-zone-3-timetable.txt,,0994,12,1,2,9-1   Drama,2026-06-02,AM,2h 30m,2026-06-02T09:00Z
june-2026,3,745758-june-2026-zone-3-timetable.txt,AS,8027,12,1,2,German Language (Listening - Multiple Choice),2026-06-02,AM,1h,2026-06-02T09:00Z
june-2026,3,745758-june-2026-zone-3-timetable.txt,AL,9680,52,5,2,Arabic,2026-06-02,AM,45m,2026-06-02T09:00Z
june-2026,3,745758-june-2026-zone-3-timetable.txt,AL,9689,52,5,2,Tamil,2026-06-02,AM,45m,2026-06-02T09:00Z
june-2026,3,745758-june-2026-zone-3-timetable.txt,AL,9897,12,1,2,German Language & Literature (Multiple Choice),2026-06-02,AM,1h 30m,2026-06-02T09:00Z
june-2026,3,745758-june-2026-zone-3-timetable.txt,IG,0454,12,1,2,Enterprise,2026-06-03,AM,1h 30m,2026-06-03T09:00Z
june-2026,3,745758-june-2026-zone-3-timetable.txt,IG,0625,11,1,1,Physics (Multiple Choice - Core),2026-06-03,PM,45m,2026-06-03T13:00Z
june-2026,3,745758-june-2026-zone-3-timetable.txt,OL,7100,12,1,2,Commerce (Multiple Choice),2026-06-03,AM,1h,2026-06-03T09:00Z
june-2026,3,745758-june-2026-zone-3-timetable.txt,IG,0625,21,2,1,Physics (Multiple Choice - Extended),2026-06-03,PM,45m,2026-06-03T13:00Z
june-2026,3,745758-june-2026-zone-3-timetable.txt,AS,9706,12,1,2,Accounting (Multiple Choice),2026-06-03,AM,1h,2026-06-03T09:00Z
june-2026,3,745758-june-2026-zone-3-timetable.txt,IG,0653,11,1,1,Combined Science (Multiple Choice - Core),2026-06-03,PM,45m,2026-06-03T13:00Z
june-2026,3,745758-june-2026-zone-3-timetable.txt,AL,9484,32,3,2,Biblical Studies,2026-06-03,AM,1h 30m,2026-06-03T09:00Z
june-2026,3,745758-june-2026-zone-3-timetable.txt,IG,0653,21,2,1,Combined Science (Multiple Choice - Extended),2026-06-03,PM,45m,2026-06-03T13:00Z
june-2026,3,745758-june-2026-zone-3-timetable.txt,IG,0654,11,1,1,Co-ordinated Sciences (Double Award) (Multiple Choice - Core),2026-06-03,PM,45m,2026-06-03T13:00Z
june-2026,3,745758-june-2026-zone-3-timetable.txt,IG,0654,21,2,1,,2026-06-03,PM,45m,2026-06-03T13:00Z
june-2026,3,745758-june-2026-zone-3-timetable.txt,,0972,11,1,1,9-1    Physics (Multiple Choice - Core),2026-06-03,PM,45m,2026-06-03T13:00Z
june-2026,3,745758-june-2026-zone-3-timetable.txt,,0972,21,2,1,9-1    Physics (Multiple Choice - Extended),2026-06-03,PM,45m,2026-06-03T13:00Z
june-2026,3,745758-june-2026-zone-3-timetable.txt,,0973,11,1,1,9-1    Co-ordinated Sciences (Double Award) (Multiple Choice - Core),2026-06-03,PM,45m,2026-06-03T13:00Z
june-2026,3,745758-june-2026-zone-3-timetable.txt,,0973,21,2,1,9-1,2026-06-03,PM,45m,2026-06-03T13:00Z
june-2026,3,745758-june-2026-zone-3-timetable.txt,OL,5054,11,1,1,Physics (Multiple Choice),2026-06-03,PM,1h,2026-06-03T13:00Z
june-2026,3,745758-june-2026-zone-3-timetable.txt,AS,9702,11,1,1,Physics (Multiple Choice),2026-06-03,PM,1h 15m,2026-06-03T13:00Z
june-2026,3,745758-june-2026-zone-3-timetable.txt,AL,9487,03,0,3,Hinduism,2026-06-03,PM,1h 30m,2026-06-03T13:00Z
june-2026,3,745758-june-2026-zone-3-timetable.txt,IG,0445,32,3,2,Design & Technology,2026-06-04,AM,1h,2026-06-04T09:00Z
june-2026,3,745758-june-2026-zone-3-timetable.txt,IG,0452,11,1,1,Accounting (Multiple Choice),2026-06-04,PM,1h 15m,2026-06-04T13:00Z
june-2026,3,745758-june-2026-zone-3-timetable.txt,IG,0445,42,4,2,Design & Technology,2026-06-04,AM,1h,2026-06-04T09:00Z
june-2026,3,745758-june-2026-zone-3-timetable.txt,IG,0520,11,1,1,French (Listening - Multiple Choice),2026-06-04,PM,50m,2026-06-04T13:00Z
june-2026,3,745758-june-2026-zone-3-timetable.txt,IG,0445,52,5,2,Design & Technology,2026-06-04,AM,1h,2026-06-04T09:00Z
june-2026,3,745758-june-2026-zone-3-timetable.txt,,0985,11,1,1,9-1    Accounting (Multiple Choice),2026-06-04,PM,1h 15m,2026-06-04T13:00Z
june-2026,3,745758-june-2026-zone-3-timetable.txt,,0979,32,3,2,9-1   Design & Technology,2026-06-04,AM,1h,2026-06-04T09:00Z
june-2026,3,745758-june-2026-zone-3-timetable.txt,,7156,11,1,1,9-1    French (Listening - Multiple Choice),2026-06-04,PM,50m,2026-06-04T13:00Z
june-2026,3,745758-june-2026-zone-3-timetable.txt,,0979,42,4,2,9-1   Design & Technology,2026-06-04,AM,1h,2026-06-04T09:00Z
june-2026,3,745758-june-2026-zone-3-timetable.txt,OL,7707,11,1,1,Accounting (Multiple Choice),2026-06-04,PM,1h 15m,2026-06-04T13:00Z
june-2026,3,745758-june-2026-zone-3-timetable.txt,,0979,52,5,2,9-1   Design & Technology,2026-06-04,AM,1h,2026-06-04T09:00Z
june-2026,3,745758-june-2026-zone-3-timetable.txt,AS,9700,11,1,1,Biology (Multiple Choice),2026-06-04,PM,1h 15m,2026-06-04T13:00Z
june-2026,3,745758-june-2026-zone-3-timetable.txt,AS,8027,22,2,2,German Language (Multiple Choice),2026-06-04,AM,1h 30m,2026-06-04T09:00Z
june-2026,3,745758-june-2026-zone-3-timetable.txt,AL,9084,41,4,1,Law,2026-06-04,PM,1h 30m,2026-06-04T13:00Z
june-2026,3,745758-june-2026-zone-3-timetable.txt,IG,0648,12,1,2,Food & Nutrition,2026-06-05,AM,2h,2026-06-05T09:00Z
june-2026,3,745758-june-2026-zone-3-timetable.txt,IG,0455,11,1,1,Economics (Multiple Choice),2026-06-05,PM,45m,2026-06-05T13:00Z
june-2026,3,745758-june-2026-zone-3-timetable.txt,OL,6065,12,1,2,Food & Nutrition,2026-06-05,AM,2h,2026-06-05T09:00Z
june-2026,3,745758-june-2026-zone-3-timetable.txt,,0987,11,1,1,9-1    Economics (Multiple Choice),2026-06-05,PM,45m,2026-06-05T13:00Z
june-2026,3,745758-june-2026-zone-3-timetable.txt,AL,9484,42,4,2,Biblical Studies,2026-06-05,AM,1h 30m,2026-06-05T09:00Z
june-2026,3,745758-june-2026-zone-3-timetable.txt,OL,2281,11,1,1,Economics (Multiple Choice),2026-06-05,PM,45m,2026-06-05T13:00Z
june-2026,3,745758-june-2026-zone-3-timetable.txt,AL,9708,31,3,1,Economics (Multiple Choice),2026-06-05,PM,1h 15m,2026-06-05T13:00Z
june-2026,3,745758-june-2026-zone-3-timetable.txt,IG,0610,11,1,1,Biology (Multiple Choice - Core),2026-06-08,PM,45m,2026-06-08T13:00Z
june-2026,3,745758-june-2026-zone-3-timetable.txt,IG,0610,21,2,1,Biology (Multiple Choice - Extended),2026-06-08,PM,45m,2026-06-08T13:00Z
june-2026,3,745758-june-2026-zone-3-timetable.txt,,0970,11,1,1,9-1    Biology (Multiple Choice - Core),2026-06-08,PM,45m,2026-06-08T13:00Z
june-2026,3,745758-june-2026-zone-3-timetable.txt,,0970,21,2,1,9-1    Biology (Multiple Choice - Extended),2026-06-08,PM,45m,2026-06-08T13:00Z
june-2026,3,745758-june-2026-zone-3-timetable.txt,OL,5090,11,1,1,Biology (Multiple Choice),2026-06-08,PM,1h,2026-06-08T13:00Z
june-2026,3,745758-june-2026-zone-3-timetable.txt,AS,9708,11,1,1,Economics (Multiple Choice),2026-06-08,PM,1h,2026-06-08T13:00Z
june-2026,3,745758-june-2026-zone-3-timetable.txt,AL,9487,04,0,4,Hinduism,2026-06-08,PM,1h 30m,2026-06-08T13:00Z
june-2026,3,745758-june-2026-zone-3-timetable.txt,IG,0620,11,1,1,Chemistry (Multiple Choice - Core),2026-06-09,PM,45m,2026-06-09T13:00Z
june-2026,3,745758-june-2026-zone-3-timetable.txt,IG,0620,21,2,1,Chemistry (Multiple Choice - Extended),2026-06-09,PM,45m,2026-06-09T13:00Z
june-2026,3,745758-june-2026-zone-3-timetable.txt,,0971,11,1,1,9-1    Chemistry (Multiple Choice - Core),2026-06-09,PM,45m,2026-06-09T13:00Z
june-2026,3,745758-june-2026-zone-3-timetable.txt,,0971,21,2,1,9-1    Chemistry (Multiple Choice - Extended),2026-06-09,PM,45m,2026-06-09T13:00Z
june-2026,3,745758-june-2026-zone-3-timetable.txt,OL,5070,11,1,1,Chemistry (Multiple Choice),2026-06-09,PM,1h,2026-06-09T13:00Z
june-2026,4,745759-june-2026-zone-4-timetable.txt,AS,9693,12,1,2,Marine Science,2026-04-23,PM,1h 45m,2026-04-23T09:00Z
june-2026,4,745759-june-2026-zone-4-timetable.txt,IG,0493,12,1,2,Islamiyat,2026-04-24,AM,1h 30m,2026-04-24T05:00Z
june-2026,4,745759-june-2026-zone-4-timetable.txt,IG,0262,01,0,1,Swahili,2026-04-24,PM,2h,2026-04-24T09:00Z
june-2026,4,745759-june-2026-zone-4-timetable.txt,IG,0520,42,4,2,French,2026-04-24,AM,1h,2026-04-24T05:00Z
june-2026,4,745759-june-2026-zone-4-timetable.txt,IG,0501,01,0,1,First Language French,2026-04-24,PM,2h,2026-04-24T09:00Z
june-2026,4,745759-june-2026-zone-4-timetable.txt,IG,0538,01,0,1,Bahasa Indonesia,2026-04-24,AM,1h 45m,2026-04-24T05:00Z
june-2026,4,745759-june-2026-zone-4-timetable.txt,IG,0509,12,1,2,First Language Chinese,2026-04-24,PM,2h 15m,2026-04-24T09:00Z
june-2026,4,745759-june-2026-zone-4-timetable.txt,IG,0547,42,4,2,Mandarin Chinese,2026-04-24,AM,1h 15m,2026-04-24T05:00Z
june-2026,4,745759-june-2026-zone-4-timetable.txt,IG,0513,01,0,1,First Language Turkish,2026-04-24,PM,2h,2026-04-24T09:00Z
june-2026,4,745759-june-2026-zone-4-timetable.txt,OL,2058,12,1,2,Islamiyat,2026-04-24,AM,1h 30m,2026-04-24T05:00Z
june-2026,4,745759-june-2026-zone-4-timetable.txt,OL,2068,12,1,2,Islamic Studies,2026-04-24,PM,1h 30m,2026-04-24T09:00Z
june-2026,4,745759-june-2026-zone-4-timetable.txt,OL,3204,01,0,1,Bengali,2026-04-24,PM,2h,2026-04-24T09:00Z
june-2026,4,745759-june-2026-zone-4-timetable.txt,OL,3205,01,0,1,Sinhala,2026-04-24,PM,1h 30m,2026-04-24T09:00Z
june-2026,4,745759-june-2026-zone-4-timetable.txt,OL,3226,01,0,1,Tamil,2026-04-24,PM,1h 30m,2026-04-24T09:00Z
june-2026,4,745759-june-2026-zone-4-timetable.txt,AS,8028,32,3,2,French Language,2026-04-24,PM,1h 30m,2026-04-24T09:00Z
june-2026,4,745759-june-2026-zone-4-timetable.txt,AS,8689,22,2,2,Tamil Language,2026-04-24,PM,1h 45m,2026-04-24T09:00Z
june-2026,4,745759-june-2026-zone-4-timetable.txt,AS,9488,12,1,2,Islamic Studies,2026-04-24,PM,1h 30m,2026-04-24T09:00Z
june-2026,4,745759-june-2026-zone-4-timetable.txt,AL,9689,22,2,2,Tamil,2026-04-24,PM,1h 45m,2026-04-24T09:00Z
june-2026,4,745759-june-2026-zone-4-timetable.txt,AL,9898,22,2,2,French Language & Literature,2026-04-24,PM,2h,2026-04-24T09:00Z
june-2026,4,745759-june-2026-zone-4-timetable.txt,AS,9487,01,0,1,Hinduism,2026-04-24,EV,1h 30m,2026-04-24T13:00Z
june-2026,4,745759-june-2026-zone-4-timetable.txt,IG,0607,12,1,2,Cambridge International Mathematics (Core),2026-04-27,AM,1h 15m,2026-04-27T05:00Z
june-2026,4,745759-june-2026-zone-4-timetable.txt,IG,0499,12,1,2,Sanskrit,2026-04-27,PM,1h 30m,2026-04-27T09:00Z
june-2026,4,745759-june-2026-zone-4-timetable.txt,IG,0607,22,2,2,Cambridge International Mathematics (Extended),2026-04-27,AM,1h 30m,2026-04-27T05:00Z
june-2026,4,745759-june-2026-zone-4-timetable.txt,IG,0509,22,2,2,First Language Chinese,2026-04-27,PM,2h,2026-04-27T09:00Z
june-2026,4,745759-june-2026-zone-4-timetable.txt,IG,0696,01,0,1,First Language Malay,2026-04-27,AM,2h,2026-04-27T05:00Z
june-2026,4,745759-june-2026-zone-4-timetable.txt,IG,0535,12,1,2,Italian (Listening - Multiple Choice),2026-04-27,PM,50m,2026-04-27T09:00Z
june-2026,4,745759-june-2026-zone-4-timetable.txt,OL,1123,22,2,2,English Language,2026-04-27,AM,2h,2026-04-27T05:00Z
june-2026,4,745759-june-2026-zone-4-timetable.txt,IG,0535,42,4,2,Italian,2026-04-27,PM,1h,2026-04-27T09:00Z
june-2026,4,745759-june-2026-zone-4-timetable.txt,AS,8021,12,1,2,English General Paper,2026-04-27,AM,1h 15m,2026-04-27T05:00Z
june-2026,4,745759-june-2026-zone-4-timetable.txt,IG,0544,22,2,2,Arabic,2026-04-27,PM,1h,2026-04-27T09:00Z
june-2026,4,745759-june-2026-zone-4-timetable.txt,AS,8238,32,3,2,Chinese Language,2026-04-27,AM,1h 30m,2026-04-27T05:00Z
june-2026,4,745759-june-2026-zone-4-timetable.txt,OL,3226,02,0,2,Tamil,2026-04-27,PM,1h 30m,2026-04-27T09:00Z
june-2026,4,745759-june-2026-zone-4-timetable.txt,AS,9093,12,1,2,English Language,2026-04-27,AM,2h 15m,2026-04-27T05:00Z
june-2026,4,745759-june-2026-zone-4-timetable.txt,OL,3247,01,0,1,First Language Urdu,2026-04-27,PM,1h 30m,2026-04-27T09:00Z
june-2026,4,745759-june-2026-zone-4-timetable.txt,AL,9868,22,2,2,Chinese Language & Literature,2026-04-27,AM,2h,2026-04-27T05:00Z
june-2026,4,745759-june-2026-zone-4-timetable.txt,OL,3248,01,0,1,Second Language Urdu,2026-04-27,PM,1h 45m,2026-04-27T09:00Z
june-2026,4,745759-june-2026-zone-4-timetable.txt,AS,8686,02,0,2,Urdu Language,2026-04-27,PM,1h 45m,2026-04-27T09:00Z
june-2026,4,745759-june-2026-zone-4-timetable.txt,AS,9488,22,2,2,Islamic Studies,2026-04-27,PM,1h 30m,2026-04-27T09:00Z
june-2026,4,745759-june-2026-zone-4-timetable.txt,AS,9694,12,1,2,Thinking Skills,2026-04-27,PM,1h 30m,2026-04-27T09:00Z
june-2026,4,745759-june-2026-zone-4-timetable.txt,AL,9686,02,0,2,Urdu,2026-04-27,PM,1h 45m,2026-04-27T09:00Z
june-2026,4,745759-june-2026-zone-4-timetable.txt,AL,9689,42,4,2,Tamil,2026-04-27,PM,2h 30m,2026-04-27T09:00Z
june-2026,4,745759-june-2026-zone-4-timetable.txt,AL,9844,22,2,2,Spanish Language & Literature,2026-04-27,PM,2h,2026-04-27T09:00Z
june-2026,4,745759-june-2026-zone-4-timetable.txt,IG,0474,12,1,2,Literature in Spanish,2026-04-28,AM,1h 30m,2026-04-28T05:00Z
june-2026,4,745759-june-2026-zone-4-timetable.txt,IG,0448,01,0,1,Pakistan Studies,2026-04-28,PM,1h 30m,2026-04-28T09:00Z
june-2026,4,745759-june-2026-zone-4-timetable.txt,IG,0620,32,3,2,Chemistry (Core),2026-04-28,AM,1h 15m,2026-04-28T05:00Z
june-2026,4,745759-june-2026-zone-4-timetable.txt,IG,0525,12,1,2,German (Listening - Multiple Choice),2026-04-28,PM,50m,2026-04-28T09:00Z
june-2026,4,745759-june-2026-zone-4-timetable.txt,IG,0620,42,4,2,Chemistry (Extended),2026-04-28,AM,1h 15m,2026-04-28T05:00Z
june-2026,4,745759-june-2026-zone-4-timetable.txt,IG,0525,42,4,2,German,2026-04-28,PM,1h,2026-04-28T09:00Z
june-2026,4,745759-june-2026-zone-4-timetable.txt,OL,5070,22,2,2,Chemistry,2026-04-28,AM,1h 45m,2026-04-28T05:00Z
june-2026,4,745759-june-2026-zone-4-timetable.txt,OL,2059,01,0,1,Pakistan Studies,2026-04-28,PM,1h 30m,2026-04-28T09:00Z
june-2026,4,745759-june-2026-zone-4-timetable.txt,AS,9702,33,3,3,Physics (Practical - Advanced),2026-04-28,AM,2h,2026-04-28T05:00Z
june-2026,4,745759-june-2026-zone-4-timetable.txt,OL,3204,02,0,2,Bengali,2026-04-28,PM,1h 30m,2026-04-28T09:00Z
june-2026,4,745759-june-2026-zone-4-timetable.txt,AS,9990,12,1,2,Psychology,2026-04-28,AM,1h 30m,2026-04-28T05:00Z
june-2026,4,745759-june-2026-zone-4-timetable.txt,OL,3205,02,0,2,Sinhala,2026-04-28,PM,1h 30m,2026-04-28T09:00Z
june-2026,4,745759-june-2026-zone-4-timetable.txt,AS,8291,12,1,2,Environmental Management,2026-04-28,PM,1h 45m,2026-04-28T09:00Z
june-2026,4,745759-june-2026-zone-4-timetable.txt,AS,9693,22,2,2,Marine Science,2026-04-28,PM,1h 45m,2026-04-28T09:00Z
june-2026,4,745759-june-2026-zone-4-timetable.txt,IG,0523,01,0,1,Chinese as a Second Language,2026-04-29,AM,2h,2026-04-29T05:00Z
june-2026,4,745759-june-2026-zone-4-timetable.txt,IG,0580,12,1,2,Mathematics (Without Coursework) (Core),2026-04-29,PM,1h 30m,2026-04-29T09:00Z
june-2026,4,745759-june-2026-zone-4-timetable.txt,IG,0547,12,1,2,Mandarin Chinese (Listening - Multiple Choice),2026-04-29,AM,40m,2026-04-29T05:00Z
june-2026,4,745759-june-2026-zone-4-timetable.txt,IG,0580,22,2,2,Mathematics (Without Coursework) (Extended),2026-04-29,PM,2h,2026-04-29T09:00Z
june-2026,4,745759-june-2026-zone-4-timetable.txt,IG,0607,32,3,2,Cambridge International Mathematics (Core),2026-04-29,AM,1h 15m,2026-04-29T05:00Z
june-2026,4,745759-june-2026-zone-4-timetable.txt,OL,4024,12,1,2,Mathematics Syllabus D,2026-04-29,PM,2h,2026-04-29T09:00Z
june-2026,4,745759-june-2026-zone-4-timetable.txt,IG,0607,42,4,2,Cambridge International Mathematics (Extended),2026-04-29,AM,1h 30m,2026-04-29T05:00Z
june-2026,4,745759-june-2026-zone-4-timetable.txt,AS,9709,12,1,2,Mathematics (Pure Mathematics 1),2026-04-29,PM,1h 50m,2026-04-29T09:00Z
june-2026,4,745759-june-2026-zone-4-timetable.txt,AS,8695,22,2,2,Language & Literature in English,2026-04-29,AM,2h,2026-04-29T05:00Z
june-2026,4,745759-june-2026-zone-4-timetable.txt,AS,9695,12,1,2,Literature in English,2026-04-29,AM,2h,2026-04-29T05:00Z
june-2026,4,745759-june-2026-zone-4-timetable.txt,AL,9868,32,3,2,Chinese Language & Literature,2026-04-29,AM,2h,2026-04-29T05:00Z
june-2026,4,745759-june-2026-zone-4-timetable.txt,IG,0610,32,3,2,Biology (Core),2026-04-30,AM,1h 15m,2026-04-30T05:00Z
june-2026,4,745759-june-2026-zone-4-timetable.txt,IG,0499,22,2,2,Sanskrit,2026-04-30,PM,1h 30m,2026-04-30T09:00Z
june-2026,4,745759-june-2026-zone-4-timetable.txt,IG,0610,42,4,2,Biology (Extended),2026-04-30,AM,1h 15m,2026-04-30T05:00Z
june-2026,4,745759-june-2026-zone-4-timetable.txt,IG,0518,01,0,1,First Language Thai,2026-04-30,PM,2h,2026-04-30T09:00Z
june-2026,4,745759-june-2026-zone-4-timetable.txt,OL,5090,22,2,2,Biology,2026-04-30,AM,1h 45m,2026-04-30T05:00Z
june-2026,4,745759-june-2026-zone-4-timetable.txt,IG,0535,22,2,2,Italian,2026-04-30,PM,1h,2026-04-30T09:00Z
june-2026,4,745759-june-2026-zone-4-timetable.txt,AS,9701,33,3,3,Chemistry (Practical - Advanced),2026-04-30,AM,2h,2026-04-30T05:00Z
june-2026,4,745759-june-2026-zone-4-timetable.txt,IG,0539,02,0,2,Urdu as a Second Language (Listening),2026-04-30,PM,45m,2026-04-30T09:00Z
june-2026,4,745759-june-2026-zone-4-timetable.txt,AS,9990,22,2,2,Psychology,2026-04-30,AM,1h 30m,2026-04-30T05:00Z
june-2026,4,745759-june-2026-zone-4-timetable.txt,OL,3247,02,0,2,First Language Urdu,2026-04-30,PM,2h,2026-04-30T09:00Z
june-2026,4,745759-june-2026-zone-4-timetable.txt,OL,3248,02,0,2,Second Language Urdu,2026-04-30,PM,1h 30m,2026-04-30T09:00Z
june-2026,4,745759-june-2026-zone-4-timetable.txt,AS,8689,32,3,2,Tamil Language,2026-04-30,PM,1h 30m,2026-04-30T09:00Z
june-2026,4,745759-june-2026-zone-4-timetable.txt,AS,9395,12,1,2,Travel & Tourism,2026-04-30,PM,2h,2026-04-30T09:00Z
june-2026,4,745759-june-2026-zone-4-timetable.txt,AS,9705,12,1,2,Design & Technology,2026-04-30,PM,2h 15m,2026-04-30T09:00Z
june-2026,4,745759-june-2026-zone-4-timetable.txt,AL,9689,32,3,2,Tamil,2026-04-30,PM,1h 30m,2026-04-30T09:00Z
june-2026,4,745759-june-2026-zone-4-timetable.txt,AS,9239,12,1,2,Global Perspectives & Research,2026-05-01,AM,1h 30m,2026-05-01T05:00Z
june-2026,4,745759-june-2026-zone-4-timetable.txt,AS,8022,32,3,2,Spanish Language,2026-05-01,PM,1h 30m,2026-05-01T09:00Z
june-2026,4,745759-june-2026-zone-4-timetable.txt,AS,9694,22,2,2,Thinking Skills,2026-05-01,PM,1h 45m,2026-05-01T09:00Z
june-2026,4,745759-june-2026-zone-4-timetable.txt,IG,0696,02,0,2,First Language Malay,2026-05-04,AM,2h,2026-05-04T05:00Z
june-2026,4,745759-june-2026-zone-4-timetable.txt,IG,0262,02,0,2,Swahili (Listening),2026-05-04,PM,45m,2026-05-04T09:00Z
june-2026,4,745759-june-2026-zone-4-timetable.txt,OL,5054,22,2,2,Physics,2026-05-04,AM,1h 45m,2026-05-04T05:00Z
june-2026,4,745759-june-2026-zone-4-timetable.txt,IG,0448,02,0,2,Pakistan Studies,2026-05-04,PM,1h 30m,2026-05-04T09:00Z
june-2026,4,745759-june-2026-zone-4-timetable.txt,AS,8021,22,2,2,English General Paper,2026-05-04,AM,1h 45m,2026-05-04T05:00Z
june-2026,4,745759-june-2026-zone-4-timetable.txt,IG,0546,22,2,2,Malay,2026-05-04,PM,1h,2026-05-04T09:00Z
june-2026,4,745759-june-2026-zone-4-timetable.txt,AS,8695,12,1,2,Language & Literature in English,2026-05-04,AM,2h,2026-05-04T05:00Z
june-2026,4,745759-june-2026-zone-4-timetable.txt,,7180,01,0,1,9-1    Arabic,2026-05-04,PM,1h 30m,2026-05-04T09:00Z
june-2026,4,745759-june-2026-zone-4-timetable.txt,AS,9093,22,2,2,English Language,2026-05-04,AM,2h,2026-05-04T05:00Z
june-2026,4,745759-june-2026-zone-4-timetable.txt,OL,2059,02,0,2,Pakistan Studies,2026-05-04,PM,1h 30m,2026-05-04T09:00Z
june-2026,4,745759-june-2026-zone-4-timetable.txt,OL,2068,22,2,2,Islamic Studies,2026-05-04,PM,1h 30m,2026-05-04T09:00Z
june-2026,4,745759-june-2026-zone-4-timetable.txt,OL,3180,01,0,1,Arabic,2026-05-04,PM,1h 30m,2026-05-04T09:00Z
june-2026,4,745759-june-2026-zone-4-timetable.txt,AS,8291,22,2,2,Environmental Management,2026-05-04,PM,1h 45m,2026-05-04T09:00Z
june-2026,4,745759-june-2026-zone-4-timetable.txt,AL,9488,32,3,2,Islamic Studies,2026-05-04,PM,1h 30m,2026-05-04T09:00Z
june-2026,4,745759-june-2026-zone-4-timetable.txt,AL,9693,32,3,2,Marine Science,2026-05-04,PM,1h 45m,2026-05-04T09:00Z
june-2026,4,745759-june-2026-zone-4-timetable.txt,AS,8684,02,0,2,Portuguese Language,2026-05-04,EV,1h 45m,2026-05-04T13:00Z
june-2026,4,745759-june-2026-zone-4-timetable.txt,AL,9718,02,0,2,Portuguese,2026-05-04,EV,1h 45m,2026-05-04T13:00Z
june-2026,4,745759-june-2026-zone-4-timetable.txt,IG,0474,22,2,2,Literature in Spanish,2026-05-05,AM,2h,2026-05-05T05:00Z
june-2026,4,745759-june-2026-zone-4-timetable.txt,IG,0580,32,3,2,Mathematics (Without Coursework) (Core),2026-05-05,PM,1h 30m,2026-05-05T09:00Z
june-2026,4,745759-june-2026-zone-4-timetable.txt,IG,0493,22,2,2,Islamiyat,2026-05-05,AM,1h 30m,2026-05-05T05:00Z
june-2026,4,745759-june-2026-zone-4-timetable.txt,IG,0580,42,4,2,Mathematics (Without Coursework) (Extended),2026-05-05,PM,2h,2026-05-05T09:00Z
june-2026,4,745759-june-2026-zone-4-timetable.txt,IG,0520,22,2,2,French,2026-05-05,AM,1h,2026-05-05T05:00Z
june-2026,4,745759-june-2026-zone-4-timetable.txt,OL,4024,22,2,2,Mathematics Syllabus D,2026-05-05,PM,2h,2026-05-05T09:00Z
june-2026,4,745759-june-2026-zone-4-timetable.txt,OL,2058,22,2,2,Islamiyat,2026-05-05,AM,1h 30m,2026-05-05T05:00Z
june-2026,4,745759-june-2026-zone-4-timetable.txt,AS,9489,12,1,2,History,2026-05-05,PM,1h 15m,2026-05-05T09:00Z
june-2026,4,745759-june-2026-zone-4-timetable.txt,AS,9700,33,3,3,Biology (Practical - Advanced),2026-05-05,AM,2h,2026-05-05T05:00Z
june-2026,4,745759-june-2026-zone-4-timetable.txt,AS,9609,12,1,2,Business,2026-05-05,PM,1h 15m,2026-05-05T09:00Z
june-2026,4,745759-june-2026-zone-4-timetable.txt,IG,0472,22,2,2,English (as an Additional Language),2026-05-06,AM,1h,2026-05-06T05:00Z
june-2026,4,745759-june-2026-zone-4-timetable.txt,IG,0457,12,1,2,Global Perspectives,2026-05-06,PM,1h 25m,2026-05-06T09:00Z
june-2026,4,745759-june-2026-zone-4-timetable.txt,IG,0472,42,4,2,English (as an Additional Language),2026-05-06,AM,1h,2026-05-06T05:00Z
june-2026,4,745759-june-2026-zone-4-timetable.txt,IG,0460,12,1,2,Geography,2026-05-06,PM,1h 45m,2026-05-06T09:00Z
june-2026,4,745759-june-2026-zone-4-timetable.txt,IG,0500,12,1,2,First Language English (Oral Endorsement),2026-05-06,AM,2h,2026-05-06T05:00Z
june-2026,4,745759-june-2026-zone-4-timetable.txt,OL,2069,12,1,2,Global Perspectives,2026-05-06,PM,1h 25m,2026-05-06T09:00Z
june-2026,4,745759-june-2026-zone-4-timetable.txt,IG,0510,12,1,2,English as a Second Language (Speaking Endorsement),2026-05-06,AM,2h,2026-05-06T05:00Z
june-2026,4,745759-june-2026-zone-4-timetable.txt,AS,9709,22,2,2,Mathematics (Pure Mathematics 2),2026-05-06,PM,1h 15m,2026-05-06T09:00Z
june-2026,4,745759-june-2026-zone-4-timetable.txt,IG,0511,12,1,2,English as a Second Language (Count-in Speaking),2026-05-06,AM,2h,2026-05-06T05:00Z
june-2026,4,745759-june-2026-zone-4-timetable.txt,AS,9709,42,4,2,Mathematics (Mechanics),2026-05-06,PM,1h 15m,2026-05-06T09:00Z
june-2026,4,745759-june-2026-zone-4-timetable.txt,OL,1123,12,1,2,English Language,2026-05-06,AM,2h,2026-05-06T05:00Z
june-2026,4,745759-june-2026-zone-4-timetable.txt,AL,9694,32,3,2,Thinking Skills,2026-05-06,PM,2h,2026-05-06T09:00Z
june-2026,4,745759-june-2026-zone-4-timetable.txt,AS,9607,22,2,2,Media Studies,2026-05-06,AM,2h,2026-05-06T05:00Z
june-2026,4,745759-june-2026-zone-4-timetable.txt,AL,9709,62,6,2,Mathematics (Probability & Statistics 2),2026-05-06,PM,1h 15m,2026-05-06T09:00Z
june-2026,4,745759-june-2026-zone-4-timetable.txt,AS,9708,22,2,2,Economics,2026-05-06,AM,2h,2026-05-06T05:00Z
june-2026,4,745759-june-2026-zone-4-timetable.txt,IG,0620,52,5,2,Chemistry (Practical),2026-05-07,AM,1h 15m,2026-05-07T05:00Z
june-2026,4,745759-june-2026-zone-4-timetable.txt,IG,0417,12,1,2,Information & Communication Technology,2026-05-07,PM,1h 30m,2026-05-07T09:00Z
june-2026,4,745759-june-2026-zone-4-timetable.txt,IG,0620,62,6,2,Chemistry (Alternative to Practical),2026-05-07,AM,1h,2026-05-07T05:00Z
june-2026,4,745759-june-2026-zone-4-timetable.txt,IG,0470,12,1,2,History,2026-05-07,PM,2h,2026-05-07T09:00Z
june-2026,4,745759-june-2026-zone-4-timetable.txt,IG,0653,32,3,2,Combined Science (Core),2026-05-07,AM,1h 15m,2026-05-07T05:00Z
june-2026,4,745759-june-2026-zone-4-timetable.txt,OL,2147,12,1,2,History,2026-05-07,PM,2h,2026-05-07T09:00Z
june-2026,4,745759-june-2026-zone-4-timetable.txt,IG,0653,42,4,2,Combined Science (Extended),2026-05-07,AM,1h 15m,2026-05-07T05:00Z
june-2026,4,745759-june-2026-zone-4-timetable.txt,AS,9231,12,1,2,Further Mathematics,2026-05-07,PM,2h,2026-05-07T09:00Z
june-2026,4,745759-june-2026-zone-4-timetable.txt,IG,0654,32,3,2,Co-ordinated Sciences (Double Award) (Core),2026-05-07,AM,2h,2026-05-07T05:00Z
june-2026,4,745759-june-2026-zone-4-timetable.txt,AS,9489,22,2,2,History,2026-05-07,PM,1h 45m,2026-05-07T09:00Z
june-2026,4,745759-june-2026-zone-4-timetable.txt,IG,0654,42,4,2,Co-ordinated Sciences (Double Award) (Extended),2026-05-07,AM,2h,2026-05-07T05:00Z
june-2026,4,745759-june-2026-zone-4-timetable.txt,AL,9488,42,4,2,Islamic Studies,2026-05-07,PM,1h 30m,2026-05-07T09:00Z
june-2026,4,745759-june-2026-zone-4-timetable.txt,OL,5070,32,3,2,Chemistry (Practical),2026-05-07,AM,1h 30m,2026-05-07T05:00Z
june-2026,4,745759-june-2026-zone-4-timetable.txt,AL,9686,04,0,4,Urdu,2026-05-07,PM,2h 30m,2026-05-07T09:00Z
june-2026,4,745759-june-2026-zone-4-timetable.txt,OL,5070,42,4,2,Chemistry (Alternative to Practical),2026-05-07,AM,1h,2026-05-07T05:00Z
june-2026,4,745759-june-2026-zone-4-timetable.txt,AL,9693,42,4,2,Marine Science,2026-05-07,PM,1h 45m,2026-05-07T09:00Z
june-2026,4,745759-june-2026-zone-4-timetable.txt,AS,9696,12,1,2,Geography (Core),2026-05-07,AM,1h 30m,2026-05-07T05:00Z
june-2026,4,745759-june-2026-zone-4-timetable.txt,AL,9705,32,3,2,Design & Technology,2026-05-07,PM,2h 30m,2026-05-07T09:00Z
june-2026,4,745759-june-2026-zone-4-timetable.txt,AL,9701,42,4,2,Chemistry,2026-05-07,AM,2h,2026-05-07T05:00Z
june-2026,4,745759-june-2026-zone-4-timetable.txt,AS,8684,03,0,3,Portuguese Language,2026-05-07,EV,1h 30m,2026-05-07T13:00Z
june-2026,4,745759-june-2026-zone-4-timetable.txt,AL,9718,03,0,3,Portuguese,2026-05-07,EV,1h 30m,2026-05-07T13:00Z
june-2026,4,745759-june-2026-zone-4-timetable.txt,IG,0408,22,2,2,World Literature,2026-05-08,AM,1h 15m,2026-05-08T05:00Z
june-2026,4,745759-june-2026-zone-4-timetable.txt,IG,0471,12,1,2,Travel & Tourism,2026-05-08,PM,1h 30m,2026-05-08T09:00Z
june-2026,4,745759-june-2026-zone-4-timetable.txt,IG,0625,32,3,2,Physics (Core),2026-05-08,AM,1h 15m,2026-05-08T05:00Z
june-2026,4,745759-june-2026-zone-4-timetable.txt,IG,0475,12,1,2,Literature in English,2026-05-08,PM,1h 30m,2026-05-08T09:00Z
june-2026,4,745759-june-2026-zone-4-timetable.txt,IG,0625,42,4,2,Physics (Extended),2026-05-08,AM,1h 15m,2026-05-08T05:00Z
june-2026,4,745759-june-2026-zone-4-timetable.txt,IG,0480,12,1,2,Latin,2026-05-08,PM,1h 30m,2026-05-08T09:00Z
june-2026,4,745759-june-2026-zone-4-timetable.txt,AL,9093,32,3,2,English Language,2026-05-08,AM,2h 15m,2026-05-08T05:00Z
june-2026,4,745759-june-2026-zone-4-timetable.txt,OL,2010,12,1,2,Literature in English,2026-05-08,PM,1h 30m,2026-05-08T09:00Z
june-2026,4,745759-june-2026-zone-4-timetable.txt,AL,9700,42,4,2,Biology,2026-05-08,AM,2h,2026-05-08T05:00Z
june-2026,4,745759-june-2026-zone-4-timetable.txt,AS,8022,12,1,2,Spanish Language (Listening - Multiple Choice),2026-05-08,PM,1h,2026-05-08T09:00Z
june-2026,4,745759-june-2026-zone-4-timetable.txt,AS,9618,12,1,2,Computer Science,2026-05-08,PM,1h 30m,2026-05-08T09:00Z
june-2026,4,745759-june-2026-zone-4-timetable.txt,AS,9626,12,1,2,Information Technology,2026-05-08,PM,1h 45m,2026-05-08T09:00Z
june-2026,4,745759-june-2026-zone-4-timetable.txt,AS,9706,22,2,2,Accounting,2026-05-08,PM,1h 45m,2026-05-08T09:00Z
june-2026,4,745759-june-2026-zone-4-timetable.txt,AL,9844,32,3,2,Spanish Language & Literature,2026-05-08,PM,2h,2026-05-08T09:00Z
june-2026,4,745759-june-2026-zone-4-timetable.txt,IG,0450,12,1,2,Business Studies,2026-05-11,AM,1h 30m,2026-05-11T05:00Z
june-2026,4,745759-june-2026-zone-4-timetable.txt,IG,0475,22,2,2,Literature in English,2026-05-11,PM,1h 30m,2026-05-11T09:00Z
june-2026,4,745759-june-2026-zone-4-timetable.txt,IG,0523,02,0,2,Chinese as a Second Language (Listening),2026-05-11,AM,45m,2026-05-11T05:00Z
june-2026,4,745759-june-2026-zone-4-timetable.txt,IG,0475,32,3,2,Literature in English,2026-05-11,PM,45m,2026-05-11T09:00Z
june-2026,4,745759-june-2026-zone-4-timetable.txt,IG,0547,22,2,2,Mandarin Chinese,2026-05-11,AM,1h 15m,2026-05-11T05:00Z
june-2026,4,745759-june-2026-zone-4-timetable.txt,IG,0475,42,4,2,Literature in English,2026-05-11,PM,1h 15m,2026-05-11T09:00Z
june-2026,4,745759-june-2026-zone-4-timetable.txt,OL,7115,12,1,2,Business Studies,2026-05-11,AM,1h 30m,2026-05-11T05:00Z
june-2026,4,745759-june-2026-zone-4-timetable.txt,OL,2010,22,2,2,Literature in English,2026-05-11,PM,1h 30m,2026-05-11T09:00Z
june-2026,4,745759-june-2026-zone-4-timetable.txt,AS,9695,22,2,2,Literature in English,2026-05-11,AM,2h,2026-05-11T05:00Z
june-2026,4,745759-june-2026-zone-4-timetable.txt,AS,8022,22,2,2,Spanish Language (Multiple Choice),2026-05-11,PM,1h 30m,2026-05-11T09:00Z
june-2026,4,745759-june-2026-zone-4-timetable.txt,AL,9702,42,4,2,Physics,2026-05-11,AM,2h,2026-05-11T05:00Z
june-2026,4,745759-june-2026-zone-4-timetable.txt,AS,9609,22,2,2,Business,2026-05-11,PM,1h 30m,2026-05-11T09:00Z
june-2026,4,745759-june-2026-zone-4-timetable.txt,AL,9694,42,4,2,Thinking Skills,2026-05-11,PM,1h 45m,2026-05-11T09:00Z
june-2026,4,745759-june-2026-zone-4-timetable.txt,AL,9844,12,1,2,Spanish Language & Literature (Multiple Choice),2026-05-11,PM,1h 30m,2026-05-11T09:00Z
june-2026,4,745759-june-2026-zone-4-timetable.txt,IG,0610,52,5,2,Biology (Practical),2026-05-12,AM,1h 15m,2026-05-12T05:00Z
june-2026,4,745759-june-2026-zone-4-timetable.txt,IG,0445,12,1,2,Design & Technology,2026-05-12,PM,1h 15m,2026-05-12T09:00Z
june-2026,4,745759-june-2026-zone-4-timetable.txt,IG,0610,62,6,2,Biology (Alternative to Practical),2026-05-12,AM,1h,2026-05-12T05:00Z
june-2026,4,745759-june-2026-zone-4-timetable.txt,IG,0501,02,0,2,First Language French,2026-05-12,PM,2h,2026-05-12T09:00Z
june-2026,4,745759-june-2026-zone-4-timetable.txt,IG,0653,52,5,2,Combined Science (Practical),2026-05-12,AM,1h 15m,2026-05-12T05:00Z
june-2026,4,745759-june-2026-zone-4-timetable.txt,IG,0697,12,1,2,Marine Science,2026-05-12,PM,1h 45m,2026-05-12T09:00Z
june-2026,4,745759-june-2026-zone-4-timetable.txt,IG,0653,62,6,2,Combined Science (Alternative to Practical),2026-05-12,AM,1h,2026-05-12T05:00Z
june-2026,4,745759-june-2026-zone-4-timetable.txt,AS,9699,12,1,2,Sociology,2026-05-12,PM,1h 30m,2026-05-12T09:00Z
june-2026,4,745759-june-2026-zone-4-timetable.txt,IG,0654,52,5,2,Co-ordinated Sciences (Double Award) (Practical),2026-05-12,AM,2h,2026-05-12T05:00Z
june-2026,4,745759-june-2026-zone-4-timetable.txt,AS,9709,52,5,2,Mathematics (Probability & Statistics 1),2026-05-12,PM,1h 15m,2026-05-12T09:00Z
june-2026,4,745759-june-2026-zone-4-timetable.txt,IG,0654,62,6,2,Co-ordinated Sciences (Double Award) (Alternative to Practical),2026-05-12,AM,1h 30m,2026-05-12T05:00Z
june-2026,4,745759-june-2026-zone-4-timetable.txt,OL,5090,32,3,2,Biology (Practical),2026-05-12,AM,1h 30m,2026-05-12T05:00Z
june-2026,4,745759-june-2026-zone-4-timetable.txt,OL,5090,42,4,2,Biology (Alternative to Practical),2026-05-12,AM,1h,2026-05-12T05:00Z
june-2026,4,745759-june-2026-zone-4-timetable.txt,AS,9696,22,2,2,Geography (Core),2026-05-12,AM,1h 30m,2026-05-12T05:00Z
june-2026,4,745759-june-2026-zone-4-timetable.txt,AL,9990,32,3,2,Psychology,2026-05-12,AM,1h 30m,2026-05-12T05:00Z
june-2026,4,745759-june-2026-zone-4-timetable.txt,IG,0478,12,1,2,Computer Science,2026-05-13,AM,1h 45m,2026-05-13T05:00Z
june-2026,4,745759-june-2026-zone-4-timetable.txt,IG,0460,22,2,2,Geography,2026-05-13,PM,1h 30m,2026-05-13T09:00Z
june-2026,4,745759-june-2026-zone-4-timetable.txt,IG,0607,52,5,2,Cambridge International Mathematics (Core),2026-05-13,AM,1h 15m,2026-05-13T05:00Z
june-2026,4,745759-june-2026-zone-4-timetable.txt,IG,0505,01,0,1,First Language German,2026-05-13,PM,2h,2026-05-13T09:00Z
june-2026,4,745759-june-2026-zone-4-timetable.txt,IG,0607,62,6,2,Cambridge International Mathematics (Extended),2026-05-13,AM,1h 30m,2026-05-13T05:00Z
june-2026,4,745759-june-2026-zone-4-timetable.txt,IG,0525,22,2,2,German,2026-05-13,PM,1h,2026-05-13T09:00Z
june-2026,4,745759-june-2026-zone-4-timetable.txt,OL,2210,12,1,2,Computer Science,2026-05-13,AM,1h 45m,2026-05-13T05:00Z
june-2026,4,745759-june-2026-zone-4-timetable.txt,AS,9618,22,2,2,Computer Science,2026-05-13,PM,2h,2026-05-13T09:00Z
june-2026,4,745759-june-2026-zone-4-timetable.txt,AS,9700,22,2,2,Biology,2026-05-13,AM,1h 15m,2026-05-13T05:00Z
june-2026,4,745759-june-2026-zone-4-timetable.txt,AL,9489,32,3,2,History,2026-05-13,PM,1h 15m,2026-05-13T09:00Z
june-2026,4,745759-june-2026-zone-4-timetable.txt,AL,9700,52,5,2,Biology,2026-05-13,AM,1h 15m,2026-05-13T05:00Z
june-2026,4,745759-june-2026-zone-4-timetable.txt,AL,9609,32,3,2,Business,2026-05-13,PM,1h 45m,2026-05-13T09:00Z
june-2026,4,745759-june-2026-zone-4-timetable.txt,IG,0408,32,3,2,World Literature,2026-05-14,AM,1h 30m,2026-05-14T05:00Z
june-2026,4,745759-june-2026-zone-4-timetable.txt,IG,0508,01,0,1,First Language Arabic,2026-05-14,PM,2h,2026-05-14T09:00Z
june-2026,4,745759-june-2026-zone-4-timetable.txt,AS,9702,34,3,4,Physics (Practical - Advanced),2026-05-14,AM,2h,2026-05-14T05:00Z
june-2026,4,745759-june-2026-zone-4-timetable.txt,IG,0513,02,0,2,First Language Turkish,2026-05-14,PM,2h,2026-05-14T09:00Z
june-2026,4,745759-june-2026-zone-4-timetable.txt,AL,9990,42,4,2,Psychology,2026-05-14,AM,1h 30m,2026-05-14T05:00Z
june-2026,4,745759-june-2026-zone-4-timetable.txt,IG,0518,02,0,2,First Language Thai,2026-05-14,PM,2h,2026-05-14T09:00Z
june-2026,4,745759-june-2026-zone-4-timetable.txt,IG,0539,01,0,1,Urdu as a Second Language,2026-05-14,PM,2h,2026-05-14T09:00Z
june-2026,4,745759-june-2026-zone-4-timetable.txt,IG,0546,42,4,2,Malay,2026-05-14,PM,1h,2026-05-14T09:00Z
june-2026,4,745759-june-2026-zone-4-timetable.txt,IG,0697,22,2,2,Marine Science,2026-05-14,PM,1h 45m,2026-05-14T09:00Z
june-2026,4,745759-june-2026-zone-4-timetable.txt,,7180,02,0,2,9-1    Arabic,2026-05-14,PM,1h 30m,2026-05-14T09:00Z
june-2026,4,745759-june-2026-zone-4-timetable.txt,OL,3180,02,0,2,Arabic,2026-05-14,PM,1h 30m,2026-05-14T09:00Z
june-2026,4,745759-june-2026-zone-4-timetable.txt,AS,8680,22,2,2,Arabic Language,2026-05-14,PM,1h 45m,2026-05-14T09:00Z
june-2026,4,745759-june-2026-zone-4-timetable.txt,AL,9680,22,2,2,Arabic,2026-05-14,PM,1h 45m,2026-05-14T09:00Z
june-2026,4,745759-june-2026-zone-4-timetable.txt,AL,9706,32,3,2,Accounting,2026-05-14,PM,1h 30m,2026-05-14T09:00Z
june-2026,4,745759-june-2026-zone-4-timetable.txt,IG,0500,22,2,2,First Language English (Oral Endorsement),2026-05-15,AM,2h,2026-05-15T05:00Z
june-2026,4,745759-june-2026-zone-4-timetable.txt,IG,0470,22,2,2,History,2026-05-15,PM,1h 45m,2026-05-15T09:00Z
june-2026,4,745759-june-2026-zone-4-timetable.txt,AL,9695,32,3,2,Literature in English,2026-05-15,AM,2h,2026-05-15T05:00Z
june-2026,4,745759-june-2026-zone-4-timetable.txt,IG,0480,22,2,2,Latin,2026-05-15,PM,1h 30m,2026-05-15T09:00Z
june-2026,4,745759-june-2026-zone-4-timetable.txt,AL,9696,32,3,2,Geography (Advanced),2026-05-15,AM,1h 30m,2026-05-15T05:00Z
june-2026,4,745759-june-2026-zone-4-timetable.txt,IG,0495,12,1,2,Sociology,2026-05-15,PM,2h,2026-05-15T09:00Z
june-2026,4,745759-june-2026-zone-4-timetable.txt,OL,2147,22,2,2,History,2026-05-15,PM,1h 45m,2026-05-15T09:00Z
june-2026,4,745759-june-2026-zone-4-timetable.txt,OL,2251,12,1,2,Sociology,2026-05-15,PM,2h,2026-05-15T09:00Z
june-2026,4,745759-june-2026-zone-4-timetable.txt,AS,9699,22,2,2,Sociology,2026-05-15,PM,1h 30m,2026-05-15T09:00Z
june-2026,4,745759-june-2026-zone-4-timetable.txt,AL,9709,32,3,2,Mathematics (Pure Mathematics 3),2026-05-15,PM,1h 50m,2026-05-15T09:00Z
june-2026,4,745759-june-2026-zone-4-timetable.txt,IG,0450,22,2,2,Business Studies,2026-05-18,AM,1h 30m,2026-05-18T05:00Z
june-2026,4,745759-june-2026-zone-4-timetable.txt,IG,0470,42,4,2,History,2026-05-18,PM,1h,2026-05-18T09:00Z
june-2026,4,745759-june-2026-zone-4-timetable.txt,IG,0606,12,1,2,Additional Mathematics,2026-05-18,AM,2h,2026-05-18T05:00Z
june-2026,4,745759-june-2026-zone-4-timetable.txt,AS,8028,12,1,2,French Language (Listening - Multiple Choice),2026-05-18,PM,1h,2026-05-18T09:00Z
june-2026,4,745759-june-2026-zone-4-timetable.txt,OL,4037,12,1,2,Additional Mathematics,2026-05-18,AM,2h,2026-05-18T05:00Z
june-2026,4,745759-june-2026-zone-4-timetable.txt,AS,8386,12,1,2,Sport & Physical Education,2026-05-18,PM,1h 45m,2026-05-18T09:00Z
june-2026,4,745759-june-2026-zone-4-timetable.txt,OL,7115,22,2,2,Business Studies,2026-05-18,AM,1h 30m,2026-05-18T05:00Z
june-2026,4,745759-june-2026-zone-4-timetable.txt,AL,9609,42,4,2,Business,2026-05-18,PM,1h 15m,2026-05-18T09:00Z
june-2026,4,745759-june-2026-zone-4-timetable.txt,AS,9701,22,2,2,Chemistry,2026-05-18,AM,1h 15m,2026-05-18T05:00Z
june-2026,4,745759-june-2026-zone-4-timetable.txt,AL,9607,42,4,2,Media Studies,2026-05-18,AM,2h,2026-05-18T05:00Z
june-2026,4,745759-june-2026-zone-4-timetable.txt,AL,9701,52,5,2,Chemistry,2026-05-18,AM,1h 15m,2026-05-18T05:00Z
june-2026,4,745759-june-2026-zone-4-timetable.txt,IG,0625,52,5,2,Physics (Practical),2026-05-19,AM,1h 15m,2026-05-19T05:00Z
june-2026,4,745759-june-2026-zone-4-timetable.txt,IG,0471,22,2,2,Travel & Tourism,2026-05-19,PM,2h,2026-05-19T09:00Z
june-2026,4,745759-june-2026-zone-4-timetable.txt,IG,0625,62,6,2,Physics (Alternative to Practical),2026-05-19,AM,1h,2026-05-19T05:00Z
june-2026,4,745759-june-2026-zone-4-timetable.txt,IG,0505,02,0,2,First Language German,2026-05-19,PM,2h,2026-05-19T09:00Z
june-2026,4,745759-june-2026-zone-4-timetable.txt,OL,5054,32,3,2,Physics (Practical),2026-05-19,AM,1h 30m,2026-05-19T05:00Z
june-2026,4,745759-june-2026-zone-4-timetable.txt,IG,0530,22,2,2,Spanish,2026-05-19,PM,1h,2026-05-19T09:00Z
june-2026,4,745759-june-2026-zone-4-timetable.txt,OL,5054,42,4,2,Physics (Alternative to Practical),2026-05-19,AM,1h,2026-05-19T05:00Z
june-2026,4,745759-june-2026-zone-4-timetable.txt,AL,9395,32,3,2,Travel & Tourism,2026-05-19,PM,1h 30m,2026-05-19T09:00Z
june-2026,4,745759-june-2026-zone-4-timetable.txt,AL,9093,42,4,2,English Language,2026-05-19,AM,2h 15m,2026-05-19T05:00Z
june-2026,4,745759-june-2026-zone-4-timetable.txt,AL,9618,32,3,2,Computer Science (Advanced),2026-05-19,PM,1h 30m,2026-05-19T09:00Z
june-2026,4,745759-june-2026-zone-4-timetable.txt,AL,9708,42,4,2,Economics,2026-05-19,AM,2h,2026-05-19T05:00Z
june-2026,4,745759-june-2026-zone-4-timetable.txt,AL,9626,32,3,2,Information Technology (Advanced),2026-05-19,PM,1h 45m,2026-05-19T09:00Z
june-2026,4,745759-june-2026-zone-4-timetable.txt,IG,0452,22,2,2,Accounting,2026-05-20,AM,1h 45m,2026-05-20T05:00Z
june-2026,4,745759-june-2026-zone-4-timetable.txt,IG,0460,42,4,2,Geography,2026-05-20,PM,1h 30m,2026-05-20T09:00Z
june-2026,4,745759-june-2026-zone-4-timetable.txt,IG,0478,22,2,2,Computer Science,2026-05-20,AM,1h 45m,2026-05-20T05:00Z
june-2026,4,745759-june-2026-zone-4-timetable.txt,AS,8686,03,0,3,Urdu Language,2026-05-20,PM,1h 30m,2026-05-20T09:00Z
june-2026,4,745759-june-2026-zone-4-timetable.txt,OL,2210,22,2,2,Computer Science,2026-05-20,AM,1h 45m,2026-05-20T05:00Z
june-2026,4,745759-june-2026-zone-4-timetable.txt,AS,9482,12,1,2,Drama,2026-05-20,PM,2h,2026-05-20T09:00Z
june-2026,4,745759-june-2026-zone-4-timetable.txt,OL,7707,22,2,2,Accounting,2026-05-20,AM,1h 45m,2026-05-20T05:00Z
june-2026,4,745759-june-2026-zone-4-timetable.txt,AS,9483,12,1,2,Music (Listening),2026-05-20,PM,2h,2026-05-20T09:00Z
june-2026,4,745759-june-2026-zone-4-timetable.txt,AS,9702,22,2,2,Physics,2026-05-20,AM,1h 15m,2026-05-20T05:00Z
june-2026,4,745759-june-2026-zone-4-timetable.txt,AL,9489,42,4,2,History,2026-05-20,PM,1h 45m,2026-05-20T09:00Z
june-2026,4,745759-june-2026-zone-4-timetable.txt,AL,9702,52,5,2,Physics,2026-05-20,AM,1h 15m,2026-05-20T05:00Z
june-2026,4,745759-june-2026-zone-4-timetable.txt,AL,9686,03,0,3,Urdu,2026-05-20,PM,1h 30m,2026-05-20T09:00Z
june-2026,4,745759-june-2026-zone-4-timetable.txt,IG,0472,12,1,2,English (as an Additional Language) (Listening - Multiple Choice),2026-05-21,AM,50m,2026-05-21T05:00Z
june-2026,4,745759-june-2026-zone-4-timetable.txt,IG,0410,12,1,2,Music (Listening),2026-05-21,PM,1h 15m,2026-05-21T09:00Z
june-2026,4,745759-june-2026-zone-4-timetable.txt,,0530,12,1,2,English as a Second Language (Speaking Endorsement)                                                       IG    Spanish (Listening - Multiple Choice),2026-05-21,PM,50m,2026-05-21T09:00Z
june-2026,4,745759-june-2026-zone-4-timetable.txt,IG,0510,22,2,2,,2026-05-21,AM,50m,2026-05-21T05:00Z
june-2026,4,745759-june-2026-zone-4-timetable.txt,IG,0530,42,4,2,Spanish,2026-05-21,PM,1h,2026-05-21T09:00Z
june-2026,4,745759-june-2026-zone-4-timetable.txt,IG,0511,22,2,2,English as a Second Language (Count-in Speaking) (Listening),2026-05-21,AM,50m,2026-05-21T05:00Z
june-2026,4,745759-june-2026-zone-4-timetable.txt,AS,8028,22,2,2,French Language (Multiple Choice),2026-05-21,PM,1h 30m,2026-05-21T09:00Z
june-2026,4,745759-june-2026-zone-4-timetable.txt,IG,0680,12,1,2,Environmental Management,2026-05-21,AM,1h 45m,2026-05-21T05:00Z
june-2026,4,745759-june-2026-zone-4-timetable.txt,AS,9231,32,3,2,Further Mathematics,2026-05-21,PM,1h 30m,2026-05-21T09:00Z
june-2026,4,745759-june-2026-zone-4-timetable.txt,OL,5014,12,1,2,Environmental Management,2026-05-21,AM,1h 45m,2026-05-21T05:00Z
june-2026,4,745759-june-2026-zone-4-timetable.txt,AL,9395,42,4,2,Travel & Tourism,2026-05-21,PM,1h 30m,2026-05-21T09:00Z
june-2026,4,745759-june-2026-zone-4-timetable.txt,AL,9695,42,4,2,Literature in English,2026-05-21,AM,2h,2026-05-21T05:00Z
june-2026,4,745759-june-2026-zone-4-timetable.txt,AL,9706,42,4,2,Accounting,2026-05-21,PM,1h,2026-05-21T09:00Z
june-2026,4,745759-june-2026-zone-4-timetable.txt,AL,9696,42,4,2,Geography (Advanced),2026-05-21,AM,1h 30m,2026-05-21T05:00Z
june-2026,4,745759-june-2026-zone-4-timetable.txt,IG,0455,22,2,2,Economics,2026-05-22,AM,2h 15m,2026-05-22T05:00Z
june-2026,4,745759-june-2026-zone-4-timetable.txt,IG,0413,12,1,2,Physical Education,2026-05-22,PM,1h 45m,2026-05-22T09:00Z
june-2026,4,745759-june-2026-zone-4-timetable.txt,OL,2281,22,2,2,Economics,2026-05-22,AM,2h 15m,2026-05-22T05:00Z
june-2026,4,745759-june-2026-zone-4-timetable.txt,IG,0508,02,0,2,First Language Arabic,2026-05-22,PM,2h,2026-05-22T09:00Z
june-2026,4,745759-june-2026-zone-4-timetable.txt,AS,9084,12,1,2,Law,2026-05-22,AM,1h 30m,2026-05-22T05:00Z
june-2026,4,745759-june-2026-zone-4-timetable.txt,IG,0544,12,1,2,Arabic (Listening - Multiple Choice),2026-05-22,PM,50m,2026-05-22T09:00Z
june-2026,4,745759-june-2026-zone-4-timetable.txt,IG,0544,42,4,2,Arabic,2026-05-22,PM,1h,2026-05-22T09:00Z
june-2026,4,745759-june-2026-zone-4-timetable.txt,AS,8027,32,3,2,German Language,2026-05-22,PM,1h 30m,2026-05-22T09:00Z
june-2026,4,745759-june-2026-zone-4-timetable.txt,AL,9680,42,4,2,Arabic,2026-05-22,PM,2h 30m,2026-05-22T09:00Z
june-2026,4,745759-june-2026-zone-4-timetable.txt,AL,9897,22,2,2,German Language & Literature,2026-05-22,PM,2h,2026-05-22T09:00Z
june-2026,4,745759-june-2026-zone-4-timetable.txt,IG,0538,02,0,2,Bahasa Indonesia,2026-05-25,AM,1h 45m,2026-05-25T05:00Z
june-2026,4,745759-june-2026-zone-4-timetable.txt,IG,0546,12,1,2,Malay (Listening - Multiple Choice),2026-05-25,PM,50m,2026-05-25T09:00Z
june-2026,4,745759-june-2026-zone-4-timetable.txt,IG,0695,01,0,1,First Language Vietnamese,2026-05-25,AM,2h,2026-05-25T05:00Z
june-2026,4,745759-june-2026-zone-4-timetable.txt,OL,7094,01,0,1,Bangladesh Studies,2026-05-25,PM,1h 30m,2026-05-25T09:00Z
june-2026,4,745759-june-2026-zone-4-timetable.txt,AS,8238,12,1,2,Chinese Language (Listening - Multiple Choice),2026-05-25,AM,1h,2026-05-25T05:00Z
june-2026,4,745759-june-2026-zone-4-timetable.txt,AS,8680,32,3,2,Arabic Language,2026-05-25,PM,1h 30m,2026-05-25T09:00Z
june-2026,4,745759-june-2026-zone-4-timetable.txt,AL,9868,12,1,2,Chinese Language & Literature (Multiple Choice),2026-05-25,AM,1h 30m,2026-05-25T05:00Z
june-2026,4,745759-june-2026-zone-4-timetable.txt,AS,9484,12,1,2,Biblical Studies,2026-05-25,PM,1h 30m,2026-05-25T09:00Z
june-2026,4,745759-june-2026-zone-4-timetable.txt,AL,9231,22,2,2,Further Mathematics,2026-05-25,PM,2h,2026-05-25T09:00Z
june-2026,4,745759-june-2026-zone-4-timetable.txt,AL,9680,32,3,2,Arabic,2026-05-25,PM,1h 30m,2026-05-25T09:00Z
june-2026,4,745759-june-2026-zone-4-timetable.txt,IG,0502,12,1,2,First Language Spanish,2026-05-26,AM,2h,2026-05-26T05:00Z
june-2026,4,745759-june-2026-zone-4-timetable.txt,IG,0495,22,2,2,Sociology,2026-05-26,PM,1h 45m,2026-05-26T09:00Z
june-2026,4,745759-june-2026-zone-4-timetable.txt,IG,0606,22,2,2,Additional Mathematics,2026-05-26,AM,2h,2026-05-26T05:00Z
june-2026,4,745759-june-2026-zone-4-timetable.txt,OL,2035,12,1,2,Biblical Studies,2026-05-26,PM,1h 30m,2026-05-26T09:00Z
june-2026,4,745759-june-2026-zone-4-timetable.txt,OL,4037,22,2,2,Additional Mathematics,2026-05-26,AM,2h,2026-05-26T05:00Z
june-2026,4,745759-june-2026-zone-4-timetable.txt,OL,2251,22,2,2,Sociology,2026-05-26,PM,1h 45m,2026-05-26T09:00Z
june-2026,4,745759-june-2026-zone-4-timetable.txt,AS,9700,34,3,4,Biology (Practical - Advanced),2026-05-26,AM,2h,2026-05-26T05:00Z
june-2026,4,745759-june-2026-zone-4-timetable.txt,AL,9699,32,3,2,Sociology,2026-05-26,PM,1h 15m,2026-05-26T09:00Z
june-2026,4,745759-june-2026-zone-4-timetable.txt,AL,9897,32,3,2,German Language & Literature,2026-05-26,PM,2h,2026-05-26T09:00Z
june-2026,4,745759-june-2026-zone-4-timetable.txt,AL,9898,32,3,2,French Language & Literature,2026-05-26,PM,2h,2026-05-26T09:00Z
june-2026,4,745759-june-2026-zone-4-timetable.txt,AS,9701,34,3,4,Chemistry (Practical - Advanced),2026-05-28,AM,2h,2026-05-28T05:00Z
june-2026,4,745759-june-2026-zone-4-timetable.txt,OL,7100,22,2,2,Commerce,2026-05-28,PM,2h,2026-05-28T09:00Z
june-2026,4,745759-june-2026-zone-4-timetable.txt,AL,9699,42,4,2,Sociology,2026-05-28,PM,1h 45m,2026-05-28T09:00Z
june-2026,4,745759-june-2026-zone-4-timetable.txt,IG,0502,22,2,2,First Language Spanish,2026-05-29,AM,2h,2026-05-29T05:00Z
june-2026,4,745759-june-2026-zone-4-timetable.txt,OL,2035,22,2,2,Biblical Studies,2026-05-29,PM,1h 30m,2026-05-29T09:00Z
june-2026,4,745759-june-2026-zone-4-timetable.txt,IG,0695,02,0,2,First Language Vietnamese,2026-05-29,AM,2h,2026-05-29T05:00Z
june-2026,4,745759-june-2026-zone-4-timetable.txt,AS,9231,42,4,2,Further Mathematics,2026-05-29,PM,1h 30m,2026-05-29T09:00Z
june-2026,4,745759-june-2026-zone-4-timetable.txt,AS,8238,22,2,2,Chinese Language (Multiple Choice),2026-05-29,AM,1h 30m,2026-05-29T05:00Z
june-2026,4,745759-june-2026-zone-4-timetable.txt,AL,9898,12,1,2,French Language & Literature (Multiple Choice),2026-05-29,PM,1h 30m,2026-05-29T09:00Z
june-2026,4,745759-june-2026-zone-4-timetable.txt,AS,9084,22,2,2,Law,2026-05-29,AM,1h 30m,2026-05-29T05:00Z
june-2026,4,745759-june-2026-zone-4-timetable.txt,IG,0680,22,2,2,Environmental Management,2026-06-01,AM,1h 45m,2026-06-01T05:00Z
june-2026,4,745759-june-2026-zone-4-timetable.txt,OL,7094,02,0,2,Bangladesh Studies,2026-06-01,PM,1h 30m,2026-06-01T09:00Z
june-2026,4,745759-june-2026-zone-4-timetable.txt,OL,5014,22,2,2,Environmental Management,2026-06-01,AM,1h 45m,2026-06-01T05:00Z
june-2026,4,745759-june-2026-zone-4-timetable.txt,AS,9484,22,2,2,Biblical Studies,2026-06-01,PM,1h 30m,2026-06-01T09:00Z
june-2026,4,745759-june-2026-zone-4-timetable.txt,AL,9084,32,3,2,Law,2026-06-01,AM,1h 30m,2026-06-01T05:00Z
june-2026,4,745759-june-2026-zone-4-timetable.txt,AS,9487,02,0,2,Hinduism,2026-06-01,EV,1h 30m,2026-06-01T13:00Z
june-2026,4,745759-june-2026-zone-4-timetable.txt,AL,9718,04,0,4,Portuguese,2026-06-01,EV,2h 30m,2026-06-01T13:00Z
june-2026,4,745759-june-2026-zone-4-timetable.txt,AS,9701,12,1,2,Chemistry (Multiple Choice),2026-06-02,AM,1h 15m,2026-06-02T05:00Z
june-2026,4,745759-june-2026-zone-4-timetable.txt,IG,0411,12,1,2,Drama,2026-06-02,PM,2h 30m,2026-06-02T09:00Z
june-2026,4,745759-june-2026-zone-4-timetable.txt,AS,8027,12,1,2,German Language (Listening - Multiple Choice),2026-06-02,PM,1h,2026-06-02T09:00Z
june-2026,4,745759-june-2026-zone-4-timetable.txt,AL,9680,52,5,2,Arabic,2026-06-02,PM,45m,2026-06-02T09:00Z
june-2026,4,745759-june-2026-zone-4-timetable.txt,AL,9689,52,5,2,Tamil,2026-06-02,PM,45m,2026-06-02T09:00Z
june-2026,4,745759-june-2026-zone-4-timetable.txt,AL,9897,12,1,2,German Language & Literature (Multiple Choice),2026-06-02,PM,1h 30m,2026-06-02T09:00Z
june-2026,4,745759-june-2026-zone-4-timetable.txt,IG,0625,12,1,2,Physics (Multiple Choice - Core),2026-06-03,AM,45m,2026-06-03T05:00Z
june-2026,4,745759-june-2026-zone-4-timetable.txt,IG,0454,12,1,2,Enterprise,2026-06-03,PM,1h 30m,2026-06-03T09:00Z
june-2026,4,745759-june-2026-zone-4-timetable.txt,IG,0625,22,2,2,Physics (Multiple Choice - Extended),2026-06-03,AM,45m,2026-06-03T05:00Z
june-2026,4,745759-june-2026-zone-4-timetable.txt,OL,7100,12,1,2,Commerce (Multiple Choice),2026-06-03,PM,1h,2026-06-03T09:00Z
june-2026,4,745759-june-2026-zone-4-timetable.txt,IG,0653,12,1,2,Combined Science (Multiple Choice - Core),2026-06-03,AM,45m,2026-06-03T05:00Z
june-2026,4,745759-june-2026-zone-4-timetable.txt,AS,9706,12,1,2,Accounting (Multiple Choice),2026-06-03,PM,1h,2026-06-03T09:00Z
june-2026,4,745759-june-2026-zone-4-timetable.txt,IG,0653,22,2,2,Combined Science (Multiple Choice - Extended),2026-06-03,AM,45m,2026-06-03T05:00Z
june-2026,4,745759-june-2026-zone-4-timetable.txt,AL,9484,32,3,2,Biblical Studies,2026-06-03,PM,1h 30m,2026-06-03T09:00Z
june-2026,4,745759-june-2026-zone-4-timetable.txt,IG,0654,12,1,2,Co-ordinated Sciences (Double Award) (Multiple Choice - Core),2026-06-03,AM,45m,2026-06-03T05:00Z
june-2026,4,745759-june-2026-zone-4-timetable.txt,AL,9487,03,0,3,Hinduism,2026-06-03,EV,1h 30m,2026-06-03T13:00Z
june-2026,4,745759-june-2026-zone-4-timetable.txt,IG,0654,22,2,2,,2026-06-03,AM,45m,2026-06-03T05:00Z
june-2026,4,745759-june-2026-zone-4-timetable.txt,OL,5054,12,1,2,Physics (Multiple Choice),2026-06-03,AM,1h,2026-06-03T05:00Z
june-2026,4,745759-june-2026-zone-4-timetable.txt,AS,9702,12,1,2,Physics (Multiple Choice),2026-06-03,AM,1h 15m,2026-06-03T05:00Z
june-2026,4,745759-june-2026-zone-4-timetable.txt,IG,0452,12,1,2,Accounting (Multiple Choice),2026-06-04,AM,1h 15m,2026-06-04T05:00Z
june-2026,4,745759-june-2026-zone-4-timetable.txt,IG,0445,32,3,2,Design & Technology,2026-06-04,PM,1h,2026-06-04T09:00Z
june-2026,4,745759-june-2026-zone-4-timetable.txt,IG,0520,12,1,2,French (Listening - Multiple Choice),2026-06-04,AM,50m,2026-06-04T05:00Z
june-2026,4,745759-june-2026-zone-4-timetable.txt,IG,0445,42,4,2,Design & Technology,2026-06-04,PM,1h,2026-06-04T09:00Z
june-2026,4,745759-june-2026-zone-4-timetable.txt,OL,7707,12,1,2,Accounting (Multiple Choice),2026-06-04,AM,1h 15m,2026-06-04T05:00Z
june-2026,4,745759-june-2026-zone-4-timetable.txt,IG,0445,52,5,2,Design & Technology,2026-06-04,PM,1h,2026-06-04T09:00Z
june-2026,4,745759-june-2026-zone-4-timetable.txt,AS,9700,12,1,2,Biology (Multiple Choice),2026-06-04,AM,1h 15m,2026-06-04T05:00Z
june-2026,4,745759-june-2026-zone-4-timetable.txt,AS,8027,22,2,2,German Language (Multiple Choice),2026-06-04,PM,1h 30m,2026-06-04T09:00Z
june-2026,4,745759-june-2026-zone-4-timetable.txt,AL,9084,42,4,2,Law,2026-06-04,AM,1h 30m,2026-06-04T05:00Z
june-2026,4,745759-june-2026-zone-4-timetable.txt,IG,0455,12,1,2,Economics (Multiple Choice),2026-06-05,AM,45m,2026-06-05T05:00Z
june-2026,4,745759-june-2026-zone-4-timetable.txt,IG,0648,12,1,2,Food & Nutrition,2026-06-05,PM,2h,2026-06-05T09:00Z
june-2026,4,745759-june-2026-zone-4-timetable.txt,OL,2281,12,1,2,Economics (Multiple Choice),2026-06-05,AM,45m,2026-06-05T05:00Z
june-2026,4,745759-june-2026-zone-4-timetable.txt,OL,6065,12,1,2,Food & Nutrition,2026-06-05,PM,2h,2026-06-05T09:00Z
june-2026,4,745759-june-2026-zone-4-timetable.txt,AL,9708,32,3,2,Economics (Multiple Choice),2026-06-05,AM,1h 15m,2026-06-05T05:00Z
june-2026,4,745759-june-2026-zone-4-timetable.txt,AL,9484,42,4,2,Biblical Studies,2026-06-05,PM,1h 30m,2026-06-05T09:00Z
june-2026,4,745759-june-2026-zone-4-timetable.txt,IG,0610,12,1,2,Biology (Multiple Choice - Core),2026-06-08,AM,45m,2026-06-08T05:00Z
june-2026,4,745759-june-2026-zone-4-timetable.txt,AL,9487,04,0,4,Hinduism,2026-06-08,EV,1h 30m,2026-06-08T13:00Z
june-2026,4,745759-june-2026-zone-4-timetable.txt,IG,0610,22,2,2,Biology (Multiple Choice - Extended),2026-06-08,AM,45m,2026-06-08T05:00Z
june-2026,4,745759-june-2026-zone-4-timetable.txt,OL,5090,12,1,2,Biology (Multiple Choice),2026-06-08,AM,1h,2026-06-08T05:00Z
june-2026,4,745759-june-2026-zone-4-timetable.txt,AS,9708,12,1,2,Economics (Multiple Choice),2026-06-08,AM,1h,2026-06-08T05:00Z
june-2026,4,745759-june-2026-zone-4-timetable.txt,IG,0620,12,1,2,Chemistry (Multiple Choice - Core),2026-06-09,AM,45m,2026-06-09T05:00Z
june-2026,4,745759-june-2026-zone-4-timetable.txt,IG,0620,22,2,2,Chemistry (Multiple Choice - Extended),2026-06-09,AM,45m,2026-06-09T05:00Z
june-2026,4,745759-june-2026-zone-4-timetable.txt,OL,5070,12,1,2,Chemistry (Multiple Choice),2026-06-09,AM,1h,2026-06-09T05:00Z
june-2026,5,745760-june-2026-zone-5-timetable.txt,AS,9693,13,1,3,Marine Science,2026-04-23,AM,1h 45m,2026-04-23T01:00Z
june-2026,5,745760-june-2026-zone-5-timetable.txt,IG,0509,13,1,3,First Language Chinese,2026-04-24,AM,2h 15m,2026-04-24T01:00Z
june-2026,5,745760-june-2026-zone-5-timetable.txt,IG,0493,12,1,2,Islamiyat,2026-04-24,PM,1h 30m,2026-04-24T05:00Z
june-2026,5,745760-june-2026-zone-5-timetable.txt,IG,0520,42,4,2,French,2026-04-24,PM,1h,2026-04-24T05:00Z
june-2026,5,745760-june-2026-zone-5-timetable.txt,IG,0538,01,0,1,Bahasa Indonesia,2026-04-24,PM,1h 45m,2026-04-24T05:00Z
june-2026,5,745760-june-2026-zone-5-timetable.txt,IG,0547,42,4,2,Mandarin Chinese,2026-04-24,PM,1h 15m,2026-04-24T05:00Z
june-2026,5,745760-june-2026-zone-5-timetable.txt,OL,2058,12,1,2,Islamiyat,2026-04-24,PM,1h 30m,2026-04-24T05:00Z
june-2026,5,745760-june-2026-zone-5-timetable.txt,OL,3226,01,0,1,Tamil,2026-04-24,EV,1h 30m,2026-04-24T09:00Z
june-2026,5,745760-june-2026-zone-5-timetable.txt,AL,9898,23,2,3,French Language & Literature,2026-04-24,EV,2h,2026-04-24T09:00Z
june-2026,5,745760-june-2026-zone-5-timetable.txt,AS,8028,33,3,3,French Language,2026-04-25,AM,1h 30m,2026-04-25T01:00Z
june-2026,5,745760-june-2026-zone-5-timetable.txt,IG,0509,23,2,3,First Language Chinese,2026-04-27,AM,2h,2026-04-27T01:00Z
june-2026,5,745760-june-2026-zone-5-timetable.txt,IG,0607,12,1,2,Cambridge International Mathematics (Core),2026-04-27,PM,1h 15m,2026-04-27T05:00Z
june-2026,5,745760-june-2026-zone-5-timetable.txt,IG,0544,23,2,3,Arabic,2026-04-27,AM,1h,2026-04-27T01:00Z
june-2026,5,745760-june-2026-zone-5-timetable.txt,IG,0607,22,2,2,Cambridge International Mathematics (Extended),2026-04-27,PM,1h 30m,2026-04-27T05:00Z
june-2026,5,745760-june-2026-zone-5-timetable.txt,IG,0696,01,0,1,First Language Malay,2026-04-27,PM,2h,2026-04-27T05:00Z
june-2026,5,745760-june-2026-zone-5-timetable.txt,OL,1123,22,2,2,English Language,2026-04-27,PM,2h,2026-04-27T05:00Z
june-2026,5,745760-june-2026-zone-5-timetable.txt,AS,8021,12,1,2,English General Paper,2026-04-27,PM,1h 15m,2026-04-27T05:00Z
june-2026,5,745760-june-2026-zone-5-timetable.txt,AS,8238,32,3,2,Chinese Language,2026-04-27,PM,1h 30m,2026-04-27T05:00Z
june-2026,5,745760-june-2026-zone-5-timetable.txt,AS,9093,12,1,2,English Language,2026-04-27,PM,2h 15m,2026-04-27T05:00Z
june-2026,5,745760-june-2026-zone-5-timetable.txt,AL,9868,22,2,2,Chinese Language & Literature,2026-04-27,PM,2h,2026-04-27T05:00Z
june-2026,5,745760-june-2026-zone-5-timetable.txt,IG,0499,13,1,3,Sanskrit,2026-04-27,EV,1h 30m,2026-04-27T09:00Z
june-2026,5,745760-june-2026-zone-5-timetable.txt,OL,3226,02,0,2,Tamil,2026-04-27,EV,1h 30m,2026-04-27T09:00Z
june-2026,5,745760-june-2026-zone-5-timetable.txt,AS,8686,02,0,2,Urdu Language,2026-04-27,EV,1h 45m,2026-04-27T09:00Z
june-2026,5,745760-june-2026-zone-5-timetable.txt,AS,9694,13,1,3,Thinking Skills,2026-04-27,EV,1h 30m,2026-04-27T09:00Z
june-2026,5,745760-june-2026-zone-5-timetable.txt,AL,9844,23,2,3,Spanish Language & Literature,2026-04-27,EV,2h,2026-04-27T09:00Z
june-2026,5,745760-june-2026-zone-5-timetable.txt,IG,0525,13,1,3,German (Listening - Multiple Choice),2026-04-28,AM,50m,2026-04-28T01:00Z
june-2026,5,745760-june-2026-zone-5-timetable.txt,IG,0474,12,1,2,Literature in Spanish,2026-04-28,PM,1h 30m,2026-04-28T05:00Z
june-2026,5,745760-june-2026-zone-5-timetable.txt,IG,0525,43,4,3,German,2026-04-28,AM,1h,2026-04-28T01:00Z
june-2026,5,745760-june-2026-zone-5-timetable.txt,IG,0620,32,3,2,Chemistry (Core),2026-04-28,PM,1h 15m,2026-04-28T05:00Z
june-2026,5,745760-june-2026-zone-5-timetable.txt,IG,0535,13,1,3,Italian (Listening - Multiple Choice),2026-04-28,AM,50m,2026-04-28T01:00Z
june-2026,5,745760-june-2026-zone-5-timetable.txt,IG,0620,42,4,2,Chemistry (Extended),2026-04-28,PM,1h 15m,2026-04-28T05:00Z
june-2026,5,745760-june-2026-zone-5-timetable.txt,IG,0535,43,4,3,Italian,2026-04-28,AM,1h,2026-04-28T01:00Z
june-2026,5,745760-june-2026-zone-5-timetable.txt,OL,5070,22,2,2,Chemistry,2026-04-28,PM,1h 45m,2026-04-28T05:00Z
june-2026,5,745760-june-2026-zone-5-timetable.txt,AS,9693,23,2,3,Marine Science,2026-04-28,AM,1h 45m,2026-04-28T01:00Z
june-2026,5,745760-june-2026-zone-5-timetable.txt,AS,9702,33,3,3,Physics (Practical - Advanced),2026-04-28,PM,2h,2026-04-28T05:00Z
june-2026,5,745760-june-2026-zone-5-timetable.txt,AS,9990,12,1,2,Psychology,2026-04-28,PM,1h 30m,2026-04-28T05:00Z
june-2026,5,745760-june-2026-zone-5-timetable.txt,IG,0448,01,0,1,Pakistan Studies,2026-04-28,EV,1h 30m,2026-04-28T09:00Z
june-2026,5,745760-june-2026-zone-5-timetable.txt,AS,8291,13,1,3,Environmental Management,2026-04-28,EV,1h 45m,2026-04-28T09:00Z
june-2026,5,745760-june-2026-zone-5-timetable.txt,IG,0580,13,1,3,Mathematics (Without Coursework) (Core),2026-04-29,AM,1h 30m,2026-04-29T01:00Z
june-2026,5,745760-june-2026-zone-5-timetable.txt,IG,0523,01,0,1,Chinese as a Second Language,2026-04-29,PM,2h,2026-04-29T05:00Z
june-2026,5,745760-june-2026-zone-5-timetable.txt,IG,0580,23,2,3,Mathematics (Without Coursework) (Extended),2026-04-29,AM,2h,2026-04-29T01:00Z
june-2026,5,745760-june-2026-zone-5-timetable.txt,IG,0547,12,1,2,Mandarin Chinese (Listening - Multiple Choice),2026-04-29,PM,40m,2026-04-29T05:00Z
june-2026,5,745760-june-2026-zone-5-timetable.txt,OL,4024,13,1,3,Mathematics Syllabus D,2026-04-29,AM,2h,2026-04-29T01:00Z
june-2026,5,745760-june-2026-zone-5-timetable.txt,IG,0607,32,3,2,Cambridge International Mathematics (Core),2026-04-29,PM,1h 15m,2026-04-29T05:00Z
june-2026,5,745760-june-2026-zone-5-timetable.txt,AS,9709,13,1,3,Mathematics (Pure Mathematics 1),2026-04-29,AM,1h 50m,2026-04-29T01:00Z
june-2026,5,745760-june-2026-zone-5-timetable.txt,IG,0607,42,4,2,Cambridge International Mathematics (Extended),2026-04-29,PM,1h 30m,2026-04-29T05:00Z
june-2026,5,745760-june-2026-zone-5-timetable.txt,AS,8695,22,2,2,Language & Literature in English,2026-04-29,PM,2h,2026-04-29T05:00Z
june-2026,5,745760-june-2026-zone-5-timetable.txt,AS,9695,12,1,2,Literature in English,2026-04-29,PM,2h,2026-04-29T05:00Z
june-2026,5,745760-june-2026-zone-5-timetable.txt,AL,9868,32,3,2,Chinese Language & Literature,2026-04-29,PM,2h,2026-04-29T05:00Z
june-2026,5,745760-june-2026-zone-5-timetable.txt,AS,9395,13,1,3,Travel & Tourism,2026-04-30,AM,2h,2026-04-30T01:00Z
june-2026,5,745760-june-2026-zone-5-timetable.txt,IG,0610,32,3,2,Biology (Core),2026-04-30,PM,1h 15m,2026-04-30T05:00Z
june-2026,5,745760-june-2026-zone-5-timetable.txt,IG,0610,42,4,2,Biology (Extended),2026-04-30,PM,1h 15m,2026-04-30T05:00Z
june-2026,5,745760-june-2026-zone-5-timetable.txt,OL,5090,22,2,2,Biology,2026-04-30,PM,1h 45m,2026-04-30T05:00Z
june-2026,5,745760-june-2026-zone-5-timetable.txt,AS,9701,33,3,3,Chemistry (Practical - Advanced),2026-04-30,PM,2h,2026-04-30T05:00Z
june-2026,5,745760-june-2026-zone-5-timetable.txt,AS,9990,22,2,2,Psychology,2026-04-30,PM,1h 30m,2026-04-30T05:00Z
june-2026,5,745760-june-2026-zone-5-timetable.txt,IG,0499,23,2,3,Sanskrit,2026-04-30,EV,1h 30m,2026-04-30T09:00Z
june-2026,5,745760-june-2026-zone-5-timetable.txt,IG,0539,02,0,2,Urdu as a Second Language (Listening),2026-04-30,EV,45m,2026-04-30T09:00Z
june-2026,5,745760-june-2026-zone-5-timetable.txt,AS,9705,13,1,3,Design & Technology,2026-04-30,EV,2h 15m,2026-04-30T09:00Z
june-2026,5,745760-june-2026-zone-5-timetable.txt,IG,0535,23,2,3,Italian,2026-05-01,AM,1h,2026-05-01T01:00Z
june-2026,5,745760-june-2026-zone-5-timetable.txt,AS,9239,12,1,2,Global Perspectives & Research,2026-05-01,PM,1h 30m,2026-05-01T05:00Z
june-2026,5,745760-june-2026-zone-5-timetable.txt,AS,8022,33,3,3,Spanish Language,2026-05-01,EV,1h 30m,2026-05-01T09:00Z
june-2026,5,745760-june-2026-zone-5-timetable.txt,AS,9694,23,2,3,Thinking Skills,2026-05-01,EV,1h 45m,2026-05-01T09:00Z
june-2026,5,745760-june-2026-zone-5-timetable.txt,IG,0546,23,2,3,Malay,2026-05-04,AM,1h,2026-05-04T01:00Z
june-2026,5,745760-june-2026-zone-5-timetable.txt,IG,0696,02,0,2,First Language Malay,2026-05-04,PM,2h,2026-05-04T05:00Z
june-2026,5,745760-june-2026-zone-5-timetable.txt,OL,5054,22,2,2,Physics,2026-05-04,PM,1h 45m,2026-05-04T05:00Z
june-2026,5,745760-june-2026-zone-5-timetable.txt,AS,8021,22,2,2,English General Paper,2026-05-04,PM,1h 45m,2026-05-04T05:00Z
june-2026,5,745760-june-2026-zone-5-timetable.txt,AS,8695,12,1,2,Language & Literature in English,2026-05-04,PM,2h,2026-05-04T05:00Z
june-2026,5,745760-june-2026-zone-5-timetable.txt,AS,9093,22,2,2,English Language,2026-05-04,PM,2h,2026-05-04T05:00Z
june-2026,5,745760-june-2026-zone-5-timetable.txt,IG,0448,02,0,2,Pakistan Studies,2026-05-04,EV,1h 30m,2026-05-04T09:00Z
june-2026,5,745760-june-2026-zone-5-timetable.txt,AS,8291,23,2,3,Environmental Management,2026-05-04,EV,1h 45m,2026-05-04T09:00Z
june-2026,5,745760-june-2026-zone-5-timetable.txt,AL,9693,33,3,3,Marine Science,2026-05-04,EV,1h 45m,2026-05-04T09:00Z
june-2026,5,745760-june-2026-zone-5-timetable.txt,IG,0457,13,1,3,Global Perspectives,2026-05-05,AM,1h 25m,2026-05-05T01:00Z
june-2026,5,745760-june-2026-zone-5-timetable.txt,IG,0474,22,2,2,Literature in Spanish,2026-05-05,PM,2h,2026-05-05T05:00Z
june-2026,5,745760-june-2026-zone-5-timetable.txt,IG,0460,13,1,3,Geography,2026-05-05,AM,1h 45m,2026-05-05T01:00Z
june-2026,5,745760-june-2026-zone-5-timetable.txt,IG,0493,22,2,2,Islamiyat,2026-05-05,PM,1h 30m,2026-05-05T05:00Z
june-2026,5,745760-june-2026-zone-5-timetable.txt,OL,4024,23,2,3,Mathematics Syllabus D,2026-05-05,AM,2h,2026-05-05T01:00Z
june-2026,5,745760-june-2026-zone-5-timetable.txt,IG,0520,22,2,2,French,2026-05-05,PM,1h,2026-05-05T05:00Z
june-2026,5,745760-june-2026-zone-5-timetable.txt,AS,8684,02,0,2,Portuguese Language,2026-05-05,AM,1h 45m,2026-05-05T01:00Z
june-2026,5,745760-june-2026-zone-5-timetable.txt,OL,2058,22,2,2,Islamiyat,2026-05-05,PM,1h 30m,2026-05-05T05:00Z
june-2026,5,745760-june-2026-zone-5-timetable.txt,AS,9489,13,1,3,History,2026-05-05,AM,1h 15m,2026-05-05T01:00Z
june-2026,5,745760-june-2026-zone-5-timetable.txt,AS,9700,33,3,3,Biology (Practical - Advanced),2026-05-05,PM,2h,2026-05-05T05:00Z
june-2026,5,745760-june-2026-zone-5-timetable.txt,AS,9609,13,1,3,Business,2026-05-05,AM,1h 15m,2026-05-05T01:00Z
june-2026,5,745760-june-2026-zone-5-timetable.txt,AL,9718,02,0,2,Portuguese,2026-05-05,AM,1h 45m,2026-05-05T01:00Z
june-2026,5,745760-june-2026-zone-5-timetable.txt,IG,0580,33,3,3,Mathematics (Without Coursework) (Core),2026-05-06,AM,1h 30m,2026-05-06T01:00Z
june-2026,5,745760-june-2026-zone-5-timetable.txt,IG,0472,22,2,2,English (as an Additional Language),2026-05-06,PM,1h,2026-05-06T05:00Z
june-2026,5,745760-june-2026-zone-5-timetable.txt,IG,0580,43,4,3,Mathematics (Without Coursework) (Extended),2026-05-06,AM,2h,2026-05-06T01:00Z
june-2026,5,745760-june-2026-zone-5-timetable.txt,IG,0472,42,4,2,English (as an Additional Language),2026-05-06,PM,1h,2026-05-06T05:00Z
june-2026,5,745760-june-2026-zone-5-timetable.txt,AS,9709,43,4,3,Mathematics (Mechanics),2026-05-06,AM,1h 15m,2026-05-06T01:00Z
june-2026,5,745760-june-2026-zone-5-timetable.txt,IG,0500,12,1,2,First Language English (Oral Endorsement),2026-05-06,PM,2h,2026-05-06T05:00Z
june-2026,5,745760-june-2026-zone-5-timetable.txt,AL,9709,63,6,3,Mathematics (Probability & Statistics 2),2026-05-06,AM,1h 15m,2026-05-06T01:00Z
june-2026,5,745760-june-2026-zone-5-timetable.txt,IG,0510,12,1,2,English as a Second Language (Speaking Endorsement),2026-05-06,PM,2h,2026-05-06T05:00Z
june-2026,5,745760-june-2026-zone-5-timetable.txt,IG,0511,12,1,2,English as a Second Language (Count-in Speaking),2026-05-06,PM,2h,2026-05-06T05:00Z
june-2026,5,745760-june-2026-zone-5-timetable.txt,OL,1123,12,1,2,English Language,2026-05-06,PM,2h,2026-05-06T05:00Z
june-2026,5,745760-june-2026-zone-5-timetable.txt,AS,9607,22,2,2,Media Studies,2026-05-06,PM,2h,2026-05-06T05:00Z
june-2026,5,745760-june-2026-zone-5-timetable.txt,AS,9708,22,2,2,Economics,2026-05-06,PM,2h,2026-05-06T05:00Z
june-2026,5,745760-june-2026-zone-5-timetable.txt,AS,9709,23,2,3,Mathematics (Pure Mathematics 2),2026-05-06,EV,1h 15m,2026-05-06T09:00Z
june-2026,5,745760-june-2026-zone-5-timetable.txt,AL,9694,33,3,3,Thinking Skills,2026-05-06,EV,2h,2026-05-06T09:00Z
june-2026,5,745760-june-2026-zone-5-timetable.txt,IG,0417,13,1,3,Information & Communication Technology,2026-05-07,AM,1h 30m,2026-05-07T01:00Z
june-2026,5,745760-june-2026-zone-5-timetable.txt,IG,0620,52,5,2,Chemistry (Practical),2026-05-07,PM,1h 15m,2026-05-07T05:00Z
june-2026,5,745760-june-2026-zone-5-timetable.txt,IG,0470,13,1,3,History,2026-05-07,AM,2h,2026-05-07T01:00Z
june-2026,5,745760-june-2026-zone-5-timetable.txt,IG,0620,62,6,2,Chemistry (Alternative to Practical),2026-05-07,PM,1h,2026-05-07T05:00Z
june-2026,5,745760-june-2026-zone-5-timetable.txt,OL,2147,13,1,3,History,2026-05-07,AM,2h,2026-05-07T01:00Z
june-2026,5,745760-june-2026-zone-5-timetable.txt,IG,0653,32,3,2,Combined Science (Core),2026-05-07,PM,1h 15m,2026-05-07T05:00Z
june-2026,5,745760-june-2026-zone-5-timetable.txt,AS,9231,13,1,3,Further Mathematics,2026-05-07,AM,2h,2026-05-07T01:00Z
june-2026,5,745760-june-2026-zone-5-timetable.txt,IG,0653,42,4,2,Combined Science (Extended),2026-05-07,PM,1h 15m,2026-05-07T05:00Z
june-2026,5,745760-june-2026-zone-5-timetable.txt,AS,9489,23,2,3,History,2026-05-07,AM,1h 45m,2026-05-07T01:00Z
june-2026,5,745760-june-2026-zone-5-timetable.txt,IG,0654,32,3,2,Co-ordinated Sciences (Double Award) (Core),2026-05-07,PM,2h,2026-05-07T05:00Z
june-2026,5,745760-june-2026-zone-5-timetable.txt,IG,0654,42,4,2,Co-ordinated Sciences (Double Award) (Extended),2026-05-07,PM,2h,2026-05-07T05:00Z
june-2026,5,745760-june-2026-zone-5-timetable.txt,OL,5070,32,3,2,Chemistry (Practical),2026-05-07,PM,1h 30m,2026-05-07T05:00Z
june-2026,5,745760-june-2026-zone-5-timetable.txt,OL,5070,42,4,2,Chemistry (Alternative to Practical),2026-05-07,PM,1h,2026-05-07T05:00Z
june-2026,5,745760-june-2026-zone-5-timetable.txt,AS,9696,12,1,2,Geography (Core),2026-05-07,PM,1h 30m,2026-05-07T05:00Z
june-2026,5,745760-june-2026-zone-5-timetable.txt,AL,9701,42,4,2,Chemistry,2026-05-07,PM,2h,2026-05-07T05:00Z
june-2026,5,745760-june-2026-zone-5-timetable.txt,AL,9693,43,4,3,Marine Science,2026-05-07,EV,1h 45m,2026-05-07T09:00Z
june-2026,5,745760-june-2026-zone-5-timetable.txt,AL,9705,33,3,3,Design & Technology,2026-05-07,EV,2h 30m,2026-05-07T09:00Z
june-2026,5,745760-june-2026-zone-5-timetable.txt,IG,0471,13,1,3,Travel & Tourism,2026-05-08,AM,1h 30m,2026-05-08T01:00Z
june-2026,5,745760-june-2026-zone-5-timetable.txt,IG,0408,22,2,2,World Literature,2026-05-08,PM,1h 15m,2026-05-08T05:00Z
june-2026,5,745760-june-2026-zone-5-timetable.txt,IG,0475,13,1,3,Literature in English,2026-05-08,AM,1h 30m,2026-05-08T01:00Z
june-2026,5,745760-june-2026-zone-5-timetable.txt,IG,0625,32,3,2,Physics (Core),2026-05-08,PM,1h 15m,2026-05-08T05:00Z
june-2026,5,745760-june-2026-zone-5-timetable.txt,IG,0480,13,1,3,Latin,2026-05-08,AM,1h 30m,2026-05-08T01:00Z
june-2026,5,745760-june-2026-zone-5-timetable.txt,IG,0625,42,4,2,Physics (Extended),2026-05-08,PM,1h 15m,2026-05-08T05:00Z
june-2026,5,745760-june-2026-zone-5-timetable.txt,OL,2010,13,1,3,Literature in English,2026-05-08,AM,1h 30m,2026-05-08T01:00Z
june-2026,5,745760-june-2026-zone-5-timetable.txt,AL,9093,32,3,2,English Language,2026-05-08,PM,2h 15m,2026-05-08T05:00Z
june-2026,5,745760-june-2026-zone-5-timetable.txt,AS,8684,03,0,3,Portuguese Language,2026-05-08,AM,1h 30m,2026-05-08T01:00Z
june-2026,5,745760-june-2026-zone-5-timetable.txt,AL,9700,42,4,2,Biology,2026-05-08,PM,2h,2026-05-08T05:00Z
june-2026,5,745760-june-2026-zone-5-timetable.txt,AS,9618,13,1,3,Computer Science,2026-05-08,AM,1h 30m,2026-05-08T01:00Z
june-2026,5,745760-june-2026-zone-5-timetable.txt,AS,8022,13,1,3,Spanish Language (Listening - Multiple Choice),2026-05-08,EV,1h,2026-05-08T09:00Z
june-2026,5,745760-june-2026-zone-5-timetable.txt,AS,9626,13,1,3,Information Technology,2026-05-08,AM,1h 45m,2026-05-08T01:00Z
june-2026,5,745760-june-2026-zone-5-timetable.txt,AL,9844,33,3,3,Spanish Language & Literature,2026-05-08,EV,2h,2026-05-08T09:00Z
june-2026,5,745760-june-2026-zone-5-timetable.txt,AS,9706,23,2,3,Accounting,2026-05-08,AM,1h 45m,2026-05-08T01:00Z
june-2026,5,745760-june-2026-zone-5-timetable.txt,AL,9718,03,0,3,Portuguese,2026-05-08,AM,1h 30m,2026-05-08T01:00Z
june-2026,5,745760-june-2026-zone-5-timetable.txt,IG,0475,23,2,3,Literature in English,2026-05-11,AM,1h 30m,2026-05-11T01:00Z
june-2026,5,745760-june-2026-zone-5-timetable.txt,IG,0450,12,1,2,Business Studies,2026-05-11,PM,1h 30m,2026-05-11T05:00Z
june-2026,5,745760-june-2026-zone-5-timetable.txt,IG,0475,33,3,3,Literature in English,2026-05-11,AM,45m,2026-05-11T01:00Z
june-2026,5,745760-june-2026-zone-5-timetable.txt,IG,0523,02,0,2,Chinese as a Second Language (Listening),2026-05-11,PM,45m,2026-05-11T05:00Z
june-2026,5,745760-june-2026-zone-5-timetable.txt,IG,0475,43,4,3,Literature in English,2026-05-11,AM,1h 15m,2026-05-11T01:00Z
june-2026,5,745760-june-2026-zone-5-timetable.txt,IG,0547,22,2,2,Mandarin Chinese,2026-05-11,PM,1h 15m,2026-05-11T05:00Z
june-2026,5,745760-june-2026-zone-5-timetable.txt,OL,2010,23,2,3,Literature in English,2026-05-11,AM,1h 30m,2026-05-11T01:00Z
june-2026,5,745760-june-2026-zone-5-timetable.txt,OL,7115,12,1,2,Business Studies,2026-05-11,PM,1h 30m,2026-05-11T05:00Z
june-2026,5,745760-june-2026-zone-5-timetable.txt,AS,9609,23,2,3,Business,2026-05-11,AM,1h 30m,2026-05-11T01:00Z
june-2026,5,745760-june-2026-zone-5-timetable.txt,AS,9695,22,2,2,Literature in English,2026-05-11,PM,2h,2026-05-11T05:00Z
june-2026,5,745760-june-2026-zone-5-timetable.txt,AL,9702,42,4,2,Physics,2026-05-11,PM,2h,2026-05-11T05:00Z
june-2026,5,745760-june-2026-zone-5-timetable.txt,AS,8022,23,2,3,Spanish Language (Multiple Choice),2026-05-11,EV,1h 30m,2026-05-11T09:00Z
june-2026,5,745760-june-2026-zone-5-timetable.txt,AL,9694,43,4,3,Thinking Skills,2026-05-11,EV,1h 45m,2026-05-11T09:00Z
june-2026,5,745760-june-2026-zone-5-timetable.txt,AL,9844,13,1,3,Spanish Language & Literature (Multiple Choice),2026-05-11,EV,1h 30m,2026-05-11T09:00Z
june-2026,5,745760-june-2026-zone-5-timetable.txt,IG,0445,13,1,3,Design & Technology,2026-05-12,AM,1h 15m,2026-05-12T01:00Z
june-2026,5,745760-june-2026-zone-5-timetable.txt,IG,0610,52,5,2,Biology (Practical),2026-05-12,PM,1h 15m,2026-05-12T05:00Z
june-2026,5,745760-june-2026-zone-5-timetable.txt,AS,9699,13,1,3,Sociology,2026-05-12,AM,1h 30m,2026-05-12T01:00Z
june-2026,5,745760-june-2026-zone-5-timetable.txt,IG,0610,62,6,2,Biology (Alternative to Practical),2026-05-12,PM,1h,2026-05-12T05:00Z
june-2026,5,745760-june-2026-zone-5-timetable.txt,AS,9709,53,5,3,Mathematics (Probability & Statistics 1),2026-05-12,AM,1h 15m,2026-05-12T01:00Z
june-2026,5,745760-june-2026-zone-5-timetable.txt,IG,0653,52,5,2,Combined Science (Practical),2026-05-12,PM,1h 15m,2026-05-12T05:00Z
june-2026,5,745760-june-2026-zone-5-timetable.txt,IG,0653,62,6,2,Combined Science (Alternative to Practical),2026-05-12,PM,1h,2026-05-12T05:00Z
june-2026,5,745760-june-2026-zone-5-timetable.txt,IG,0654,52,5,2,Co-ordinated Sciences (Double Award) (Practical),2026-05-12,PM,2h,2026-05-12T05:00Z
june-2026,5,745760-june-2026-zone-5-timetable.txt,IG,0654,62,6,2,Co-ordinated Sciences (Double Award) (Alternative to Practical),2026-05-12,PM,1h 30m,2026-05-12T05:00Z
june-2026,5,745760-june-2026-zone-5-timetable.txt,OL,5090,32,3,2,Biology (Practical),2026-05-12,PM,1h 30m,2026-05-12T05:00Z
june-2026,5,745760-june-2026-zone-5-timetable.txt,OL,5090,42,4,2,Biology (Alternative to Practical),2026-05-12,PM,1h,2026-05-12T05:00Z
june-2026,5,745760-june-2026-zone-5-timetable.txt,AS,9696,22,2,2,Geography (Core),2026-05-12,PM,1h 30m,2026-05-12T05:00Z
june-2026,5,745760-june-2026-zone-5-timetable.txt,AL,9990,32,3,2,Psychology,2026-05-12,PM,1h 30m,2026-05-12T05:00Z
june-2026,5,745760-june-2026-zone-5-timetable.txt,IG,0697,13,1,3,Marine Science,2026-05-12,EV,1h 45m,2026-05-12T09:00Z
june-2026,5,745760-june-2026-zone-5-timetable.txt,IG,0460,23,2,3,Geography,2026-05-13,AM,1h 30m,2026-05-13T01:00Z
june-2026,5,745760-june-2026-zone-5-timetable.txt,IG,0478,12,1,2,Computer Science,2026-05-13,PM,1h 45m,2026-05-13T05:00Z
june-2026,5,745760-june-2026-zone-5-timetable.txt,IG,0525,23,2,3,German,2026-05-13,AM,1h,2026-05-13T01:00Z
june-2026,5,745760-june-2026-zone-5-timetable.txt,IG,0607,52,5,2,Cambridge International Mathematics (Core),2026-05-13,PM,1h 15m,2026-05-13T05:00Z
june-2026,5,745760-june-2026-zone-5-timetable.txt,AS,9618,23,2,3,Computer Science,2026-05-13,AM,2h,2026-05-13T01:00Z
june-2026,5,745760-june-2026-zone-5-timetable.txt,IG,0607,62,6,2,Cambridge International Mathematics (Extended),2026-05-13,PM,1h 30m,2026-05-13T05:00Z
june-2026,5,745760-june-2026-zone-5-timetable.txt,AL,9489,33,3,3,History,2026-05-13,AM,1h 15m,2026-05-13T01:00Z
june-2026,5,745760-june-2026-zone-5-timetable.txt,OL,2210,12,1,2,Computer Science,2026-05-13,PM,1h 45m,2026-05-13T05:00Z
june-2026,5,745760-june-2026-zone-5-timetable.txt,AL,9609,33,3,3,Business,2026-05-13,AM,1h 45m,2026-05-13T01:00Z
june-2026,5,745760-june-2026-zone-5-timetable.txt,AS,9700,22,2,2,Biology,2026-05-13,PM,1h 15m,2026-05-13T05:00Z
june-2026,5,745760-june-2026-zone-5-timetable.txt,AL,9700,52,5,2,Biology,2026-05-13,PM,1h 15m,2026-05-13T05:00Z
june-2026,5,745760-june-2026-zone-5-timetable.txt,IG,0546,43,4,3,Malay,2026-05-14,AM,1h,2026-05-14T01:00Z
june-2026,5,745760-june-2026-zone-5-timetable.txt,IG,0408,32,3,2,World Literature,2026-05-14,PM,1h 30m,2026-05-14T05:00Z
june-2026,5,745760-june-2026-zone-5-timetable.txt,AL,9706,33,3,3,Accounting,2026-05-14,AM,1h 30m,2026-05-14T01:00Z
june-2026,5,745760-june-2026-zone-5-timetable.txt,AS,9702,34,3,4,Physics (Practical - Advanced),2026-05-14,PM,2h,2026-05-14T05:00Z
june-2026,5,745760-june-2026-zone-5-timetable.txt,AL,9990,42,4,2,Psychology,2026-05-14,PM,1h 30m,2026-05-14T05:00Z
june-2026,5,745760-june-2026-zone-5-timetable.txt,IG,0539,01,0,1,Urdu as a Second Language,2026-05-14,EV,2h,2026-05-14T09:00Z
june-2026,5,745760-june-2026-zone-5-timetable.txt,IG,0697,23,2,3,Marine Science,2026-05-14,EV,1h 45m,2026-05-14T09:00Z
june-2026,5,745760-june-2026-zone-5-timetable.txt,IG,0470,23,2,3,History,2026-05-15,AM,1h 45m,2026-05-15T01:00Z
june-2026,5,745760-june-2026-zone-5-timetable.txt,IG,0500,22,2,2,First Language English (Oral Endorsement),2026-05-15,PM,2h,2026-05-15T05:00Z
june-2026,5,745760-june-2026-zone-5-timetable.txt,IG,0480,23,2,3,Latin,2026-05-15,AM,1h 30m,2026-05-15T01:00Z
june-2026,5,745760-june-2026-zone-5-timetable.txt,AL,9695,32,3,2,Literature in English,2026-05-15,PM,2h,2026-05-15T05:00Z
june-2026,5,745760-june-2026-zone-5-timetable.txt,IG,0495,13,1,3,Sociology,2026-05-15,AM,2h,2026-05-15T01:00Z
june-2026,5,745760-june-2026-zone-5-timetable.txt,AL,9696,32,3,2,Geography (Advanced),2026-05-15,PM,1h 30m,2026-05-15T05:00Z
june-2026,5,745760-june-2026-zone-5-timetable.txt,OL,2147,23,2,3,History,2026-05-15,AM,1h 45m,2026-05-15T01:00Z
june-2026,5,745760-june-2026-zone-5-timetable.txt,AS,9699,23,2,3,Sociology,2026-05-15,AM,1h 30m,2026-05-15T01:00Z
june-2026,5,745760-june-2026-zone-5-timetable.txt,AL,9709,33,3,3,Mathematics (Pure Mathematics 3),2026-05-15,AM,1h 50m,2026-05-15T01:00Z
june-2026,5,745760-june-2026-zone-5-timetable.txt,IG,0470,43,4,3,History,2026-05-18,AM,1h,2026-05-18T01:00Z
june-2026,5,745760-june-2026-zone-5-timetable.txt,IG,0450,22,2,2,Business Studies,2026-05-18,PM,1h 30m,2026-05-18T05:00Z
june-2026,5,745760-june-2026-zone-5-timetable.txt,AL,9609,43,4,3,Business,2026-05-18,AM,1h 15m,2026-05-18T01:00Z
june-2026,5,745760-june-2026-zone-5-timetable.txt,IG,0606,12,1,2,Additional Mathematics,2026-05-18,PM,2h,2026-05-18T05:00Z
june-2026,5,745760-june-2026-zone-5-timetable.txt,OL,4037,12,1,2,Additional Mathematics,2026-05-18,PM,2h,2026-05-18T05:00Z
june-2026,5,745760-june-2026-zone-5-timetable.txt,OL,7115,22,2,2,Business Studies,2026-05-18,PM,1h 30m,2026-05-18T05:00Z
june-2026,5,745760-june-2026-zone-5-timetable.txt,AS,9701,22,2,2,Chemistry,2026-05-18,PM,1h 15m,2026-05-18T05:00Z
june-2026,5,745760-june-2026-zone-5-timetable.txt,AL,9607,42,4,2,Media Studies,2026-05-18,PM,2h,2026-05-18T05:00Z
june-2026,5,745760-june-2026-zone-5-timetable.txt,AL,9701,52,5,2,Chemistry,2026-05-18,PM,1h 15m,2026-05-18T05:00Z
june-2026,5,745760-june-2026-zone-5-timetable.txt,AS,8386,13,1,3,Sport & Physical Education,2026-05-18,EV,1h 45m,2026-05-18T09:00Z
june-2026,5,745760-june-2026-zone-5-timetable.txt,IG,0471,23,2,3,Travel & Tourism,2026-05-19,AM,2h,2026-05-19T01:00Z
june-2026,5,745760-june-2026-zone-5-timetable.txt,IG,0625,52,5,2,Physics (Practical),2026-05-19,PM,1h 15m,2026-05-19T05:00Z
june-2026,5,745760-june-2026-zone-5-timetable.txt,IG,0530,23,2,3,Spanish,2026-05-19,AM,1h,2026-05-19T01:00Z
june-2026,5,745760-june-2026-zone-5-timetable.txt,IG,0625,62,6,2,Physics (Alternative to Practical),2026-05-19,PM,1h,2026-05-19T05:00Z
june-2026,5,745760-june-2026-zone-5-timetable.txt,AS,8028,13,1,3,French Language (Listening - Multiple Choice),2026-05-19,AM,1h,2026-05-19T01:00Z
june-2026,5,745760-june-2026-zone-5-timetable.txt,OL,5054,32,3,2,Physics (Practical),2026-05-19,PM,1h 30m,2026-05-19T05:00Z
june-2026,5,745760-june-2026-zone-5-timetable.txt,AL,9618,33,3,3,Computer Science (Advanced),2026-05-19,AM,1h 30m,2026-05-19T01:00Z
june-2026,5,745760-june-2026-zone-5-timetable.txt,OL,5054,42,4,2,Physics (Alternative to Practical),2026-05-19,PM,1h,2026-05-19T05:00Z
june-2026,5,745760-june-2026-zone-5-timetable.txt,AL,9626,33,3,3,Information Technology (Advanced),2026-05-19,AM,1h 45m,2026-05-19T01:00Z
june-2026,5,745760-june-2026-zone-5-timetable.txt,AL,9093,42,4,2,English Language,2026-05-19,PM,2h 15m,2026-05-19T05:00Z
june-2026,5,745760-june-2026-zone-5-timetable.txt,AL,9708,42,4,2,Economics,2026-05-19,PM,2h,2026-05-19T05:00Z
june-2026,5,745760-june-2026-zone-5-timetable.txt,AL,9395,33,3,3,Travel & Tourism,2026-05-19,EV,1h 30m,2026-05-19T09:00Z
june-2026,5,745760-june-2026-zone-5-timetable.txt,IG,0460,43,4,3,Geography,2026-05-20,AM,1h 30m,2026-05-20T01:00Z
june-2026,5,745760-june-2026-zone-5-timetable.txt,IG,0452,22,2,2,Accounting,2026-05-20,PM,1h 45m,2026-05-20T05:00Z
june-2026,5,745760-june-2026-zone-5-timetable.txt,AS,9482,13,1,3,Drama,2026-05-20,AM,2h,2026-05-20T01:00Z
june-2026,5,745760-june-2026-zone-5-timetable.txt,IG,0478,22,2,2,Computer Science,2026-05-20,PM,1h 45m,2026-05-20T05:00Z
june-2026,5,745760-june-2026-zone-5-timetable.txt,AS,9483,13,1,3,Music (Listening),2026-05-20,AM,2h,2026-05-20T01:00Z
june-2026,5,745760-june-2026-zone-5-timetable.txt,OL,2210,22,2,2,Computer Science,2026-05-20,PM,1h 45m,2026-05-20T05:00Z
june-2026,5,745760-june-2026-zone-5-timetable.txt,AL,9489,43,4,3,History,2026-05-20,AM,1h 45m,2026-05-20T01:00Z
june-2026,5,745760-june-2026-zone-5-timetable.txt,OL,7707,22,2,2,Accounting,2026-05-20,PM,1h 45m,2026-05-20T05:00Z
june-2026,5,745760-june-2026-zone-5-timetable.txt,AS,9702,22,2,2,Physics,2026-05-20,PM,1h 15m,2026-05-20T05:00Z
june-2026,5,745760-june-2026-zone-5-timetable.txt,AL,9702,52,5,2,Physics,2026-05-20,PM,1h 15m,2026-05-20T05:00Z
june-2026,5,745760-june-2026-zone-5-timetable.txt,AS,8686,03,0,3,Urdu Language,2026-05-20,EV,1h 30m,2026-05-20T09:00Z
june-2026,5,745760-june-2026-zone-5-timetable.txt,IG,0410,13,1,3,Music (Listening),2026-05-21,AM,1h 15m,2026-05-21T01:00Z
june-2026,5,745760-june-2026-zone-5-timetable.txt,IG,0472,12,1,2,English (as an Additional Language) (Listening - Multiple Choice),2026-05-21,PM,50m,2026-05-21T05:00Z
june-2026,5,745760-june-2026-zone-5-timetable.txt,IG,0530,13,1,3,Spanish (Listening - Multiple Choice),2026-05-21,AM,50m,2026-05-21T01:00Z
june-2026,5,745760-june-2026-zone-5-timetable.txt,IG,0510,22,2,2,,2026-05-21,PM,50m,2026-05-21T05:00Z
june-2026,5,745760-june-2026-zone-5-timetable.txt,IG,0530,43,4,3,Spanish,2026-05-21,AM,1h,2026-05-21T01:00Z
june-2026,5,745760-june-2026-zone-5-timetable.txt,AS,9231,33,3,3,Further Mathematics,2026-05-21,AM,1h 30m,2026-05-21T01:00Z
june-2026,5,745760-june-2026-zone-5-timetable.txt,IG,0511,22,2,2,English as a Second Language (Count-in Speaking) (Listening),2026-05-21,PM,50m,2026-05-21T05:00Z
june-2026,5,745760-june-2026-zone-5-timetable.txt,AL,9706,43,4,3,Accounting,2026-05-21,AM,1h,2026-05-21T01:00Z
june-2026,5,745760-june-2026-zone-5-timetable.txt,IG,0680,12,1,2,Environmental Management,2026-05-21,PM,1h 45m,2026-05-21T05:00Z
june-2026,5,745760-june-2026-zone-5-timetable.txt,OL,5014,12,1,2,Environmental Management,2026-05-21,PM,1h 45m,2026-05-21T05:00Z
june-2026,5,745760-june-2026-zone-5-timetable.txt,AL,9695,42,4,2,Literature in English,2026-05-21,PM,2h,2026-05-21T05:00Z
june-2026,5,745760-june-2026-zone-5-timetable.txt,AL,9696,42,4,2,Geography (Advanced),2026-05-21,PM,1h 30m,2026-05-21T05:00Z
june-2026,5,745760-june-2026-zone-5-timetable.txt,AL,9395,43,4,3,Travel & Tourism,2026-05-21,EV,1h 30m,2026-05-21T09:00Z
june-2026,5,745760-june-2026-zone-5-timetable.txt,IG,0413,13,1,3,Physical Education,2026-05-22,AM,1h 45m,2026-05-22T01:00Z
june-2026,5,745760-june-2026-zone-5-timetable.txt,IG,0455,22,2,2,Economics,2026-05-22,PM,2h 15m,2026-05-22T05:00Z
june-2026,5,745760-june-2026-zone-5-timetable.txt,IG,0544,13,1,3,Arabic (Listening - Multiple Choice),2026-05-22,AM,50m,2026-05-22T01:00Z
june-2026,5,745760-june-2026-zone-5-timetable.txt,OL,2281,22,2,2,Economics,2026-05-22,PM,2h 15m,2026-05-22T05:00Z
june-2026,5,745760-june-2026-zone-5-timetable.txt,IG,0544,43,4,3,Arabic,2026-05-22,AM,1h,2026-05-22T01:00Z
june-2026,5,745760-june-2026-zone-5-timetable.txt,AS,9084,12,1,2,Law,2026-05-22,PM,1h 30m,2026-05-22T05:00Z
june-2026,5,745760-june-2026-zone-5-timetable.txt,AS,8028,23,2,3,French Language (Multiple Choice),2026-05-22,AM,1h 30m,2026-05-22T01:00Z
june-2026,5,745760-june-2026-zone-5-timetable.txt,AS,8027,33,3,3,German Language,2026-05-22,EV,1h 30m,2026-05-22T09:00Z
june-2026,5,745760-june-2026-zone-5-timetable.txt,AL,9897,23,2,3,German Language & Literature,2026-05-22,EV,2h,2026-05-22T09:00Z
june-2026,5,745760-june-2026-zone-5-timetable.txt,IG,0546,13,1,3,Malay (Listening - Multiple Choice),2026-05-25,AM,50m,2026-05-25T01:00Z
june-2026,5,745760-june-2026-zone-5-timetable.txt,IG,0538,02,0,2,Bahasa Indonesia,2026-05-25,PM,1h 45m,2026-05-25T05:00Z
june-2026,5,745760-june-2026-zone-5-timetable.txt,AL,9231,23,2,3,Further Mathematics,2026-05-25,AM,2h,2026-05-25T01:00Z
june-2026,5,745760-june-2026-zone-5-timetable.txt,IG,0695,01,0,1,First Language Vietnamese,2026-05-25,PM,2h,2026-05-25T05:00Z
june-2026,5,745760-june-2026-zone-5-timetable.txt,AS,8238,12,1,2,Chinese Language (Listening - Multiple Choice),2026-05-25,PM,1h,2026-05-25T05:00Z
june-2026,5,745760-june-2026-zone-5-timetable.txt,AL,9868,12,1,2,Chinese Language & Literature (Multiple Choice),2026-05-25,PM,1h 30m,2026-05-25T05:00Z
june-2026,5,745760-june-2026-zone-5-timetable.txt,IG,0495,23,2,3,Sociology,2026-05-26,AM,1h 45m,2026-05-26T01:00Z
june-2026,5,745760-june-2026-zone-5-timetable.txt,IG,0502,12,1,2,First Language Spanish,2026-05-26,PM,2h,2026-05-26T05:00Z
june-2026,5,745760-june-2026-zone-5-timetable.txt,AL,9699,33,3,3,Sociology,2026-05-26,AM,1h 15m,2026-05-26T01:00Z
june-2026,5,745760-june-2026-zone-5-timetable.txt,IG,0606,22,2,2,Additional Mathematics,2026-05-26,PM,2h,2026-05-26T05:00Z
june-2026,5,745760-june-2026-zone-5-timetable.txt,OL,4037,22,2,2,Additional Mathematics,2026-05-26,PM,2h,2026-05-26T05:00Z
june-2026,5,745760-june-2026-zone-5-timetable.txt,AS,9700,34,3,4,Biology (Practical - Advanced),2026-05-26,PM,2h,2026-05-26T05:00Z
june-2026,5,745760-june-2026-zone-5-timetable.txt,AL,9897,33,3,3,German Language & Literature,2026-05-26,EV,2h,2026-05-26T09:00Z
june-2026,5,745760-june-2026-zone-5-timetable.txt,AL,9898,33,3,3,French Language & Literature,2026-05-26,EV,2h,2026-05-26T09:00Z
june-2026,5,745760-june-2026-zone-5-timetable.txt,OL,7100,23,2,3,Commerce,2026-05-28,AM,2h,2026-05-28T01:00Z
june-2026,5,745760-june-2026-zone-5-timetable.txt,AS,9701,34,3,4,Chemistry (Practical - Advanced),2026-05-28,PM,2h,2026-05-28T05:00Z
june-2026,5,745760-june-2026-zone-5-timetable.txt,AL,9699,43,4,3,Sociology,2026-05-28,AM,1h 45m,2026-05-28T01:00Z
june-2026,5,745760-june-2026-zone-5-timetable.txt,AS,9231,43,4,3,Further Mathematics,2026-05-29,AM,1h 30m,2026-05-29T01:00Z
june-2026,5,745760-june-2026-zone-5-timetable.txt,IG,0502,22,2,2,First Language Spanish,2026-05-29,PM,2h,2026-05-29T05:00Z
june-2026,5,745760-june-2026-zone-5-timetable.txt,IG,0695,02,0,2,First Language Vietnamese,2026-05-29,PM,2h,2026-05-29T05:00Z
june-2026,5,745760-june-2026-zone-5-timetable.txt,AS,8238,22,2,2,Chinese Language (Multiple Choice),2026-05-29,PM,1h 30m,2026-05-29T05:00Z
june-2026,5,745760-june-2026-zone-5-timetable.txt,AS,9084,22,2,2,Law,2026-05-29,PM,1h 30m,2026-05-29T05:00Z
june-2026,5,745760-june-2026-zone-5-timetable.txt,AL,9898,13,1,3,French Language & Literature (Multiple Choice),2026-05-29,EV,1h 30m,2026-05-29T09:00Z
june-2026,5,745760-june-2026-zone-5-timetable.txt,IG,0680,22,2,2,Environmental Management,2026-06-01,PM,1h 45m,2026-06-01T05:00Z
june-2026,5,745760-june-2026-zone-5-timetable.txt,OL,5014,22,2,2,Environmental Management,2026-06-01,PM,1h 45m,2026-06-01T05:00Z
june-2026,5,745760-june-2026-zone-5-timetable.txt,AL,9084,32,3,2,Law,2026-06-01,PM,1h 30m,2026-06-01T05:00Z
june-2026,5,745760-june-2026-zone-5-timetable.txt,IG,0411,13,1,3,Drama,2026-06-02,AM,2h 30m,2026-06-02T01:00Z
june-2026,5,745760-june-2026-zone-5-timetable.txt,AS,9701,12,1,2,Chemistry (Multiple Choice),2026-06-02,PM,1h 15m,2026-06-02T05:00Z
june-2026,5,745760-june-2026-zone-5-timetable.txt,AL,9718,04,0,4,Portuguese,2026-06-02,AM,2h 30m,2026-06-02T01:00Z
june-2026,5,745760-june-2026-zone-5-timetable.txt,AS,8027,13,1,3,German Language (Listening - Multiple Choice),2026-06-02,EV,1h,2026-06-02T09:00Z
june-2026,5,745760-june-2026-zone-5-timetable.txt,AL,9897,13,1,3,German Language & Literature (Multiple Choice),2026-06-02,EV,1h 30m,2026-06-02T09:00Z
june-2026,5,745760-june-2026-zone-5-timetable.txt,IG,0454,13,1,3,Enterprise,2026-06-03,AM,1h 30m,2026-06-03T01:00Z
june-2026,5,745760-june-2026-zone-5-timetable.txt,IG,0625,12,1,2,Physics (Multiple Choice - Core),2026-06-03,PM,45m,2026-06-03T05:00Z
june-2026,5,745760-june-2026-zone-5-timetable.txt,OL,7100,13,1,3,Commerce (Multiple Choice),2026-06-03,AM,1h,2026-06-03T01:00Z
june-2026,5,745760-june-2026-zone-5-timetable.txt,IG,0625,22,2,2,Physics (Multiple Choice - Extended),2026-06-03,PM,45m,2026-06-03T05:00Z
june-2026,5,745760-june-2026-zone-5-timetable.txt,AS,9706,13,1,3,Accounting (Multiple Choice),2026-06-03,AM,1h,2026-06-03T01:00Z
june-2026,5,745760-june-2026-zone-5-timetable.txt,IG,0653,12,1,2,Combined Science (Multiple Choice - Core),2026-06-03,PM,45m,2026-06-03T05:00Z
june-2026,5,745760-june-2026-zone-5-timetable.txt,IG,0653,22,2,2,Combined Science (Multiple Choice - Extended),2026-06-03,PM,45m,2026-06-03T05:00Z
june-2026,5,745760-june-2026-zone-5-timetable.txt,IG,0654,12,1,2,Co-ordinated Sciences (Double Award) (Multiple Choice - Core),2026-06-03,PM,45m,2026-06-03T05:00Z
june-2026,5,745760-june-2026-zone-5-timetable.txt,IG,0654,22,2,2,,2026-06-03,PM,45m,2026-06-03T05:00Z
june-2026,5,745760-june-2026-zone-5-timetable.txt,OL,5054,12,1,2,Physics (Multiple Choice),2026-06-03,PM,1h,2026-06-03T05:00Z
june-2026,5,745760-june-2026-zone-5-timetable.txt,AS,9702,12,1,2,Physics (Multiple Choice),2026-06-03,PM,1h 15m,2026-06-03T05:00Z
june-2026,5,745760-june-2026-zone-5-timetable.txt,IG,0445,33,3,3,Design & Technology,2026-06-04,AM,1h,2026-06-04T01:00Z
june-2026,5,745760-june-2026-zone-5-timetable.txt,IG,0452,12,1,2,Accounting (Multiple Choice),2026-06-04,PM,1h 15m,2026-06-04T05:00Z
june-2026,5,745760-june-2026-zone-5-timetable.txt,IG,0445,43,4,3,Design & Technology,2026-06-04,AM,1h,2026-06-04T01:00Z
june-2026,5,745760-june-2026-zone-5-timetable.txt,IG,0520,12,1,2,French (Listening - Multiple Choice),2026-06-04,PM,50m,2026-06-04T05:00Z
june-2026,5,745760-june-2026-zone-5-timetable.txt,IG,0445,53,5,3,Design & Technology,2026-06-04,AM,1h,2026-06-04T01:00Z
june-2026,5,745760-june-2026-zone-5-timetable.txt,OL,7707,12,1,2,Accounting (Multiple Choice),2026-06-04,PM,1h 15m,2026-06-04T05:00Z
june-2026,5,745760-june-2026-zone-5-timetable.txt,AS,9700,12,1,2,Biology (Multiple Choice),2026-06-04,PM,1h 15m,2026-06-04T05:00Z
june-2026,5,745760-june-2026-zone-5-timetable.txt,AL,9084,42,4,2,Law,2026-06-04,PM,1h 30m,2026-06-04T05:00Z
june-2026,5,745760-june-2026-zone-5-timetable.txt,AS,8027,23,2,3,German Language (Multiple Choice),2026-06-04,EV,1h 30m,2026-06-04T09:00Z
june-2026,5,745760-june-2026-zone-5-timetable.txt,IG,0648,13,1,3,Food & Nutrition,2026-06-05,AM,2h,2026-06-05T01:00Z
june-2026,5,745760-june-2026-zone-5-timetable.txt,IG,0455,12,1,2,Economics (Multiple Choice),2026-06-05,PM,45m,2026-06-05T05:00Z
june-2026,5,745760-june-2026-zone-5-timetable.txt,OL,6065,13,1,3,Food & Nutrition,2026-06-05,AM,2h,2026-06-05T01:00Z
june-2026,5,745760-june-2026-zone-5-timetable.txt,OL,2281,12,1,2,Economics (Multiple Choice),2026-06-05,PM,45m,2026-06-05T05:00Z
june-2026,5,745760-june-2026-zone-5-timetable.txt,AL,9708,32,3,2,Economics (Multiple Choice),2026-06-05,PM,1h 15m,2026-06-05T05:00Z
june-2026,5,745760-june-2026-zone-5-timetable.txt,IG,0610,12,1,2,Biology (Multiple Choice - Core),2026-06-08,PM,45m,2026-06-08T05:00Z
june-2026,5,745760-june-2026-zone-5-timetable.txt,IG,0610,22,2,2,Biology (Multiple Choice - Extended),2026-06-08,PM,45m,2026-06-08T05:00Z
june-2026,5,745760-june-2026-zone-5-timetable.txt,OL,5090,12,1,2,Biology (Multiple Choice),2026-06-08,PM,1h,2026-06-08T05:00Z
june-2026,5,745760-june-2026-zone-5-timetable.txt,AS,9708,12,1,2,Economics (Multiple Choice),2026-06-08,PM,1h,2026-06-08T05:00Z
june-2026,5,745760-june-2026-zone-5-timetable.txt,IG,0620,12,1,2,Chemistry (Multiple Choice - Core),2026-06-09,PM,45m,2026-06-09T05:00Z
june-2026,5,745760-june-2026-zone-5-timetable.txt,IG,0620,22,2,2,Chemistry (Multiple Choice - Extended),2026-06-09,PM,45m,2026-06-09T05:00Z
june-2026,5,745760-june-2026-zone-5-timetable.txt,OL,5070,12,1,2,Chemistry (Multiple Choice),2026-06-09,PM,1h,2026-06-09T05:00Z
june-2026,6,745761-june-2026-zone-6-timetable.txt,AS,9693,13,1,3,Marine Science,2026-04-23,PM,1h 45m,2026-04-23T01:00Z
june-2026,6,745761-june-2026-zone-6-timetable.txt,AS,8021,13,1,3,English General Paper,2026-04-24,AM,1h 15m,2026-04-23T21:00Z
june-2026,6,745761-june-2026-zone-6-timetable.txt,IG,0509,13,1,3,First Language Chinese,2026-04-24,PM,2h 15m,2026-04-24T01:00Z
june-2026,6,745761-june-2026-zone-6-timetable.txt,IG,0520,43,4,3,French,2026-04-25,AM,1h,2026-04-24T21:00Z
june-2026,6,745761-june-2026-zone-6-timetable.txt,AS,8028,33,3,3,French Language,2026-04-25,PM,1h 30m,2026-04-25T01:00Z
june-2026,6,745761-june-2026-zone-6-timetable.txt,IG,0547,43,4,3,Mandarin Chinese,2026-04-25,AM,1h 15m,2026-04-24T21:00Z
june-2026,6,745761-june-2026-zone-6-timetable.txt,AL,9898,23,2,3,French Language & Literature,2026-04-25,AM,2h,2026-04-24T21:00Z
june-2026,6,745761-june-2026-zone-6-timetable.txt,IG,0509,23,2,3,First Language Chinese,2026-04-27,PM,2h,2026-04-27T01:00Z
june-2026,6,745761-june-2026-zone-6-timetable.txt,IG,0544,23,2,3,Arabic,2026-04-27,PM,1h,2026-04-27T01:00Z
june-2026,6,745761-june-2026-zone-6-timetable.txt,IG,0474,13,1,3,Literature in Spanish,2026-04-28,AM,1h 30m,2026-04-27T21:00Z
june-2026,6,745761-june-2026-zone-6-timetable.txt,IG,0525,13,1,3,German (Listening - Multiple Choice),2026-04-28,PM,50m,2026-04-28T01:00Z
june-2026,6,745761-june-2026-zone-6-timetable.txt,IG,0499,13,1,3,Sanskrit,2026-04-28,AM,1h 30m,2026-04-27T21:00Z
june-2026,6,745761-june-2026-zone-6-timetable.txt,IG,0525,43,4,3,German,2026-04-28,PM,1h,2026-04-28T01:00Z
june-2026,6,745761-june-2026-zone-6-timetable.txt,AS,8686,02,0,2,Urdu Language,2026-04-28,AM,1h 45m,2026-04-27T21:00Z
june-2026,6,745761-june-2026-zone-6-timetable.txt,IG,0535,13,1,3,Italian (Listening - Multiple Choice),2026-04-28,PM,50m,2026-04-28T01:00Z
june-2026,6,745761-june-2026-zone-6-timetable.txt,AS,9093,13,1,3,English Language,2026-04-28,AM,2h 15m,2026-04-27T21:00Z
june-2026,6,745761-june-2026-zone-6-timetable.txt,IG,0535,43,4,3,Italian,2026-04-28,PM,1h,2026-04-28T01:00Z
june-2026,6,745761-june-2026-zone-6-timetable.txt,AS,9694,13,1,3,Thinking Skills,2026-04-28,AM,1h 30m,2026-04-27T21:00Z
june-2026,6,745761-june-2026-zone-6-timetable.txt,AS,9693,23,2,3,Marine Science,2026-04-28,PM,1h 45m,2026-04-28T01:00Z
june-2026,6,745761-june-2026-zone-6-timetable.txt,AL,9844,23,2,3,Spanish Language & Literature,2026-04-28,AM,2h,2026-04-27T21:00Z
june-2026,6,745761-june-2026-zone-6-timetable.txt,IG,0448,01,0,1,Pakistan Studies,2026-04-29,AM,1h 30m,2026-04-28T21:00Z
june-2026,6,745761-june-2026-zone-6-timetable.txt,IG,0580,13,1,3,Mathematics (Without Coursework) (Core),2026-04-29,PM,1h 30m,2026-04-29T01:00Z
june-2026,6,745761-june-2026-zone-6-timetable.txt,IG,0620,33,3,3,Chemistry (Core),2026-04-29,AM,1h 15m,2026-04-28T21:00Z
june-2026,6,745761-june-2026-zone-6-timetable.txt,IG,0580,23,2,3,Mathematics (Without Coursework) (Extended),2026-04-29,PM,2h,2026-04-29T01:00Z
june-2026,6,745761-june-2026-zone-6-timetable.txt,IG,0620,43,4,3,Chemistry (Extended),2026-04-29,AM,1h 15m,2026-04-28T21:00Z
june-2026,6,745761-june-2026-zone-6-timetable.txt,AS,9709,13,1,3,Mathematics (Pure Mathematics 1),2026-04-29,PM,1h 50m,2026-04-29T01:00Z
june-2026,6,745761-june-2026-zone-6-timetable.txt,AS,8291,13,1,3,Environmental Management,2026-04-29,AM,1h 45m,2026-04-28T21:00Z
june-2026,6,745761-june-2026-zone-6-timetable.txt,AS,9702,35,3,5,Physics (Practical - Advanced),2026-04-29,AM,2h,2026-04-28T21:00Z
june-2026,6,745761-june-2026-zone-6-timetable.txt,AS,9990,13,1,3,Psychology,2026-04-29,AM,1h 30m,2026-04-28T21:00Z
june-2026,6,745761-june-2026-zone-6-timetable.txt,IG,0523,01,0,1,Chinese as a Second Language,2026-04-30,AM,2h,2026-04-29T21:00Z
june-2026,6,745761-june-2026-zone-6-timetable.txt,AS,9395,13,1,3,Travel & Tourism,2026-04-30,PM,2h,2026-04-30T01:00Z
june-2026,6,745761-june-2026-zone-6-timetable.txt,IG,0547,13,1,3,Mandarin Chinese (Listening - Multiple Choice),2026-04-30,AM,40m,2026-04-29T21:00Z
june-2026,6,745761-june-2026-zone-6-timetable.txt,IG,0607,13,1,3,Cambridge International Mathematics (Core),2026-04-30,AM,1h 15m,2026-04-29T21:00Z
june-2026,6,745761-june-2026-zone-6-timetable.txt,IG,0607,23,2,3,Cambridge International Mathematics (Extended),2026-04-30,AM,1h 30m,2026-04-29T21:00Z
june-2026,6,745761-june-2026-zone-6-timetable.txt,AS,8021,23,2,3,English General Paper,2026-04-30,AM,1h 45m,2026-04-29T21:00Z
june-2026,6,745761-june-2026-zone-6-timetable.txt,AS,8695,23,2,3,Language & Literature in English,2026-04-30,AM,2h,2026-04-29T21:00Z
june-2026,6,745761-june-2026-zone-6-timetable.txt,AS,9695,13,1,3,Literature in English,2026-04-30,AM,2h,2026-04-29T21:00Z
june-2026,6,745761-june-2026-zone-6-timetable.txt,IG,0499,23,2,3,Sanskrit,2026-05-01,AM,1h 30m,2026-04-30T21:00Z
june-2026,6,745761-june-2026-zone-6-timetable.txt,IG,0535,23,2,3,Italian,2026-05-01,PM,1h,2026-05-01T01:00Z
june-2026,6,745761-june-2026-zone-6-timetable.txt,IG,0539,02,0,2,Urdu as a Second Language (Listening),2026-05-01,AM,45m,2026-04-30T21:00Z
june-2026,6,745761-june-2026-zone-6-timetable.txt,IG,0610,33,3,3,Biology (Core),2026-05-01,AM,1h 15m,2026-04-30T21:00Z
june-2026,6,745761-june-2026-zone-6-timetable.txt,IG,0610,43,4,3,Biology (Extended),2026-05-01,AM,1h 15m,2026-04-30T21:00Z
june-2026,6,745761-june-2026-zone-6-timetable.txt,AS,9701,35,3,5,Chemistry (Practical - Advanced),2026-05-01,AM,2h,2026-04-30T21:00Z
june-2026,6,745761-june-2026-zone-6-timetable.txt,AS,9705,13,1,3,Design & Technology,2026-05-01,AM,2h 15m,2026-04-30T21:00Z
june-2026,6,745761-june-2026-zone-6-timetable.txt,AS,9990,23,2,3,Psychology,2026-05-01,AM,1h 30m,2026-04-30T21:00Z
june-2026,6,745761-june-2026-zone-6-timetable.txt,AS,8022,33,3,3,Spanish Language,2026-05-02,AM,1h 30m,2026-05-01T21:00Z
june-2026,6,745761-june-2026-zone-6-timetable.txt,AS,9239,13,1,3,Global Perspectives & Research,2026-05-02,AM,1h 30m,2026-05-01T21:00Z
june-2026,6,745761-june-2026-zone-6-timetable.txt,AS,9694,23,2,3,Thinking Skills,2026-05-02,AM,1h 45m,2026-05-01T21:00Z
june-2026,6,745761-june-2026-zone-6-timetable.txt,IG,0546,23,2,3,Malay,2026-05-04,PM,1h,2026-05-04T01:00Z
june-2026,6,745761-june-2026-zone-6-timetable.txt,IG,0448,02,0,2,Pakistan Studies,2026-05-05,AM,1h 30m,2026-05-04T21:00Z
june-2026,6,745761-june-2026-zone-6-timetable.txt,IG,0457,13,1,3,Global Perspectives,2026-05-05,PM,1h 25m,2026-05-05T01:00Z
june-2026,6,745761-june-2026-zone-6-timetable.txt,IG,0474,23,2,3,Literature in Spanish,2026-05-05,AM,2h,2026-05-04T21:00Z
june-2026,6,745761-june-2026-zone-6-timetable.txt,IG,0460,13,1,3,Geography,2026-05-05,PM,1h 45m,2026-05-05T01:00Z
june-2026,6,745761-june-2026-zone-6-timetable.txt,IG,0607,33,3,3,Cambridge International Mathematics (Core),2026-05-05,AM,1h 15m,2026-05-04T21:00Z
june-2026,6,745761-june-2026-zone-6-timetable.txt,AS,9489,13,1,3,History,2026-05-05,PM,1h 15m,2026-05-05T01:00Z
june-2026,6,745761-june-2026-zone-6-timetable.txt,IG,0607,43,4,3,Cambridge International Mathematics (Extended),2026-05-05,AM,1h 30m,2026-05-04T21:00Z
june-2026,6,745761-june-2026-zone-6-timetable.txt,AS,9609,13,1,3,Business,2026-05-05,PM,1h 15m,2026-05-05T01:00Z
june-2026,6,745761-june-2026-zone-6-timetable.txt,AS,8291,23,2,3,Environmental Management,2026-05-05,AM,1h 45m,2026-05-04T21:00Z
june-2026,6,745761-june-2026-zone-6-timetable.txt,AS,8684,02,0,2,Portuguese Language,2026-05-05,AM,1h 45m,2026-05-04T21:00Z
june-2026,6,745761-june-2026-zone-6-timetable.txt,AS,8695,13,1,3,Language & Literature in English,2026-05-05,AM,2h,2026-05-04T21:00Z
june-2026,6,745761-june-2026-zone-6-timetable.txt,AS,9093,23,2,3,English Language,2026-05-05,AM,2h,2026-05-04T21:00Z
june-2026,6,745761-june-2026-zone-6-timetable.txt,AL,9693,33,3,3,Marine Science,2026-05-05,AM,1h 45m,2026-05-04T21:00Z
june-2026,6,745761-june-2026-zone-6-timetable.txt,AL,9718,02,0,2,Portuguese,2026-05-05,AM,1h 45m,2026-05-04T21:00Z
june-2026,6,745761-june-2026-zone-6-timetable.txt,IG,0500,13,1,3,First Language English (Oral Endorsement),2026-05-06,AM,2h,2026-05-05T21:00Z
june-2026,6,745761-june-2026-zone-6-timetable.txt,IG,0580,33,3,3,Mathematics (Without Coursework) (Core),2026-05-06,PM,1h 30m,2026-05-06T01:00Z
june-2026,6,745761-june-2026-zone-6-timetable.txt,IG,0510,13,1,3,English as a Second Language (Speaking Endorsement),2026-05-06,AM,2h,2026-05-05T21:00Z
june-2026,6,745761-june-2026-zone-6-timetable.txt,IG,0580,43,4,3,Mathematics (Without Coursework) (Extended),2026-05-06,PM,2h,2026-05-06T01:00Z
june-2026,6,745761-june-2026-zone-6-timetable.txt,IG,0511,13,1,3,English as a Second Language (Count-in Speaking),2026-05-06,AM,2h,2026-05-05T21:00Z
june-2026,6,745761-june-2026-zone-6-timetable.txt,AS,9709,43,4,3,Mathematics (Mechanics),2026-05-06,PM,1h 15m,2026-05-06T01:00Z
june-2026,6,745761-june-2026-zone-6-timetable.txt,AS,9700,35,3,5,Biology (Practical - Advanced),2026-05-06,AM,2h,2026-05-05T21:00Z
june-2026,6,745761-june-2026-zone-6-timetable.txt,AL,9709,63,6,3,Mathematics (Probability & Statistics 2),2026-05-06,PM,1h 15m,2026-05-06T01:00Z
june-2026,6,745761-june-2026-zone-6-timetable.txt,IG,0520,23,2,3,French,2026-05-07,AM,1h,2026-05-06T21:00Z
june-2026,6,745761-june-2026-zone-6-timetable.txt,IG,0417,13,1,3,Information & Communication Technology,2026-05-07,PM,1h 30m,2026-05-07T01:00Z
june-2026,6,745761-june-2026-zone-6-timetable.txt,AS,9607,23,2,3,Media Studies,2026-05-07,AM,2h,2026-05-06T21:00Z
june-2026,6,745761-june-2026-zone-6-timetable.txt,IG,0470,13,1,3,History,2026-05-07,PM,2h,2026-05-07T01:00Z
june-2026,6,745761-june-2026-zone-6-timetable.txt,AS,9708,23,2,3,Economics,2026-05-07,AM,2h,2026-05-06T21:00Z
june-2026,6,745761-june-2026-zone-6-timetable.txt,AS,9231,13,1,3,Further Mathematics,2026-05-07,PM,2h,2026-05-07T01:00Z
june-2026,6,745761-june-2026-zone-6-timetable.txt,AS,9709,23,2,3,Mathematics (Pure Mathematics 2),2026-05-07,AM,1h 15m,2026-05-06T21:00Z
june-2026,6,745761-june-2026-zone-6-timetable.txt,AS,9489,23,2,3,History,2026-05-07,PM,1h 45m,2026-05-07T01:00Z
june-2026,6,745761-june-2026-zone-6-timetable.txt,AL,9694,33,3,3,Thinking Skills,2026-05-07,AM,2h,2026-05-06T21:00Z
june-2026,6,745761-june-2026-zone-6-timetable.txt,IG,0620,53,5,3,Chemistry (Practical),2026-05-08,AM,1h 15m,2026-05-07T21:00Z
june-2026,6,745761-june-2026-zone-6-timetable.txt,IG,0471,13,1,3,Travel & Tourism,2026-05-08,PM,1h 30m,2026-05-08T01:00Z
june-2026,6,745761-june-2026-zone-6-timetable.txt,IG,0620,63,6,3,Chemistry (Alternative to Practical),2026-05-08,AM,1h,2026-05-07T21:00Z
june-2026,6,745761-june-2026-zone-6-timetable.txt,IG,0475,13,1,3,Literature in English,2026-05-08,PM,1h 30m,2026-05-08T01:00Z
june-2026,6,745761-june-2026-zone-6-timetable.txt,IG,0653,33,3,3,Combined Science (Core),2026-05-08,AM,1h 15m,2026-05-07T21:00Z
june-2026,6,745761-june-2026-zone-6-timetable.txt,IG,0480,13,1,3,Latin,2026-05-08,PM,1h 30m,2026-05-08T01:00Z
june-2026,6,745761-june-2026-zone-6-timetable.txt,IG,0653,43,4,3,Combined Science (Extended),2026-05-08,AM,1h 15m,2026-05-07T21:00Z
june-2026,6,745761-june-2026-zone-6-timetable.txt,AS,9618,13,1,3,Computer Science,2026-05-08,PM,1h 30m,2026-05-08T01:00Z
june-2026,6,745761-june-2026-zone-6-timetable.txt,IG,0654,33,3,3,Co-ordinated Sciences (Double Award) (Core),2026-05-08,AM,2h,2026-05-07T21:00Z
june-2026,6,745761-june-2026-zone-6-timetable.txt,AS,9626,13,1,3,Information Technology,2026-05-08,PM,1h 45m,2026-05-08T01:00Z
june-2026,6,745761-june-2026-zone-6-timetable.txt,IG,0654,43,4,3,Co-ordinated Sciences (Double Award) (Extended),2026-05-08,AM,2h,2026-05-07T21:00Z
june-2026,6,745761-june-2026-zone-6-timetable.txt,AS,9706,23,2,3,Accounting,2026-05-08,PM,1h 45m,2026-05-08T01:00Z
june-2026,6,745761-june-2026-zone-6-timetable.txt,AS,8684,03,0,3,Portuguese Language,2026-05-08,AM,1h 30m,2026-05-07T21:00Z
june-2026,6,745761-june-2026-zone-6-timetable.txt,AS,9696,13,1,3,Geography (Core),2026-05-08,AM,1h 30m,2026-05-07T21:00Z
june-2026,6,745761-june-2026-zone-6-timetable.txt,AL,9693,43,4,3,Marine Science,2026-05-08,AM,1h 45m,2026-05-07T21:00Z
june-2026,6,745761-june-2026-zone-6-timetable.txt,AL,9701,43,4,3,Chemistry,2026-05-08,AM,2h,2026-05-07T21:00Z
june-2026,6,745761-june-2026-zone-6-timetable.txt,AL,9705,33,3,3,Design & Technology,2026-05-08,AM,2h 30m,2026-05-07T21:00Z
june-2026,6,745761-june-2026-zone-6-timetable.txt,AL,9718,03,0,3,Portuguese,2026-05-08,AM,1h 30m,2026-05-07T21:00Z
june-2026,6,745761-june-2026-zone-6-timetable.txt,IG,0408,23,2,3,World Literature,2026-05-09,AM,1h 15m,2026-05-08T21:00Z
june-2026,6,745761-june-2026-zone-6-timetable.txt,IG,0625,33,3,3,Physics (Core),2026-05-09,AM,1h 15m,2026-05-08T21:00Z
june-2026,6,745761-june-2026-zone-6-timetable.txt,IG,0625,43,4,3,Physics (Extended),2026-05-09,AM,1h 15m,2026-05-08T21:00Z
june-2026,6,745761-june-2026-zone-6-timetable.txt,AS,8022,13,1,3,Spanish Language (Listening - Multiple Choice),2026-05-09,AM,1h,2026-05-08T21:00Z
june-2026,6,745761-june-2026-zone-6-timetable.txt,AL,9093,33,3,3,English Language,2026-05-09,AM,2h 15m,2026-05-08T21:00Z
june-2026,6,745761-june-2026-zone-6-timetable.txt,AL,9700,43,4,3,Biology,2026-05-09,AM,2h,2026-05-08T21:00Z
june-2026,6,745761-june-2026-zone-6-timetable.txt,AL,9844,33,3,3,Spanish Language & Literature,2026-05-09,AM,2h,2026-05-08T21:00Z
june-2026,6,745761-june-2026-zone-6-timetable.txt,IG,0475,23,2,3,Literature in English,2026-05-11,PM,1h 30m,2026-05-11T01:00Z
june-2026,6,745761-june-2026-zone-6-timetable.txt,IG,0475,33,3,3,Literature in English,2026-05-11,PM,45m,2026-05-11T01:00Z
june-2026,6,745761-june-2026-zone-6-timetable.txt,IG,0475,43,4,3,Literature in English,2026-05-11,PM,1h 15m,2026-05-11T01:00Z
june-2026,6,745761-june-2026-zone-6-timetable.txt,AS,9609,23,2,3,Business,2026-05-11,PM,1h 30m,2026-05-11T01:00Z
june-2026,6,745761-june-2026-zone-6-timetable.txt,IG,0450,13,1,3,Business Studies,2026-05-12,AM,1h 30m,2026-05-11T21:00Z
june-2026,6,745761-june-2026-zone-6-timetable.txt,IG,0445,13,1,3,Design & Technology,2026-05-12,PM,1h 15m,2026-05-12T01:00Z
june-2026,6,745761-june-2026-zone-6-timetable.txt,IG,0523,02,0,2,Chinese as a Second Language (Listening),2026-05-12,AM,45m,2026-05-11T21:00Z
june-2026,6,745761-june-2026-zone-6-timetable.txt,AS,9699,13,1,3,Sociology,2026-05-12,PM,1h 30m,2026-05-12T01:00Z
june-2026,6,745761-june-2026-zone-6-timetable.txt,IG,0547,23,2,3,Mandarin Chinese,2026-05-12,AM,1h 15m,2026-05-11T21:00Z
june-2026,6,745761-june-2026-zone-6-timetable.txt,AS,9709,53,5,3,Mathematics (Probability & Statistics 1),2026-05-12,PM,1h 15m,2026-05-12T01:00Z
june-2026,6,745761-june-2026-zone-6-timetable.txt,AS,8022,23,2,3,Spanish Language (Multiple Choice),2026-05-12,AM,1h 30m,2026-05-11T21:00Z
june-2026,6,745761-june-2026-zone-6-timetable.txt,AS,9695,23,2,3,Literature in English,2026-05-12,AM,2h,2026-05-11T21:00Z
june-2026,6,745761-june-2026-zone-6-timetable.txt,AL,9694,43,4,3,Thinking Skills,2026-05-12,AM,1h 45m,2026-05-11T21:00Z
june-2026,6,745761-june-2026-zone-6-timetable.txt,AL,9702,43,4,3,Physics,2026-05-12,AM,2h,2026-05-11T21:00Z
june-2026,6,745761-june-2026-zone-6-timetable.txt,AL,9844,13,1,3,Spanish Language & Literature (Multiple Choice),2026-05-12,AM,1h 30m,2026-05-11T21:00Z
june-2026,6,745761-june-2026-zone-6-timetable.txt,IG,0610,53,5,3,Biology (Practical),2026-05-13,AM,1h 15m,2026-05-12T21:00Z
june-2026,6,745761-june-2026-zone-6-timetable.txt,IG,0460,23,2,3,Geography,2026-05-13,PM,1h 30m,2026-05-13T01:00Z
june-2026,6,745761-june-2026-zone-6-timetable.txt,IG,0610,63,6,3,Biology (Alternative to Practical),2026-05-13,AM,1h,2026-05-12T21:00Z
june-2026,6,745761-june-2026-zone-6-timetable.txt,IG,0525,23,2,3,German,2026-05-13,PM,1h,2026-05-13T01:00Z
june-2026,6,745761-june-2026-zone-6-timetable.txt,IG,0653,53,5,3,Combined Science (Practical),2026-05-13,AM,1h 15m,2026-05-12T21:00Z
june-2026,6,745761-june-2026-zone-6-timetable.txt,AS,9618,23,2,3,Computer Science,2026-05-13,PM,2h,2026-05-13T01:00Z
june-2026,6,745761-june-2026-zone-6-timetable.txt,IG,0653,63,6,3,Combined Science (Alternative to Practical),2026-05-13,AM,1h,2026-05-12T21:00Z
june-2026,6,745761-june-2026-zone-6-timetable.txt,AL,9489,33,3,3,History,2026-05-13,PM,1h 15m,2026-05-13T01:00Z
june-2026,6,745761-june-2026-zone-6-timetable.txt,IG,0654,53,5,3,Co-ordinated Sciences (Double Award) (Practical),2026-05-13,AM,2h,2026-05-12T21:00Z
june-2026,6,745761-june-2026-zone-6-timetable.txt,AL,9609,33,3,3,Business,2026-05-13,PM,1h 45m,2026-05-13T01:00Z
june-2026,6,745761-june-2026-zone-6-timetable.txt,IG,0654,63,6,3,Co-ordinated Sciences (Double Award) (Alternative to Practical),2026-05-13,AM,1h 30m,2026-05-12T21:00Z
june-2026,6,745761-june-2026-zone-6-timetable.txt,IG,0697,13,1,3,Marine Science,2026-05-13,AM,1h 45m,2026-05-12T21:00Z
june-2026,6,745761-june-2026-zone-6-timetable.txt,AS,9696,23,2,3,Geography (Core),2026-05-13,AM,1h 30m,2026-05-12T21:00Z
june-2026,6,745761-june-2026-zone-6-timetable.txt,AL,9990,33,3,3,Psychology,2026-05-13,AM,1h 30m,2026-05-12T21:00Z
june-2026,6,745761-june-2026-zone-6-timetable.txt,IG,0478,13,1,3,Computer Science,2026-05-14,AM,1h 45m,2026-05-13T21:00Z
june-2026,6,745761-june-2026-zone-6-timetable.txt,IG,0546,43,4,3,Malay,2026-05-14,PM,1h,2026-05-14T01:00Z
june-2026,6,745761-june-2026-zone-6-timetable.txt,IG,0607,53,5,3,Cambridge International Mathematics (Core),2026-05-14,AM,1h 15m,2026-05-13T21:00Z
june-2026,6,745761-june-2026-zone-6-timetable.txt,AL,9706,33,3,3,Accounting,2026-05-14,PM,1h 30m,2026-05-14T01:00Z
june-2026,6,745761-june-2026-zone-6-timetable.txt,IG,0607,63,6,3,Cambridge International Mathematics (Extended),2026-05-14,AM,1h 30m,2026-05-13T21:00Z
june-2026,6,745761-june-2026-zone-6-timetable.txt,AS,9700,23,2,3,Biology,2026-05-14,AM,1h 15m,2026-05-13T21:00Z
june-2026,6,745761-june-2026-zone-6-timetable.txt,AL,9700,53,5,3,Biology,2026-05-14,AM,1h 15m,2026-05-13T21:00Z
june-2026,6,745761-june-2026-zone-6-timetable.txt,IG,0408,33,3,3,World Literature,2026-05-15,AM,1h 30m,2026-05-14T21:00Z
june-2026,6,745761-june-2026-zone-6-timetable.txt,IG,0470,23,2,3,History,2026-05-15,PM,1h 45m,2026-05-15T01:00Z
june-2026,6,745761-june-2026-zone-6-timetable.txt,IG,0539,01,0,1,Urdu as a Second Language,2026-05-15,AM,2h,2026-05-14T21:00Z
june-2026,6,745761-june-2026-zone-6-timetable.txt,IG,0480,23,2,3,Latin,2026-05-15,PM,1h 30m,2026-05-15T01:00Z
june-2026,6,745761-june-2026-zone-6-timetable.txt,IG,0697,23,2,3,Marine Science,2026-05-15,AM,1h 45m,2026-05-14T21:00Z
june-2026,6,745761-june-2026-zone-6-timetable.txt,IG,0495,13,1,3,Sociology,2026-05-15,PM,2h,2026-05-15T01:00Z
june-2026,6,745761-june-2026-zone-6-timetable.txt,AL,9990,43,4,3,Psychology,2026-05-15,AM,1h 30m,2026-05-14T21:00Z
june-2026,6,745761-june-2026-zone-6-timetable.txt,AS,9699,23,2,3,Sociology,2026-05-15,PM,1h 30m,2026-05-15T01:00Z
june-2026,6,745761-june-2026-zone-6-timetable.txt,AL,9709,33,3,3,Mathematics (Pure Mathematics 3),2026-05-15,PM,1h 50m,2026-05-15T01:00Z
june-2026,6,745761-june-2026-zone-6-timetable.txt,IG,0500,23,2,3,First Language English (Oral Endorsement),2026-05-16,AM,2h,2026-05-15T21:00Z
june-2026,6,745761-june-2026-zone-6-timetable.txt,AL,9695,33,3,3,Literature in English,2026-05-16,AM,2h,2026-05-15T21:00Z
june-2026,6,745761-june-2026-zone-6-timetable.txt,AL,9696,33,3,3,Geography (Advanced),2026-05-16,AM,1h 30m,2026-05-15T21:00Z
june-2026,6,745761-june-2026-zone-6-timetable.txt,IG,0470,43,4,3,History,2026-05-18,PM,1h,2026-05-18T01:00Z
june-2026,6,745761-june-2026-zone-6-timetable.txt,AL,9609,43,4,3,Business,2026-05-18,PM,1h 15m,2026-05-18T01:00Z
june-2026,6,745761-june-2026-zone-6-timetable.txt,IG,0450,23,2,3,Business Studies,2026-05-19,AM,1h 30m,2026-05-18T21:00Z
june-2026,6,745761-june-2026-zone-6-timetable.txt,IG,0471,23,2,3,Travel & Tourism,2026-05-19,PM,2h,2026-05-19T01:00Z
june-2026,6,745761-june-2026-zone-6-timetable.txt,IG,0606,13,1,3,Additional Mathematics,2026-05-19,AM,2h,2026-05-18T21:00Z
june-2026,6,745761-june-2026-zone-6-timetable.txt,IG,0530,23,2,3,Spanish,2026-05-19,PM,1h,2026-05-19T01:00Z
june-2026,6,745761-june-2026-zone-6-timetable.txt,AS,8386,13,1,3,Sport & Physical Education,2026-05-19,AM,1h 45m,2026-05-18T21:00Z
june-2026,6,745761-june-2026-zone-6-timetable.txt,AS,8028,13,1,3,French Language (Listening - Multiple Choice),2026-05-19,PM,1h,2026-05-19T01:00Z
june-2026,6,745761-june-2026-zone-6-timetable.txt,AS,9701,23,2,3,Chemistry,2026-05-19,AM,1h 15m,2026-05-18T21:00Z
june-2026,6,745761-june-2026-zone-6-timetable.txt,AL,9618,33,3,3,Computer Science (Advanced),2026-05-19,PM,1h 30m,2026-05-19T01:00Z
june-2026,6,745761-june-2026-zone-6-timetable.txt,AL,9607,43,4,3,Media Studies,2026-05-19,AM,2h,2026-05-18T21:00Z
june-2026,6,745761-june-2026-zone-6-timetable.txt,AL,9626,33,3,3,Information Technology (Advanced),2026-05-19,PM,1h 45m,2026-05-19T01:00Z
june-2026,6,745761-june-2026-zone-6-timetable.txt,AL,9701,53,5,3,Chemistry,2026-05-19,AM,1h 15m,2026-05-18T21:00Z
june-2026,6,745761-june-2026-zone-6-timetable.txt,IG,0625,53,5,3,Physics (Practical),2026-05-20,AM,1h 15m,2026-05-19T21:00Z
june-2026,6,745761-june-2026-zone-6-timetable.txt,IG,0460,43,4,3,Geography,2026-05-20,PM,1h 30m,2026-05-20T01:00Z
june-2026,6,745761-june-2026-zone-6-timetable.txt,IG,0625,63,6,3,Physics (Alternative to Practical),2026-05-20,AM,1h,2026-05-19T21:00Z
june-2026,6,745761-june-2026-zone-6-timetable.txt,AS,9482,13,1,3,Drama,2026-05-20,PM,2h,2026-05-20T01:00Z
june-2026,6,745761-june-2026-zone-6-timetable.txt,AL,9093,43,4,3,English Language,2026-05-20,AM,2h 15m,2026-05-19T21:00Z
june-2026,6,745761-june-2026-zone-6-timetable.txt,AS,9483,13,1,3,Music (Listening),2026-05-20,PM,2h,2026-05-20T01:00Z
june-2026,6,745761-june-2026-zone-6-timetable.txt,AL,9395,33,3,3,Travel & Tourism,2026-05-20,AM,1h 30m,2026-05-19T21:00Z
june-2026,6,745761-june-2026-zone-6-timetable.txt,AL,9489,43,4,3,History,2026-05-20,PM,1h 45m,2026-05-20T01:00Z
june-2026,6,745761-june-2026-zone-6-timetable.txt,AL,9708,43,4,3,Economics,2026-05-20,AM,2h,2026-05-19T21:00Z
june-2026,6,745761-june-2026-zone-6-timetable.txt,IG,0452,23,2,3,Accounting,2026-05-21,AM,1h 45m,2026-05-20T21:00Z
june-2026,6,745761-june-2026-zone-6-timetable.txt,IG,0410,13,1,3,Music (Listening),2026-05-21,PM,1h 15m,2026-05-21T01:00Z
june-2026,6,745761-june-2026-zone-6-timetable.txt,IG,0478,23,2,3,Computer Science,2026-05-21,AM,1h 45m,2026-05-20T21:00Z
june-2026,6,745761-june-2026-zone-6-timetable.txt,IG,0530,13,1,3,Spanish (Listening - Multiple Choice),2026-05-21,PM,50m,2026-05-21T01:00Z
june-2026,6,745761-june-2026-zone-6-timetable.txt,AS,8686,03,0,3,Urdu Language,2026-05-21,AM,1h 30m,2026-05-20T21:00Z
june-2026,6,745761-june-2026-zone-6-timetable.txt,IG,0530,43,4,3,Spanish,2026-05-21,PM,1h,2026-05-21T01:00Z
june-2026,6,745761-june-2026-zone-6-timetable.txt,AS,9702,23,2,3,Physics,2026-05-21,AM,1h 15m,2026-05-20T21:00Z
june-2026,6,745761-june-2026-zone-6-timetable.txt,AS,9231,33,3,3,Further Mathematics,2026-05-21,PM,1h 30m,2026-05-21T01:00Z
june-2026,6,745761-june-2026-zone-6-timetable.txt,AL,9702,53,5,3,Physics,2026-05-21,AM,1h 15m,2026-05-20T21:00Z
june-2026,6,745761-june-2026-zone-6-timetable.txt,AL,9706,43,4,3,Accounting,2026-05-21,PM,1h,2026-05-21T01:00Z
june-2026,6,745761-june-2026-zone-6-timetable.txt,,0413,13,1,3,English as a Second Language (Speaking Endorsement)                                                     IG    Physical Education,2026-05-22,PM,1h 45m,2026-05-22T01:00Z
june-2026,6,745761-june-2026-zone-6-timetable.txt,IG,0510,23,2,3,,2026-05-22,AM,50m,2026-05-21T21:00Z
june-2026,6,745761-june-2026-zone-6-timetable.txt,IG,0544,13,1,3,Arabic (Listening - Multiple Choice),2026-05-22,PM,50m,2026-05-22T01:00Z
june-2026,6,745761-june-2026-zone-6-timetable.txt,IG,0511,23,2,3,English as a Second Language (Count-in Speaking) (Listening),2026-05-22,AM,50m,2026-05-21T21:00Z
june-2026,6,745761-june-2026-zone-6-timetable.txt,IG,0544,43,4,3,Arabic,2026-05-22,PM,1h,2026-05-22T01:00Z
june-2026,6,745761-june-2026-zone-6-timetable.txt,IG,0680,13,1,3,Environmental Management,2026-05-22,AM,1h 45m,2026-05-21T21:00Z
june-2026,6,745761-june-2026-zone-6-timetable.txt,AS,8028,23,2,3,French Language (Multiple Choice),2026-05-22,PM,1h 30m,2026-05-22T01:00Z
june-2026,6,745761-june-2026-zone-6-timetable.txt,AL,9395,43,4,3,Travel & Tourism,2026-05-22,AM,1h 30m,2026-05-21T21:00Z
june-2026,6,745761-june-2026-zone-6-timetable.txt,AL,9695,43,4,3,Literature in English,2026-05-22,AM,2h,2026-05-21T21:00Z
june-2026,6,745761-june-2026-zone-6-timetable.txt,AL,9696,43,4,3,Geography (Advanced),2026-05-22,AM,1h 30m,2026-05-21T21:00Z
june-2026,6,745761-june-2026-zone-6-timetable.txt,IG,0455,23,2,3,Economics,2026-05-23,AM,2h 15m,2026-05-22T21:00Z
june-2026,6,745761-june-2026-zone-6-timetable.txt,AS,8027,33,3,3,German Language,2026-05-23,AM,1h 30m,2026-05-22T21:00Z
june-2026,6,745761-june-2026-zone-6-timetable.txt,AS,9084,13,1,3,Law,2026-05-23,AM,1h 30m,2026-05-22T21:00Z
june-2026,6,745761-june-2026-zone-6-timetable.txt,AL,9897,23,2,3,German Language & Literature,2026-05-23,AM,2h,2026-05-22T21:00Z
june-2026,6,745761-june-2026-zone-6-timetable.txt,IG,0546,13,1,3,Malay (Listening - Multiple Choice),2026-05-25,PM,50m,2026-05-25T01:00Z
june-2026,6,745761-june-2026-zone-6-timetable.txt,AL,9231,23,2,3,Further Mathematics,2026-05-25,PM,2h,2026-05-25T01:00Z
june-2026,6,745761-june-2026-zone-6-timetable.txt,IG,0502,13,1,3,First Language Spanish,2026-05-26,AM,2h,2026-05-25T21:00Z
june-2026,6,745761-june-2026-zone-6-timetable.txt,IG,0495,23,2,3,Sociology,2026-05-26,PM,1h 45m,2026-05-26T01:00Z
june-2026,6,745761-june-2026-zone-6-timetable.txt,AL,9699,33,3,3,Sociology,2026-05-26,PM,1h 15m,2026-05-26T01:00Z
june-2026,6,745761-june-2026-zone-6-timetable.txt,IG,0606,23,2,3,Additional Mathematics,2026-05-27,AM,2h,2026-05-26T21:00Z
june-2026,6,745761-june-2026-zone-6-timetable.txt,AL,9897,33,3,3,German Language & Literature,2026-05-27,AM,2h,2026-05-26T21:00Z
june-2026,6,745761-june-2026-zone-6-timetable.txt,AL,9898,33,3,3,French Language & Literature,2026-05-27,AM,2h,2026-05-26T21:00Z
june-2026,6,745761-june-2026-zone-6-timetable.txt,AL,9699,43,4,3,Sociology,2026-05-28,PM,1h 45m,2026-05-28T01:00Z
june-2026,6,745761-june-2026-zone-6-timetable.txt,IG,0502,23,2,3,First Language Spanish,2026-05-29,AM,2h,2026-05-28T21:00Z
june-2026,6,745761-june-2026-zone-6-timetable.txt,AS,9231,43,4,3,Further Mathematics,2026-05-29,PM,1h 30m,2026-05-29T01:00Z
june-2026,6,745761-june-2026-zone-6-timetable.txt,AS,9084,23,2,3,Law,2026-05-30,AM,1h 30m,2026-05-29T21:00Z
june-2026,6,745761-june-2026-zone-6-timetable.txt,AL,9898,13,1,3,French Language & Literature (Multiple Choice),2026-05-30,AM,1h 30m,2026-05-29T21:00Z
june-2026,6,745761-june-2026-zone-6-timetable.txt,IG,0680,23,2,3,Environmental Management,2026-06-02,AM,1h 45m,2026-06-01T21:00Z
june-2026,6,745761-june-2026-zone-6-timetable.txt,IG,0411,13,1,3,Drama,2026-06-02,PM,2h 30m,2026-06-02T01:00Z
june-2026,6,745761-june-2026-zone-6-timetable.txt,AL,9084,33,3,3,Law,2026-06-02,AM,1h 30m,2026-06-01T21:00Z
june-2026,6,745761-june-2026-zone-6-timetable.txt,AL,9718,04,0,4,Portuguese,2026-06-02,AM,2h 30m,2026-06-01T21:00Z
june-2026,6,745761-june-2026-zone-6-timetable.txt,AS,8027,13,1,3,German Language (Listening - Multiple Choice),2026-06-03,AM,1h,2026-06-02T21:00Z
june-2026,6,745761-june-2026-zone-6-timetable.txt,IG,0454,13,1,3,Enterprise,2026-06-03,PM,1h 30m,2026-06-03T01:00Z
june-2026,6,745761-june-2026-zone-6-timetable.txt,AS,9701,13,1,3,Chemistry (Multiple Choice),2026-06-03,AM,1h 15m,2026-06-02T21:00Z
june-2026,6,745761-june-2026-zone-6-timetable.txt,AS,9706,13,1,3,Accounting (Multiple Choice),2026-06-03,PM,1h,2026-06-03T01:00Z
june-2026,6,745761-june-2026-zone-6-timetable.txt,AL,9897,13,1,3,German Language & Literature (Multiple Choice),2026-06-03,AM,1h 30m,2026-06-02T21:00Z
june-2026,6,745761-june-2026-zone-6-timetable.txt,IG,0625,13,1,3,Physics (Multiple Choice - Core),2026-06-04,AM,45m,2026-06-03T21:00Z
june-2026,6,745761-june-2026-zone-6-timetable.txt,IG,0445,33,3,3,Design & Technology,2026-06-04,PM,1h,2026-06-04T01:00Z
june-2026,6,745761-june-2026-zone-6-timetable.txt,IG,0625,23,2,3,Physics (Multiple Choice - Extended),2026-06-04,AM,45m,2026-06-03T21:00Z
june-2026,6,745761-june-2026-zone-6-timetable.txt,IG,0445,43,4,3,Design & Technology,2026-06-04,PM,1h,2026-06-04T01:00Z
june-2026,6,745761-june-2026-zone-6-timetable.txt,IG,0653,13,1,3,Combined Science (Multiple Choice - Core),2026-06-04,AM,45m,2026-06-03T21:00Z
june-2026,6,745761-june-2026-zone-6-timetable.txt,IG,0445,53,5,3,Design & Technology,2026-06-04,PM,1h,2026-06-04T01:00Z
june-2026,6,745761-june-2026-zone-6-timetable.txt,IG,0653,23,2,3,Combined Science (Multiple Choice - Extended),2026-06-04,AM,45m,2026-06-03T21:00Z
june-2026,6,745761-june-2026-zone-6-timetable.txt,IG,0654,13,1,3,Co-ordinated Sciences (Double Award) (Multiple Choice - Core),2026-06-04,AM,45m,2026-06-03T21:00Z
june-2026,6,745761-june-2026-zone-6-timetable.txt,IG,0654,23,2,3,,2026-06-04,AM,45m,2026-06-03T21:00Z
june-2026,6,745761-june-2026-zone-6-timetable.txt,AS,9702,13,1,3,Physics (Multiple Choice),2026-06-04,AM,1h 15m,2026-06-03T21:00Z
june-2026,6,745761-june-2026-zone-6-timetable.txt,IG,0452,13,1,3,Accounting (Multiple Choice),2026-06-05,AM,1h 15m,2026-06-04T21:00Z
june-2026,6,745761-june-2026-zone-6-timetable.txt,IG,0648,13,1,3,Food & Nutrition,2026-06-05,PM,2h,2026-06-05T01:00Z
june-2026,6,745761-june-2026-zone-6-timetable.txt,IG,0520,13,1,3,French (Listening - Multiple Choice),2026-06-05,AM,50m,2026-06-04T21:00Z
june-2026,6,745761-june-2026-zone-6-timetable.txt,AS,8027,23,2,3,German Language (Multiple Choice),2026-06-05,AM,1h 30m,2026-06-04T21:00Z
june-2026,6,745761-june-2026-zone-6-timetable.txt,AS,9700,13,1,3,Biology (Multiple Choice),2026-06-05,AM,1h 15m,2026-06-04T21:00Z
june-2026,6,745761-june-2026-zone-6-timetable.txt,AL,9084,43,4,3,Law,2026-06-05,AM,1h 30m,2026-06-04T21:00Z
june-2026,6,745761-june-2026-zone-6-timetable.txt,IG,0455,13,1,3,Economics (Multiple Choice),2026-06-06,AM,45m,2026-06-05T21:00Z
june-2026,6,745761-june-2026-zone-6-timetable.txt,AL,9708,33,3,3,Economics (Multiple Choice),2026-06-06,AM,1h 15m,2026-06-05T21:00Z
june-2026,6,745761-june-2026-zone-6-timetable.txt,IG,0610,13,1,3,Biology (Multiple Choice - Core),2026-06-09,AM,45m,2026-06-08T21:00Z
june-2026,6,745761-june-2026-zone-6-timetable.txt,IG,0610,23,2,3,Biology (Multiple Choice - Extended),2026-06-09,AM,45m,2026-06-08T21:00Z
june-2026,6,745761-june-2026-zone-6-timetable.txt,AS,9708,13,1,3,Economics (Multiple Choice),2026-06-09,AM,1h,2026-06-08T21:00Z
june-2026,6,745761-june-2026-zone-6-timetable.txt,IG,0620,13,1,3,Chemistry (Multiple Choice - Core),2026-06-10,AM,45m,2026-06-09T21:00Z
june-2026,6,745761-june-2026-zone-6-timetable.txt,IG,0620,23,2,3,Chemistry (Multiple Choice - Extended),2026-06-10,AM,45m,2026-06-09T21:00Z
november-2026,1,757645-november-2026-zone-1-timetable.txt,IG,0502,11,1,1,First Language Spanish,2026-09-28,AM,2h,2026-09-28T17:00Z
november-2026,1,757645-november-2026-zone-1-timetable.txt,IG,0607,13,1,3,Cambridge International Mathematics (Core),2026-09-28,AM,1h 15m,2026-09-28T17:00Z
november-2026,1,757645-november-2026-zone-1-timetable.txt,IG,0607,23,2,3,Cambridge International Mathematics (Extended),2026-09-28,AM,1h 30m,2026-09-28T17:00Z
november-2026,1,757645-november-2026-zone-1-timetable.txt,IG,0680,13,1,3,Environmental Management,2026-09-28,AM,1h 45m,2026-09-28T17:00Z
november-2026,1,757645-november-2026-zone-1-timetable.txt,AS,8021,13,1,3,English General Paper,2026-09-28,AM,1h 15m,2026-09-28T17:00Z
november-2026,1,757645-november-2026-zone-1-timetable.txt,AS,8679,03,0,3,Afrikaans Language,2026-09-28,AM,1h 30m,2026-09-28T17:00Z
november-2026,1,757645-november-2026-zone-1-timetable.txt,AS,9084,13,1,3,Law,2026-09-28,AM,1h 30m,2026-09-28T17:00Z
november-2026,1,757645-november-2026-zone-1-timetable.txt,AS,9239,13,1,3,Global Perspectives & Research,2026-09-28,AM,1h 30m,2026-09-28T17:00Z
november-2026,1,757645-november-2026-zone-1-timetable.txt,AS,9694,11,1,1,Thinking Skills,2026-09-28,AM,1h 30m,2026-09-28T17:00Z
november-2026,1,757645-november-2026-zone-1-timetable.txt,AL,9868,31,3,1,Chinese Language & Literature,2026-09-28,AM,2h,2026-09-28T17:00Z
november-2026,1,757645-november-2026-zone-1-timetable.txt,IG,0474,01,0,1,Literature in Spanish,2026-09-29,AM,1h 30m,2026-09-29T17:00Z
november-2026,1,757645-november-2026-zone-1-timetable.txt,IG,0680,23,2,3,Environmental Management,2026-09-29,AM,1h 45m,2026-09-29T17:00Z
november-2026,1,757645-november-2026-zone-1-timetable.txt,AS,8021,23,2,3,English General Paper,2026-09-29,AM,1h 45m,2026-09-29T17:00Z
november-2026,1,757645-november-2026-zone-1-timetable.txt,AS,9395,11,1,1,Travel & Tourism,2026-09-29,AM,2h,2026-09-29T17:00Z
november-2026,1,757645-november-2026-zone-1-timetable.txt,AS,9701,31,3,1,Chemistry (Practical - Advanced),2026-09-29,AM,2h,2026-09-29T17:00Z
november-2026,1,757645-november-2026-zone-1-timetable.txt,IG,0471,11,1,1,Travel & Tourism,2026-09-30,AM,1h 30m,2026-09-30T17:00Z
november-2026,1,757645-november-2026-zone-1-timetable.txt,IG,0606,11,1,1,Additional Mathematics,2026-09-30,AM,2h,2026-09-30T17:00Z
november-2026,1,757645-november-2026-zone-1-timetable.txt,AS,8027,31,3,1,German Language,2026-09-30,AM,1h 30m,2026-09-30T17:00Z
november-2026,1,757645-november-2026-zone-1-timetable.txt,AS,8028,31,3,1,French Language,2026-09-30,AM,1h 30m,2026-09-30T17:00Z
november-2026,1,757645-november-2026-zone-1-timetable.txt,AS,8291,11,1,1,Environmental Management,2026-09-30,AM,1h 45m,2026-09-30T17:00Z
november-2026,1,757645-november-2026-zone-1-timetable.txt,AS,9694,21,2,1,Thinking Skills,2026-09-30,AM,1h 45m,2026-09-30T17:00Z
november-2026,1,757645-november-2026-zone-1-timetable.txt,AS,9709,11,1,1,Mathematics (Pure Mathematics 1),2026-09-30,AM,1h 50m,2026-09-30T17:00Z
november-2026,1,757645-november-2026-zone-1-timetable.txt,AL,9897,21,2,1,German Language & Literature,2026-09-30,AM,2h,2026-09-30T17:00Z
november-2026,1,757645-november-2026-zone-1-timetable.txt,AS,8291,21,2,1,Environmental Management,2026-10-02,AM,1h 45m,2026-10-02T17:00Z
november-2026,1,757645-november-2026-zone-1-timetable.txt,AS,8679,02,0,2,Afrikaans Language,2026-10-02,AM,1h 45m,2026-10-02T17:00Z
november-2026,1,757645-november-2026-zone-1-timetable.txt,AS,9084,23,2,3,Law,2026-10-02,AM,1h 30m,2026-10-02T17:00Z
november-2026,1,757645-november-2026-zone-1-timetable.txt,AL,9897,31,3,1,German Language & Literature,2026-10-02,AM,2h,2026-10-02T17:00Z
november-2026,1,757645-november-2026-zone-1-timetable.txt,IG,0454,11,1,1,Enterprise,2026-10-05,AM,1h 30m,2026-10-05T17:00Z
november-2026,1,757645-november-2026-zone-1-timetable.txt,IG,0510,13,1,3,English as a Second Language (Speaking Endorsement),2026-10-05,PM,2h,2026-10-05T21:00Z
november-2026,1,757645-november-2026-zone-1-timetable.txt,IG,0500,11,1,1,First Language English (Oral Endorsement),2026-10-05,AM,2h,2026-10-05T17:00Z
november-2026,1,757645-november-2026-zone-1-timetable.txt,IG,0511,13,1,3,English as a Second Language (Count-in Speaking),2026-10-05,AM,2h,2026-10-05T17:00Z
november-2026,1,757645-november-2026-zone-1-timetable.txt,AS,9626,11,1,1,Information Technology,2026-10-05,AM,1h 45m,2026-10-05T17:00Z
november-2026,1,757645-november-2026-zone-1-timetable.txt,AL,9395,31,3,1,Travel & Tourism,2026-10-05,AM,1h 30m,2026-10-05T17:00Z
november-2026,1,757645-november-2026-zone-1-timetable.txt,IG,0471,21,2,1,Travel & Tourism,2026-10-06,AM,2h,2026-10-06T17:00Z
november-2026,1,757645-november-2026-zone-1-timetable.txt,IG,0606,21,2,1,Additional Mathematics,2026-10-06,AM,2h,2026-10-06T17:00Z
november-2026,1,757645-november-2026-zone-1-timetable.txt,AS,9700,31,3,1,Biology (Practical - Advanced),2026-10-06,AM,2h,2026-10-06T17:00Z
november-2026,1,757645-november-2026-zone-1-timetable.txt,AL,9084,33,3,3,Law,2026-10-06,AM,1h 30m,2026-10-06T17:00Z
november-2026,1,757645-november-2026-zone-1-timetable.txt,IG,0500,21,2,1,First Language English (Oral Endorsement),2026-10-07,AM,2h,2026-10-07T17:00Z
november-2026,1,757645-november-2026-zone-1-timetable.txt,IG,0607,33,3,3,Cambridge International Mathematics (Core),2026-10-07,AM,1h 15m,2026-10-07T17:00Z
november-2026,1,757645-november-2026-zone-1-timetable.txt,IG,0607,43,4,3,Cambridge International Mathematics (Extended),2026-10-07,AM,1h 30m,2026-10-07T17:00Z
november-2026,1,757645-november-2026-zone-1-timetable.txt,AS,9699,13,1,3,Sociology,2026-10-07,AM,1h 30m,2026-10-07T17:00Z
november-2026,1,757645-november-2026-zone-1-timetable.txt,AS,9709,51,5,1,Mathematics (Probability & Statistics 1),2026-10-07,AM,1h 15m,2026-10-07T17:00Z
november-2026,1,757645-november-2026-zone-1-timetable.txt,AL,9395,41,4,1,Travel & Tourism,2026-10-07,AM,1h 30m,2026-10-07T17:00Z
november-2026,1,757645-november-2026-zone-1-timetable.txt,IG,0502,21,2,1,First Language Spanish,2026-10-08,AM,2h,2026-10-08T17:00Z
november-2026,1,757645-november-2026-zone-1-timetable.txt,AS,9696,11,1,1,Geography (Core),2026-10-08,AM,1h 30m,2026-10-08T17:00Z
november-2026,1,757645-november-2026-zone-1-timetable.txt,AS,9702,31,3,1,Physics (Practical - Advanced),2026-10-08,AM,2h,2026-10-08T17:00Z
november-2026,1,757645-november-2026-zone-1-timetable.txt,AL,9084,43,4,3,Law,2026-10-08,AM,1h 30m,2026-10-08T17:00Z
november-2026,1,757645-november-2026-zone-1-timetable.txt,IG,0478,11,1,1,Computer Science,2026-10-09,AM,1h 45m,2026-10-09T17:00Z
november-2026,1,757645-november-2026-zone-1-timetable.txt,IG,0413,13,1,3,Physical Education,2026-10-12,AM,1h 45m,2026-10-12T17:00Z
november-2026,1,757645-november-2026-zone-1-timetable.txt,IG,0417,13,1,3,Information & Communication Technology,2026-10-12,AM,1h 30m,2026-10-12T17:00Z
november-2026,1,757645-november-2026-zone-1-timetable.txt,IG,0450,13,1,3,Business Studies,2026-10-12,AM,1h 30m,2026-10-12T17:00Z
november-2026,1,757645-november-2026-zone-1-timetable.txt,IG,0470,13,1,3,History,2026-10-12,AM,2h,2026-10-12T17:00Z
november-2026,1,757645-november-2026-zone-1-timetable.txt,IG,0580,13,1,3,Mathematics (Without Coursework) (Core),2026-10-12,AM,1h 30m,2026-10-12T17:00Z
november-2026,1,757645-november-2026-zone-1-timetable.txt,IG,0580,23,2,3,Mathematics (Without Coursework) (Extended),2026-10-12,AM,2h,2026-10-12T17:00Z
november-2026,1,757645-november-2026-zone-1-timetable.txt,IG,0620,31,3,1,Chemistry (Core),2026-10-12,AM,1h 15m,2026-10-12T17:00Z
november-2026,1,757645-november-2026-zone-1-timetable.txt,IG,0620,41,4,1,Chemistry (Extended),2026-10-12,AM,1h 15m,2026-10-12T17:00Z
november-2026,1,757645-november-2026-zone-1-timetable.txt,AS,9231,13,1,3,Further Mathematics,2026-10-12,AM,2h,2026-10-12T17:00Z
november-2026,1,757645-november-2026-zone-1-timetable.txt,AS,9489,13,1,3,History,2026-10-12,AM,1h 15m,2026-10-12T17:00Z
november-2026,1,757645-november-2026-zone-1-timetable.txt,AS,9609,13,1,3,Business,2026-10-12,AM,1h 15m,2026-10-12T17:00Z
november-2026,1,757645-november-2026-zone-1-timetable.txt,AS,9708,23,2,3,Economics,2026-10-12,AM,2h,2026-10-12T17:00Z
november-2026,1,757645-november-2026-zone-1-timetable.txt,AS,9990,13,1,3,Psychology,2026-10-12,AM,1h 30m,2026-10-12T17:00Z
november-2026,1,757645-november-2026-zone-1-timetable.txt,AL,9702,41,4,1,Physics,2026-10-12,AM,2h,2026-10-12T17:00Z
november-2026,1,757645-november-2026-zone-1-timetable.txt,AL,9868,21,2,1,Chinese Language & Literature,2026-10-12,AM,2h,2026-10-12T17:00Z
november-2026,1,757645-november-2026-zone-1-timetable.txt,IG,0452,21,2,1,Accounting,2026-10-13,AM,1h 45m,2026-10-13T17:00Z
november-2026,1,757645-november-2026-zone-1-timetable.txt,IG,0580,33,3,3,Mathematics (Without Coursework) (Core),2026-10-13,AM,1h 30m,2026-10-13T17:00Z
november-2026,1,757645-november-2026-zone-1-timetable.txt,IG,0580,43,4,3,Mathematics (Without Coursework) (Extended),2026-10-13,AM,2h,2026-10-13T17:00Z
november-2026,1,757645-november-2026-zone-1-timetable.txt,IG,0607,53,5,3,Cambridge International Mathematics (Core),2026-10-13,AM,1h 15m,2026-10-13T17:00Z
november-2026,1,757645-november-2026-zone-1-timetable.txt,IG,0607,63,6,3,Cambridge International Mathematics (Extended),2026-10-13,AM,1h 30m,2026-10-13T17:00Z
november-2026,1,757645-november-2026-zone-1-timetable.txt,IG,0610,51,5,1,Biology (Practical),2026-10-13,AM,1h 15m,2026-10-13T17:00Z
november-2026,1,757645-november-2026-zone-1-timetable.txt,IG,0610,61,6,1,Biology (Alternative to Practical),2026-10-13,AM,1h,2026-10-13T17:00Z
november-2026,1,757645-november-2026-zone-1-timetable.txt,AS,8695,21,2,1,Language & Literature in English,2026-10-13,AM,2h,2026-10-13T17:00Z
november-2026,1,757645-november-2026-zone-1-timetable.txt,AS,9609,23,2,3,Business,2026-10-13,AM,1h 30m,2026-10-13T17:00Z
november-2026,1,757645-november-2026-zone-1-timetable.txt,AS,9618,13,1,3,Computer Science,2026-10-13,AM,1h 30m,2026-10-13T17:00Z
november-2026,1,757645-november-2026-zone-1-timetable.txt,AS,9695,11,1,1,Literature in English,2026-10-13,AM,2h,2026-10-13T17:00Z
november-2026,1,757645-november-2026-zone-1-timetable.txt,AS,9709,21,2,1,Mathematics (Pure Mathematics 2),2026-10-13,AM,1h 15m,2026-10-13T17:00Z
november-2026,1,757645-november-2026-zone-1-timetable.txt,AS,9709,41,4,1,Mathematics (Mechanics),2026-10-13,AM,1h 15m,2026-10-13T17:00Z
november-2026,1,757645-november-2026-zone-1-timetable.txt,IG,0460,21,2,1,Geography,2026-10-14,AM,1h 30m,2026-10-14T17:00Z
november-2026,1,757645-november-2026-zone-1-timetable.txt,AS,9231,33,3,3,Further Mathematics,2026-10-14,PM,1h 30m,2026-10-14T21:00Z
november-2026,1,757645-november-2026-zone-1-timetable.txt,IG,0653,33,3,3,Combined Science (Core),2026-10-14,AM,1h 15m,2026-10-14T17:00Z
november-2026,1,757645-november-2026-zone-1-timetable.txt,IG,0653,43,4,3,Combined Science (Extended),2026-10-14,AM,1h 15m,2026-10-14T17:00Z
november-2026,1,757645-november-2026-zone-1-timetable.txt,IG,0654,33,3,3,Co-ordinated Sciences (Double Award) (Core),2026-10-14,AM,2h,2026-10-14T17:00Z
november-2026,1,757645-november-2026-zone-1-timetable.txt,IG,0654,43,4,3,Co-ordinated Sciences (Double Award) (Extended),2026-10-14,AM,2h,2026-10-14T17:00Z
november-2026,1,757645-november-2026-zone-1-timetable.txt,AS,9693,11,1,1,Marine Science,2026-10-14,AM,1h 45m,2026-10-14T17:00Z
november-2026,1,757645-november-2026-zone-1-timetable.txt,AS,9702,21,2,1,Physics,2026-10-14,AM,1h 15m,2026-10-14T17:00Z
november-2026,1,757645-november-2026-zone-1-timetable.txt,AS,9706,23,2,3,Accounting,2026-10-14,AM,1h 45m,2026-10-14T17:00Z
november-2026,1,757645-november-2026-zone-1-timetable.txt,AS,9990,23,2,3,Psychology,2026-10-14,AM,1h 30m,2026-10-14T17:00Z
november-2026,1,757645-november-2026-zone-1-timetable.txt,AL,9702,51,5,1,Physics,2026-10-14,AM,1h 15m,2026-10-14T17:00Z
november-2026,1,757645-november-2026-zone-1-timetable.txt,IG,0450,23,2,3,Business Studies,2026-10-15,AM,1h 30m,2026-10-15T17:00Z
november-2026,1,757645-november-2026-zone-1-timetable.txt,IG,0474,02,0,2,Literature in Spanish,2026-10-15,AM,2h,2026-10-15T17:00Z
november-2026,1,757645-november-2026-zone-1-timetable.txt,IG,0620,51,5,1,Chemistry (Practical),2026-10-15,AM,1h 15m,2026-10-15T17:00Z
november-2026,1,757645-november-2026-zone-1-timetable.txt,IG,0620,61,6,1,Chemistry (Alternative to Practical),2026-10-15,AM,1h,2026-10-15T17:00Z
november-2026,1,757645-november-2026-zone-1-timetable.txt,AS,9618,23,2,3,Computer Science,2026-10-15,AM,2h,2026-10-15T17:00Z
november-2026,1,757645-november-2026-zone-1-timetable.txt,AL,9609,33,3,3,Business,2026-10-15,AM,1h 45m,2026-10-15T17:00Z
november-2026,1,757645-november-2026-zone-1-timetable.txt,AL,9709,31,3,1,Mathematics (Pure Mathematics 3),2026-10-15,AM,1h 50m,2026-10-15T17:00Z
november-2026,1,757645-november-2026-zone-1-timetable.txt,IG,0495,11,1,1,Sociology,2026-10-16,AM,2h,2026-10-16T17:00Z
november-2026,1,757645-november-2026-zone-1-timetable.txt,IG,0610,31,3,1,Biology (Core),2026-10-16,AM,1h 15m,2026-10-16T17:00Z
november-2026,1,757645-november-2026-zone-1-timetable.txt,IG,0610,41,4,1,Biology (Extended),2026-10-16,AM,1h 15m,2026-10-16T17:00Z
november-2026,1,757645-november-2026-zone-1-timetable.txt,AS,8238,33,3,3,Chinese Language,2026-10-16,AM,1h 30m,2026-10-16T17:00Z
november-2026,1,757645-november-2026-zone-1-timetable.txt,AS,9093,11,1,1,English Language,2026-10-16,AM,2h 15m,2026-10-16T17:00Z
november-2026,1,757645-november-2026-zone-1-timetable.txt,AS,9701,21,2,1,Chemistry,2026-10-16,AM,1h 15m,2026-10-16T17:00Z
november-2026,1,757645-november-2026-zone-1-timetable.txt,AL,9701,51,5,1,Chemistry,2026-10-16,AM,1h 15m,2026-10-16T17:00Z
november-2026,1,757645-november-2026-zone-1-timetable.txt,IG,0470,43,4,3,History,2026-10-19,AM,1h,2026-10-19T17:00Z
november-2026,1,757645-november-2026-zone-1-timetable.txt,IG,0625,53,5,3,Physics (Practical),2026-10-19,PM,1h 15m,2026-10-19T21:00Z
november-2026,1,757645-november-2026-zone-1-timetable.txt,IG,0478,21,2,1,Computer Science,2026-10-19,AM,1h 45m,2026-10-19T17:00Z
november-2026,1,757645-november-2026-zone-1-timetable.txt,IG,0625,63,6,3,Physics (Alternative to Practical),2026-10-19,PM,1h,2026-10-19T21:00Z
november-2026,1,757645-november-2026-zone-1-timetable.txt,AS,9489,23,2,3,History,2026-10-19,AM,1h 45m,2026-10-19T17:00Z
november-2026,1,757645-november-2026-zone-1-timetable.txt,IG,0654,63,6,3,Co-ordinated Sciences (Double Award) (Alternative to Practical),2026-10-19,PM,1h 30m,2026-10-19T21:00Z
november-2026,1,757645-november-2026-zone-1-timetable.txt,AS,9693,21,2,1,Marine Science,2026-10-19,AM,1h 45m,2026-10-19T17:00Z
november-2026,1,757645-november-2026-zone-1-timetable.txt,AL,9618,33,3,3,Computer Science (Advanced),2026-10-19,PM,1h 30m,2026-10-19T21:00Z
november-2026,1,757645-november-2026-zone-1-timetable.txt,AL,9609,43,4,3,Business,2026-10-19,AM,1h 15m,2026-10-19T17:00Z
november-2026,1,757645-november-2026-zone-1-timetable.txt,AL,9708,43,4,3,Economics,2026-10-19,PM,2h,2026-10-19T21:00Z
november-2026,1,757645-november-2026-zone-1-timetable.txt,AL,9694,31,3,1,Thinking Skills,2026-10-19,AM,2h,2026-10-19T17:00Z
november-2026,1,757645-november-2026-zone-1-timetable.txt,AL,9709,61,6,1,Mathematics (Probability & Statistics 2),2026-10-19,AM,1h 15m,2026-10-19T17:00Z
november-2026,1,757645-november-2026-zone-1-timetable.txt,IG,0455,21,2,1,Economics,2026-10-20,AM,2h 15m,2026-10-20T17:00Z
november-2026,1,757645-november-2026-zone-1-timetable.txt,IG,0510,23,2,3,,2026-10-20,PM,50m,2026-10-20T21:00Z
november-2026,1,757645-november-2026-zone-1-timetable.txt,IG,0653,53,5,3,Combined Science (Practical),2026-10-20,AM,1h 15m,2026-10-20T17:00Z
november-2026,1,757645-november-2026-zone-1-timetable.txt,IG,0653,63,6,3,Combined Science (Alternative to Practical),2026-10-20,AM,1h,2026-10-20T17:00Z
november-2026,1,757645-november-2026-zone-1-timetable.txt,IG,0511,23,2,3,English as a Second Language (Count-in Speaking) (Listening),2026-10-20,PM,50m,2026-10-20T21:00Z
november-2026,1,757645-november-2026-zone-1-timetable.txt,IG,0654,53,5,3,Co-ordinated Sciences (Double Award) (Practical),2026-10-20,AM,2h,2026-10-20T17:00Z
november-2026,1,757645-november-2026-zone-1-timetable.txt,AL,9706,33,3,3,Accounting,2026-10-20,PM,1h 30m,2026-10-20T21:00Z
november-2026,1,757645-november-2026-zone-1-timetable.txt,AS,9274,11,1,1,Classical Studies,2026-10-20,AM,1h 30m,2026-10-20T17:00Z
november-2026,1,757645-november-2026-zone-1-timetable.txt,AL,9990,33,3,3,Psychology,2026-10-20,PM,1h 30m,2026-10-20T21:00Z
november-2026,1,757645-november-2026-zone-1-timetable.txt,AS,9699,23,2,3,Sociology,2026-10-20,AM,1h 30m,2026-10-20T17:00Z
november-2026,1,757645-november-2026-zone-1-timetable.txt,AS,9700,21,2,1,Biology,2026-10-20,AM,1h 15m,2026-10-20T17:00Z
november-2026,1,757645-november-2026-zone-1-timetable.txt,AL,9700,51,5,1,Biology,2026-10-20,AM,1h 15m,2026-10-20T17:00Z
november-2026,1,757645-november-2026-zone-1-timetable.txt,IG,0460,11,1,1,Geography,2026-10-21,AM,1h 45m,2026-10-21T17:00Z
november-2026,1,757645-november-2026-zone-1-timetable.txt,IG,0625,33,3,3,Physics (Core),2026-10-21,PM,1h 15m,2026-10-21T21:00Z
november-2026,1,757645-november-2026-zone-1-timetable.txt,IG,0495,21,2,1,Sociology,2026-10-21,AM,1h 45m,2026-10-21T17:00Z
november-2026,1,757645-november-2026-zone-1-timetable.txt,IG,0625,43,4,3,Physics (Extended),2026-10-21,PM,1h 15m,2026-10-21T21:00Z
november-2026,1,757645-november-2026-zone-1-timetable.txt,IG,0549,02,0,2,Hindi as a Second Language,2026-10-21,AM,45m,2026-10-21T17:00Z
november-2026,1,757645-november-2026-zone-1-timetable.txt,AL,9489,33,3,3,History,2026-10-21,PM,1h 15m,2026-10-21T21:00Z
november-2026,1,757645-november-2026-zone-1-timetable.txt,AS,8695,11,1,1,Language & Literature in English,2026-10-21,AM,2h,2026-10-21T17:00Z
november-2026,1,757645-november-2026-zone-1-timetable.txt,AS,9093,21,2,1,English Language,2026-10-21,AM,2h,2026-10-21T17:00Z
november-2026,1,757645-november-2026-zone-1-timetable.txt,IG,0475,11,1,1,Literature in English,2026-10-22,AM,1h 30m,2026-10-22T17:00Z
november-2026,1,757645-november-2026-zone-1-timetable.txt,IG,0470,23,2,3,History,2026-10-22,PM,1h 45m,2026-10-22T21:00Z
november-2026,1,757645-november-2026-zone-1-timetable.txt,AS,9274,21,2,1,Classical Studies,2026-10-22,AM,1h 30m,2026-10-22T17:00Z
november-2026,1,757645-november-2026-zone-1-timetable.txt,AL,9231,23,2,3,Further Mathematics,2026-10-22,PM,2h,2026-10-22T21:00Z
november-2026,1,757645-november-2026-zone-1-timetable.txt,AS,9696,21,2,1,Geography (Core),2026-10-22,AM,1h 30m,2026-10-22T17:00Z
november-2026,1,757645-november-2026-zone-1-timetable.txt,IG,0445,11,1,1,Design & Technology,2026-10-23,AM,1h 15m,2026-10-23T17:00Z
november-2026,1,757645-november-2026-zone-1-timetable.txt,IG,0520,21,2,1,French,2026-10-23,AM,1h,2026-10-23T17:00Z
november-2026,1,757645-november-2026-zone-1-timetable.txt,AS,9484,11,1,1,Biblical Studies,2026-10-23,AM,1h 30m,2026-10-23T17:00Z
november-2026,1,757645-november-2026-zone-1-timetable.txt,AS,9695,21,2,1,Literature in English,2026-10-23,AM,2h,2026-10-23T17:00Z
november-2026,1,757645-november-2026-zone-1-timetable.txt,AL,9700,41,4,1,Biology,2026-10-23,AM,2h,2026-10-23T17:00Z
november-2026,1,757645-november-2026-zone-1-timetable.txt,IG,0411,11,1,1,Drama,2026-10-26,AM,2h 30m,2026-10-26T17:00Z
november-2026,1,757645-november-2026-zone-1-timetable.txt,IG,0457,13,1,3,Global Perspectives,2026-10-26,PM,1h 25m,2026-10-26T21:00Z
november-2026,1,757645-november-2026-zone-1-timetable.txt,IG,0520,41,4,1,French,2026-10-26,AM,1h,2026-10-26T17:00Z
november-2026,1,757645-november-2026-zone-1-timetable.txt,IG,0648,13,1,3,Food & Nutrition,2026-10-26,AM,2h,2026-10-26T17:00Z
november-2026,1,757645-november-2026-zone-1-timetable.txt,IG,0697,11,1,1,Marine Science,2026-10-26,AM,1h 45m,2026-10-26T17:00Z
november-2026,1,757645-november-2026-zone-1-timetable.txt,AS,9484,21,2,1,Biblical Studies,2026-10-26,AM,1h 30m,2026-10-26T17:00Z
november-2026,1,757645-november-2026-zone-1-timetable.txt,AL,9626,31,3,1,Information Technology (Advanced),2026-10-26,AM,1h 45m,2026-10-26T17:00Z
november-2026,1,757645-november-2026-zone-1-timetable.txt,AL,9699,33,3,3,Sociology,2026-10-26,AM,1h 15m,2026-10-26T17:00Z
november-2026,1,757645-november-2026-zone-1-timetable.txt,IG,0460,41,4,1,Geography,2026-10-27,AM,1h 30m,2026-10-27T17:00Z
november-2026,1,757645-november-2026-zone-1-timetable.txt,IG,0530,23,2,3,Spanish,2026-10-27,PM,1h,2026-10-27T21:00Z
november-2026,1,757645-november-2026-zone-1-timetable.txt,IG,0549,01,0,1,Hindi as a Second Language,2026-10-27,AM,2h,2026-10-27T17:00Z
november-2026,1,757645-november-2026-zone-1-timetable.txt,AL,9706,43,4,3,Accounting,2026-10-27,PM,1h,2026-10-27T21:00Z
november-2026,1,757645-november-2026-zone-1-timetable.txt,AL,9693,31,3,1,Marine Science,2026-10-27,AM,1h 45m,2026-10-27T17:00Z
november-2026,1,757645-november-2026-zone-1-timetable.txt,IG,0408,21,2,1,World Literature,2026-10-28,AM,1h 15m,2026-10-28T17:00Z
november-2026,1,757645-november-2026-zone-1-timetable.txt,AL,9489,43,4,3,History,2026-10-28,PM,1h 45m,2026-10-28T21:00Z
november-2026,1,757645-november-2026-zone-1-timetable.txt,IG,0475,21,2,1,Literature in English,2026-10-28,AM,1h 30m,2026-10-28T17:00Z
november-2026,1,757645-november-2026-zone-1-timetable.txt,IG,0475,31,3,1,Literature in English,2026-10-28,AM,45m,2026-10-28T17:00Z
november-2026,1,757645-november-2026-zone-1-timetable.txt,IG,0475,41,4,1,Literature in English,2026-10-28,AM,1h 15m,2026-10-28T17:00Z
november-2026,1,757645-november-2026-zone-1-timetable.txt,IG,0697,21,2,1,Marine Science,2026-10-28,AM,1h 45m,2026-10-28T17:00Z
november-2026,1,757645-november-2026-zone-1-timetable.txt,AL,9274,31,3,1,Classical Studies,2026-10-28,AM,1h 30m,2026-10-28T17:00Z
november-2026,1,757645-november-2026-zone-1-timetable.txt,AL,9694,41,4,1,Thinking Skills,2026-10-28,AM,1h 45m,2026-10-28T17:00Z
november-2026,1,757645-november-2026-zone-1-timetable.txt,AL,9695,31,3,1,Literature in English,2026-10-28,AM,2h,2026-10-28T17:00Z
november-2026,1,757645-november-2026-zone-1-timetable.txt,IG,0410,11,1,1,Music (Listening),2026-10-29,AM,1h 15m,2026-10-29T17:00Z
november-2026,1,757645-november-2026-zone-1-timetable.txt,IG,0530,43,4,3,Spanish,2026-10-29,PM,1h,2026-10-29T21:00Z
november-2026,1,757645-november-2026-zone-1-timetable.txt,AL,9693,41,4,1,Marine Science,2026-10-29,AM,1h 45m,2026-10-29T17:00Z
november-2026,1,757645-november-2026-zone-1-timetable.txt,AS,9231,43,4,3,Further Mathematics,2026-10-29,PM,1h 30m,2026-10-29T21:00Z
november-2026,1,757645-november-2026-zone-1-timetable.txt,IG,0445,31,3,1,Design & Technology,2026-10-30,AM,1h,2026-10-30T17:00Z
november-2026,1,757645-november-2026-zone-1-timetable.txt,IG,0445,41,4,1,Design & Technology,2026-10-30,AM,1h,2026-10-30T17:00Z
november-2026,1,757645-november-2026-zone-1-timetable.txt,IG,0445,51,5,1,Design & Technology,2026-10-30,AM,1h,2026-10-30T17:00Z
november-2026,1,757645-november-2026-zone-1-timetable.txt,AL,9093,31,3,1,English Language,2026-10-30,AM,2h 15m,2026-10-30T17:00Z
november-2026,1,757645-november-2026-zone-1-timetable.txt,AL,9696,31,3,1,Geography (Advanced),2026-10-30,AM,1h 30m,2026-10-30T17:00Z
november-2026,1,757645-november-2026-zone-1-timetable.txt,AL,9844,21,2,1,Spanish Language & Literature,2026-10-30,AM,2h,2026-10-30T17:00Z
november-2026,1,757645-november-2026-zone-1-timetable.txt,AS,8022,31,3,1,Spanish Language,2026-11-02,AM,1h 30m,2026-11-02T17:00Z
november-2026,1,757645-november-2026-zone-1-timetable.txt,AS,9706,13,1,3,Accounting (Multiple Choice),2026-11-02,PM,1h,2026-11-02T21:00Z
november-2026,1,757645-november-2026-zone-1-timetable.txt,AS,8027,11,1,1,German Language (Listening - Multiple Choice),2026-11-02,AM,1h,2026-11-02T17:00Z
november-2026,1,757645-november-2026-zone-1-timetable.txt,AS,9483,11,1,1,Music (Listening),2026-11-02,AM,2h,2026-11-02T17:00Z
november-2026,1,757645-november-2026-zone-1-timetable.txt,AS,9607,02,0,2,Media Studies,2026-11-02,AM,2h,2026-11-02T17:00Z
november-2026,1,757645-november-2026-zone-1-timetable.txt,AL,9844,31,3,1,Spanish Language & Literature,2026-11-02,AM,2h,2026-11-02T17:00Z
november-2026,1,757645-november-2026-zone-1-timetable.txt,AL,9990,43,4,3,Psychology,2026-11-02,AM,1h 30m,2026-11-02T17:00Z
november-2026,1,757645-november-2026-zone-1-timetable.txt,IG,0520,11,1,1,French (Listening - Multiple Choice),2026-11-03,AM,50m,2026-11-03T17:00Z
november-2026,1,757645-november-2026-zone-1-timetable.txt,AS,8386,11,1,1,Sport & Physical Education,2026-11-03,AM,1h 45m,2026-11-03T17:00Z
november-2026,1,757645-november-2026-zone-1-timetable.txt,AL,9695,41,4,1,Literature in English,2026-11-03,AM,2h,2026-11-03T17:00Z
november-2026,1,757645-november-2026-zone-1-timetable.txt,AL,9696,41,4,1,Geography (Advanced),2026-11-03,AM,1h 30m,2026-11-03T17:00Z
november-2026,1,757645-november-2026-zone-1-timetable.txt,AL,9701,41,4,1,Chemistry,2026-11-03,AM,2h,2026-11-03T17:00Z
november-2026,1,757645-november-2026-zone-1-timetable.txt,IG,0455,11,1,1,Economics (Multiple Choice),2026-11-04,AM,45m,2026-11-04T17:00Z
november-2026,1,757645-november-2026-zone-1-timetable.txt,IG,0625,13,1,3,Physics (Multiple Choice - Core),2026-11-04,PM,45m,2026-11-04T21:00Z
november-2026,1,757645-november-2026-zone-1-timetable.txt,AS,8028,11,1,1,French Language (Listening - Multiple Choice),2026-11-04,AM,1h,2026-11-04T17:00Z
november-2026,1,757645-november-2026-zone-1-timetable.txt,IG,0625,23,2,3,Physics (Multiple Choice - Extended),2026-11-04,PM,45m,2026-11-04T21:00Z
november-2026,1,757645-november-2026-zone-1-timetable.txt,AS,8238,13,1,3,Chinese Language (Listening - Multiple Choice),2026-11-04,AM,1h,2026-11-04T17:00Z
november-2026,1,757645-november-2026-zone-1-timetable.txt,IG,0653,13,1,3,Combined Science (Multiple Choice - Core),2026-11-04,PM,45m,2026-11-04T21:00Z
november-2026,1,757645-november-2026-zone-1-timetable.txt,AS,9705,11,1,1,Design & Technology,2026-11-04,AM,2h 15m,2026-11-04T17:00Z
november-2026,1,757645-november-2026-zone-1-timetable.txt,IG,0653,23,2,3,Combined Science (Multiple Choice - Extended),2026-11-04,PM,45m,2026-11-04T21:00Z
november-2026,1,757645-november-2026-zone-1-timetable.txt,AL,9093,41,4,1,English Language,2026-11-04,AM,2h 15m,2026-11-04T17:00Z
november-2026,1,757645-november-2026-zone-1-timetable.txt,IG,0654,13,1,3,Co-ordinated Sciences (Double Award) (Multiple Choice - Core),2026-11-04,PM,45m,2026-11-04T21:00Z
november-2026,1,757645-november-2026-zone-1-timetable.txt,AL,9699,43,4,3,Sociology,2026-11-04,AM,1h 45m,2026-11-04T17:00Z
november-2026,1,757645-november-2026-zone-1-timetable.txt,IG,0654,23,2,3,,2026-11-04,PM,45m,2026-11-04T21:00Z
november-2026,1,757645-november-2026-zone-1-timetable.txt,AS,9708,13,1,3,Economics (Multiple Choice),2026-11-04,PM,1h,2026-11-04T21:00Z
november-2026,1,757645-november-2026-zone-1-timetable.txt,IG,0408,31,3,1,World Literature,2026-11-05,AM,1h 30m,2026-11-05T17:00Z
november-2026,1,757645-november-2026-zone-1-timetable.txt,IG,0530,13,1,3,Spanish (Listening - Multiple Choice),2026-11-05,PM,50m,2026-11-05T21:00Z
november-2026,1,757645-november-2026-zone-1-timetable.txt,AS,8022,11,1,1,Spanish Language (Listening - Multiple Choice),2026-11-05,AM,1h,2026-11-05T17:00Z
november-2026,1,757645-november-2026-zone-1-timetable.txt,AL,9274,41,4,1,Classical Studies,2026-11-05,AM,1h 30m,2026-11-05T17:00Z
november-2026,1,757645-november-2026-zone-1-timetable.txt,AL,9484,31,3,1,Biblical Studies,2026-11-05,AM,1h 30m,2026-11-05T17:00Z
november-2026,1,757645-november-2026-zone-1-timetable.txt,AL,9607,04,0,4,Media Studies,2026-11-05,AM,2h,2026-11-05T17:00Z
november-2026,1,757645-november-2026-zone-1-timetable.txt,AL,9844,11,1,1,Spanish Language & Literature (Multiple Choice),2026-11-05,AM,1h 30m,2026-11-05T17:00Z
november-2026,1,757645-november-2026-zone-1-timetable.txt,AL,9868,11,1,1,Chinese Language & Literature (Multiple Choice),2026-11-05,AM,1h 30m,2026-11-05T17:00Z
november-2026,1,757645-november-2026-zone-1-timetable.txt,IG,0452,11,1,1,Accounting (Multiple Choice),2026-11-06,AM,1h 15m,2026-11-06T17:00Z
november-2026,1,757645-november-2026-zone-1-timetable.txt,AS,8238,23,2,3,Chinese Language (Multiple Choice),2026-11-06,AM,1h 30m,2026-11-06T17:00Z
november-2026,1,757645-november-2026-zone-1-timetable.txt,AS,9482,11,1,1,Drama,2026-11-06,AM,2h,2026-11-06T17:00Z
november-2026,1,757645-november-2026-zone-1-timetable.txt,AL,9705,31,3,1,Design & Technology,2026-11-06,AM,2h 30m,2026-11-06T17:00Z
november-2026,1,757645-november-2026-zone-1-timetable.txt,AS,8022,21,2,1,Spanish Language (Multiple Choice),2026-11-09,AM,1h 30m,2026-11-09T17:00Z
november-2026,1,757645-november-2026-zone-1-timetable.txt,AL,9484,41,4,1,Biblical Studies,2026-11-09,AM,1h 30m,2026-11-09T17:00Z
november-2026,1,757645-november-2026-zone-1-timetable.txt,IG,0610,11,1,1,Biology (Multiple Choice - Core),2026-11-10,AM,45m,2026-11-10T17:00Z
november-2026,1,757645-november-2026-zone-1-timetable.txt,AL,9708,33,3,3,Economics (Multiple Choice),2026-11-10,PM,1h 15m,2026-11-10T21:00Z
november-2026,1,757645-november-2026-zone-1-timetable.txt,IG,0610,21,2,1,Biology (Multiple Choice - Extended),2026-11-10,AM,45m,2026-11-10T17:00Z
november-2026,1,757645-november-2026-zone-1-timetable.txt,AS,8027,21,2,1,German Language (Multiple Choice),2026-11-10,AM,1h 30m,2026-11-10T17:00Z
november-2026,1,757645-november-2026-zone-1-timetable.txt,AS,9702,11,1,1,Physics (Multiple Choice),2026-11-10,AM,1h 15m,2026-11-10T17:00Z
november-2026,1,757645-november-2026-zone-1-timetable.txt,AL,9897,11,1,1,German Language & Literature (Multiple Choice),2026-11-10,AM,1h 30m,2026-11-10T17:00Z
november-2026,1,757645-november-2026-zone-1-timetable.txt,AS,8028,21,2,1,French Language (Multiple Choice),2026-11-11,AM,1h 30m,2026-11-11T17:00Z
november-2026,1,757645-november-2026-zone-1-timetable.txt,AS,9701,11,1,1,Chemistry (Multiple Choice),2026-11-11,AM,1h 15m,2026-11-11T17:00Z
november-2026,1,757645-november-2026-zone-1-timetable.txt,IG,0620,11,1,1,Chemistry (Multiple Choice - Core),2026-11-12,AM,45m,2026-11-12T17:00Z
november-2026,1,757645-november-2026-zone-1-timetable.txt,IG,0620,21,2,1,Chemistry (Multiple Choice - Extended),2026-11-12,AM,45m,2026-11-12T17:00Z
november-2026,1,757645-november-2026-zone-1-timetable.txt,AS,9700,11,1,1,Biology (Multiple Choice),2026-11-12,AM,1h 15m,2026-11-12T17:00Z
november-2026,2,757646-november-2026-zone-2-timetable.txt,IG,0493,11,1,1,Islamiyat,2026-09-28,AM,1h 30m,2026-09-28T13:00Z
november-2026,2,757646-november-2026-zone-2-timetable.txt,IG,0502,11,1,1,First Language Spanish,2026-09-28,PM,2h,2026-09-28T17:00Z
november-2026,2,757646-november-2026-zone-2-timetable.txt,IG,0680,11,1,1,Environmental Management,2026-09-28,AM,1h 45m,2026-09-28T13:00Z
november-2026,2,757646-november-2026-zone-2-timetable.txt,AS,9694,11,1,1,Thinking Skills,2026-09-28,PM,1h 30m,2026-09-28T17:00Z
november-2026,2,757646-november-2026-zone-2-timetable.txt,AS,8021,11,1,1,English General Paper,2026-09-28,AM,1h 15m,2026-09-28T13:00Z
november-2026,2,757646-november-2026-zone-2-timetable.txt,AL,9868,31,3,1,Chinese Language & Literature,2026-09-28,PM,2h,2026-09-28T17:00Z
november-2026,2,757646-november-2026-zone-2-timetable.txt,AS,8679,03,0,3,Afrikaans Language,2026-09-28,AM,1h 30m,2026-09-28T13:00Z
november-2026,2,757646-november-2026-zone-2-timetable.txt,AS,9084,11,1,1,Law,2026-09-28,AM,1h 30m,2026-09-28T13:00Z
november-2026,2,757646-november-2026-zone-2-timetable.txt,AS,9239,11,1,1,Global Perspectives & Research,2026-09-28,AM,1h 30m,2026-09-28T13:00Z
november-2026,2,757646-november-2026-zone-2-timetable.txt,IG,0548,02,0,2,Afrikaans as a Second Language (Listening),2026-09-29,AM,50m,2026-09-29T13:00Z
november-2026,2,757646-november-2026-zone-2-timetable.txt,IG,0474,01,0,1,Literature in Spanish,2026-09-29,PM,1h 30m,2026-09-29T17:00Z
november-2026,2,757646-november-2026-zone-2-timetable.txt,IG,0607,11,1,1,Cambridge International Mathematics (Core),2026-09-29,AM,1h 15m,2026-09-29T13:00Z
november-2026,2,757646-november-2026-zone-2-timetable.txt,AS,9395,11,1,1,Travel & Tourism,2026-09-29,PM,2h,2026-09-29T17:00Z
november-2026,2,757646-november-2026-zone-2-timetable.txt,IG,0607,21,2,1,Cambridge International Mathematics (Extended),2026-09-29,AM,1h 30m,2026-09-29T13:00Z
november-2026,2,757646-november-2026-zone-2-timetable.txt,AS,9701,31,3,1,Chemistry (Practical - Advanced),2026-09-29,PM,2h,2026-09-29T17:00Z
november-2026,2,757646-november-2026-zone-2-timetable.txt,IG,0493,21,2,1,Islamiyat,2026-09-30,AM,1h 30m,2026-09-30T13:00Z
november-2026,2,757646-november-2026-zone-2-timetable.txt,IG,0471,11,1,1,Travel & Tourism,2026-09-30,PM,1h 30m,2026-09-30T17:00Z
november-2026,2,757646-november-2026-zone-2-timetable.txt,IG,0680,21,2,1,Environmental Management,2026-09-30,AM,1h 45m,2026-09-30T13:00Z
november-2026,2,757646-november-2026-zone-2-timetable.txt,IG,0606,11,1,1,Additional Mathematics,2026-09-30,PM,2h,2026-09-30T17:00Z
november-2026,2,757646-november-2026-zone-2-timetable.txt,AS,8021,21,2,1,English General Paper,2026-09-30,AM,1h 45m,2026-09-30T13:00Z
november-2026,2,757646-november-2026-zone-2-timetable.txt,AS,8027,31,3,1,German Language,2026-09-30,PM,1h 30m,2026-09-30T17:00Z
november-2026,2,757646-november-2026-zone-2-timetable.txt,AS,8028,31,3,1,French Language,2026-09-30,PM,1h 30m,2026-09-30T17:00Z
november-2026,2,757646-november-2026-zone-2-timetable.txt,AS,8291,11,1,1,Environmental Management,2026-09-30,PM,1h 45m,2026-09-30T17:00Z
november-2026,2,757646-november-2026-zone-2-timetable.txt,AS,9694,21,2,1,Thinking Skills,2026-09-30,PM,1h 45m,2026-09-30T17:00Z
november-2026,2,757646-november-2026-zone-2-timetable.txt,AS,9709,11,1,1,Mathematics (Pure Mathematics 1),2026-09-30,PM,1h 50m,2026-09-30T17:00Z
november-2026,2,757646-november-2026-zone-2-timetable.txt,AL,9897,21,2,1,German Language & Literature,2026-09-30,PM,2h,2026-09-30T17:00Z
november-2026,2,757646-november-2026-zone-2-timetable.txt,AS,8679,02,0,2,Afrikaans Language,2026-10-02,AM,1h 45m,2026-10-02T13:00Z
november-2026,2,757646-november-2026-zone-2-timetable.txt,AS,8291,21,2,1,Environmental Management,2026-10-02,PM,1h 45m,2026-10-02T17:00Z
november-2026,2,757646-november-2026-zone-2-timetable.txt,AS,9084,21,2,1,Law,2026-10-02,AM,1h 30m,2026-10-02T13:00Z
november-2026,2,757646-november-2026-zone-2-timetable.txt,AL,9897,31,3,1,German Language & Literature,2026-10-02,PM,2h,2026-10-02T17:00Z
november-2026,2,757646-november-2026-zone-2-timetable.txt,IG,0510,11,1,1,English as a Second Language (Speaking Endorsement),2026-10-05,AM,2h,2026-10-05T13:00Z
november-2026,2,757646-november-2026-zone-2-timetable.txt,IG,0454,11,1,1,Enterprise,2026-10-05,PM,1h 30m,2026-10-05T17:00Z
november-2026,2,757646-november-2026-zone-2-timetable.txt,IG,0511,11,1,1,English as a Second Language (Count-in Speaking),2026-10-05,AM,2h,2026-10-05T13:00Z
november-2026,2,757646-november-2026-zone-2-timetable.txt,IG,0500,11,1,1,First Language English (Oral Endorsement),2026-10-05,PM,2h,2026-10-05T17:00Z
november-2026,2,757646-november-2026-zone-2-timetable.txt,AS,9609,11,1,1,Business,2026-10-05,AM,1h 15m,2026-10-05T13:00Z
november-2026,2,757646-november-2026-zone-2-timetable.txt,AS,9626,11,1,1,Information Technology,2026-10-05,PM,1h 45m,2026-10-05T17:00Z
november-2026,2,757646-november-2026-zone-2-timetable.txt,AL,9395,31,3,1,Travel & Tourism,2026-10-05,PM,1h 30m,2026-10-05T17:00Z
november-2026,2,757646-november-2026-zone-2-timetable.txt,IG,0450,11,1,1,Business Studies,2026-10-06,AM,1h 30m,2026-10-06T13:00Z
november-2026,2,757646-november-2026-zone-2-timetable.txt,IG,0471,21,2,1,Travel & Tourism,2026-10-06,PM,2h,2026-10-06T17:00Z
november-2026,2,757646-november-2026-zone-2-timetable.txt,AS,9708,21,2,1,Economics,2026-10-06,AM,2h,2026-10-06T13:00Z
november-2026,2,757646-november-2026-zone-2-timetable.txt,IG,0606,21,2,1,Additional Mathematics,2026-10-06,PM,2h,2026-10-06T17:00Z
november-2026,2,757646-november-2026-zone-2-timetable.txt,AL,9084,31,3,1,Law,2026-10-06,AM,1h 30m,2026-10-06T13:00Z
november-2026,2,757646-november-2026-zone-2-timetable.txt,AS,9700,31,3,1,Biology (Practical - Advanced),2026-10-06,PM,2h,2026-10-06T17:00Z
november-2026,2,757646-november-2026-zone-2-timetable.txt,IG,0625,31,3,1,Physics (Core),2026-10-07,AM,1h 15m,2026-10-07T13:00Z
november-2026,2,757646-november-2026-zone-2-timetable.txt,IG,0500,21,2,1,First Language English (Oral Endorsement),2026-10-07,PM,2h,2026-10-07T17:00Z
november-2026,2,757646-november-2026-zone-2-timetable.txt,IG,0625,41,4,1,Physics (Extended),2026-10-07,AM,1h 15m,2026-10-07T13:00Z
november-2026,2,757646-november-2026-zone-2-timetable.txt,AS,9709,51,5,1,Mathematics (Probability & Statistics 1),2026-10-07,PM,1h 15m,2026-10-07T17:00Z
november-2026,2,757646-november-2026-zone-2-timetable.txt,AS,9231,11,1,1,Further Mathematics,2026-10-07,AM,2h,2026-10-07T13:00Z
november-2026,2,757646-november-2026-zone-2-timetable.txt,AL,9395,41,4,1,Travel & Tourism,2026-10-07,PM,1h 30m,2026-10-07T17:00Z
november-2026,2,757646-november-2026-zone-2-timetable.txt,AS,9699,11,1,1,Sociology,2026-10-07,AM,1h 30m,2026-10-07T13:00Z
november-2026,2,757646-november-2026-zone-2-timetable.txt,IG,0580,11,1,1,Mathematics (Without Coursework) (Core),2026-10-08,AM,1h 30m,2026-10-08T13:00Z
november-2026,2,757646-november-2026-zone-2-timetable.txt,IG,0502,21,2,1,First Language Spanish,2026-10-08,PM,2h,2026-10-08T17:00Z
november-2026,2,757646-november-2026-zone-2-timetable.txt,IG,0580,21,2,1,Mathematics (Without Coursework) (Extended),2026-10-08,AM,2h,2026-10-08T13:00Z
november-2026,2,757646-november-2026-zone-2-timetable.txt,AS,9696,11,1,1,Geography (Core),2026-10-08,PM,1h 30m,2026-10-08T17:00Z
november-2026,2,757646-november-2026-zone-2-timetable.txt,IG,0607,31,3,1,Cambridge International Mathematics (Core),2026-10-08,AM,1h 15m,2026-10-08T13:00Z
november-2026,2,757646-november-2026-zone-2-timetable.txt,AS,9702,31,3,1,Physics (Practical - Advanced),2026-10-08,PM,2h,2026-10-08T17:00Z
november-2026,2,757646-november-2026-zone-2-timetable.txt,IG,0607,41,4,1,Cambridge International Mathematics (Extended),2026-10-08,AM,1h 30m,2026-10-08T13:00Z
november-2026,2,757646-november-2026-zone-2-timetable.txt,AS,9609,21,2,1,Business,2026-10-08,AM,1h 30m,2026-10-08T13:00Z
november-2026,2,757646-november-2026-zone-2-timetable.txt,AL,9084,41,4,1,Law,2026-10-08,AM,1h 30m,2026-10-08T13:00Z
november-2026,2,757646-november-2026-zone-2-timetable.txt,IG,0470,11,1,1,History,2026-10-09,AM,2h,2026-10-09T13:00Z
november-2026,2,757646-november-2026-zone-2-timetable.txt,IG,0478,11,1,1,Computer Science,2026-10-09,PM,1h 45m,2026-10-09T17:00Z
november-2026,2,757646-november-2026-zone-2-timetable.txt,AS,9231,31,3,1,Further Mathematics,2026-10-09,AM,1h 30m,2026-10-09T13:00Z
november-2026,2,757646-november-2026-zone-2-timetable.txt,AS,9618,11,1,1,Computer Science,2026-10-09,AM,1h 30m,2026-10-09T13:00Z
november-2026,2,757646-november-2026-zone-2-timetable.txt,IG,0600,11,1,1,Agriculture,2026-10-12,AM,1h 45m,2026-10-12T13:00Z
november-2026,2,757646-november-2026-zone-2-timetable.txt,IG,0620,31,3,1,Chemistry (Core),2026-10-12,PM,1h 15m,2026-10-12T17:00Z
november-2026,2,757646-november-2026-zone-2-timetable.txt,AS,9990,11,1,1,Psychology,2026-10-12,AM,1h 30m,2026-10-12T13:00Z
november-2026,2,757646-november-2026-zone-2-timetable.txt,IG,0620,41,4,1,Chemistry (Extended),2026-10-12,PM,1h 15m,2026-10-12T17:00Z
november-2026,2,757646-november-2026-zone-2-timetable.txt,AL,9609,31,3,1,Business,2026-10-12,AM,1h 45m,2026-10-12T13:00Z
november-2026,2,757646-november-2026-zone-2-timetable.txt,AL,9702,41,4,1,Physics,2026-10-12,PM,2h,2026-10-12T17:00Z
november-2026,2,757646-november-2026-zone-2-timetable.txt,AL,9868,21,2,1,Chinese Language & Literature,2026-10-12,PM,2h,2026-10-12T17:00Z
november-2026,2,757646-november-2026-zone-2-timetable.txt,IG,0413,11,1,1,Physical Education,2026-10-13,AM,1h 45m,2026-10-13T13:00Z
november-2026,2,757646-november-2026-zone-2-timetable.txt,IG,0452,21,2,1,Accounting,2026-10-13,PM,1h 45m,2026-10-13T17:00Z
november-2026,2,757646-november-2026-zone-2-timetable.txt,IG,0417,11,1,1,Information & Communication Technology,2026-10-13,AM,1h 30m,2026-10-13T13:00Z
november-2026,2,757646-november-2026-zone-2-timetable.txt,IG,0610,51,5,1,Biology (Practical),2026-10-13,PM,1h 15m,2026-10-13T17:00Z
november-2026,2,757646-november-2026-zone-2-timetable.txt,IG,0548,01,0,1,Afrikaans as a Second Language,2026-10-13,AM,2h,2026-10-13T13:00Z
november-2026,2,757646-november-2026-zone-2-timetable.txt,IG,0610,61,6,1,Biology (Alternative to Practical),2026-10-13,PM,1h,2026-10-13T17:00Z
november-2026,2,757646-november-2026-zone-2-timetable.txt,AS,9489,11,1,1,History,2026-10-13,AM,1h 15m,2026-10-13T13:00Z
november-2026,2,757646-november-2026-zone-2-timetable.txt,AS,8695,21,2,1,Language & Literature in English,2026-10-13,PM,2h,2026-10-13T17:00Z
november-2026,2,757646-november-2026-zone-2-timetable.txt,AL,9708,41,4,1,Economics,2026-10-13,AM,2h,2026-10-13T13:00Z
november-2026,2,757646-november-2026-zone-2-timetable.txt,AS,9695,11,1,1,Literature in English,2026-10-13,PM,2h,2026-10-13T17:00Z
november-2026,2,757646-november-2026-zone-2-timetable.txt,AS,9709,21,2,1,Mathematics (Pure Mathematics 2),2026-10-13,PM,1h 15m,2026-10-13T17:00Z
november-2026,2,757646-november-2026-zone-2-timetable.txt,AS,9709,41,4,1,Mathematics (Mechanics),2026-10-13,PM,1h 15m,2026-10-13T17:00Z
november-2026,2,757646-november-2026-zone-2-timetable.txt,IG,0580,31,3,1,Mathematics (Without Coursework) (Core),2026-10-14,AM,1h 30m,2026-10-14T13:00Z
november-2026,2,757646-november-2026-zone-2-timetable.txt,IG,0460,21,2,1,Geography,2026-10-14,PM,1h 30m,2026-10-14T17:00Z
november-2026,2,757646-november-2026-zone-2-timetable.txt,IG,0580,41,4,1,Mathematics (Without Coursework) (Extended),2026-10-14,AM,2h,2026-10-14T13:00Z
november-2026,2,757646-november-2026-zone-2-timetable.txt,AS,9693,11,1,1,Marine Science,2026-10-14,PM,1h 45m,2026-10-14T17:00Z
november-2026,2,757646-november-2026-zone-2-timetable.txt,IG,0607,51,5,1,Cambridge International Mathematics (Core),2026-10-14,AM,1h 15m,2026-10-14T13:00Z
november-2026,2,757646-november-2026-zone-2-timetable.txt,AS,9702,21,2,1,Physics,2026-10-14,PM,1h 15m,2026-10-14T17:00Z
november-2026,2,757646-november-2026-zone-2-timetable.txt,IG,0607,61,6,1,Cambridge International Mathematics (Extended),2026-10-14,AM,1h 30m,2026-10-14T13:00Z
november-2026,2,757646-november-2026-zone-2-timetable.txt,AL,9702,51,5,1,Physics,2026-10-14,PM,1h 15m,2026-10-14T17:00Z
november-2026,2,757646-november-2026-zone-2-timetable.txt,AS,9618,21,2,1,Computer Science,2026-10-14,AM,2h,2026-10-14T13:00Z
november-2026,2,757646-november-2026-zone-2-timetable.txt,IG,0653,31,3,1,Combined Science (Core),2026-10-15,AM,1h 15m,2026-10-15T13:00Z
november-2026,2,757646-november-2026-zone-2-timetable.txt,IG,0474,02,0,2,Literature in Spanish,2026-10-15,PM,2h,2026-10-15T17:00Z
november-2026,2,757646-november-2026-zone-2-timetable.txt,IG,0653,41,4,1,Combined Science (Extended),2026-10-15,AM,1h 15m,2026-10-15T13:00Z
november-2026,2,757646-november-2026-zone-2-timetable.txt,IG,0620,51,5,1,Chemistry (Practical),2026-10-15,PM,1h 15m,2026-10-15T17:00Z
november-2026,2,757646-november-2026-zone-2-timetable.txt,IG,0654,31,3,1,Co-ordinated Sciences (Double Award) (Core),2026-10-15,AM,2h,2026-10-15T13:00Z
november-2026,2,757646-november-2026-zone-2-timetable.txt,IG,0620,61,6,1,Chemistry (Alternative to Practical),2026-10-15,PM,1h,2026-10-15T17:00Z
november-2026,2,757646-november-2026-zone-2-timetable.txt,IG,0654,41,4,1,Co-ordinated Sciences (Double Award) (Extended),2026-10-15,AM,2h,2026-10-15T13:00Z
november-2026,2,757646-november-2026-zone-2-timetable.txt,AL,9709,31,3,1,Mathematics (Pure Mathematics 3),2026-10-15,PM,1h 50m,2026-10-15T17:00Z
november-2026,2,757646-november-2026-zone-2-timetable.txt,AS,9706,21,2,1,Accounting,2026-10-15,AM,1h 45m,2026-10-15T13:00Z
november-2026,2,757646-november-2026-zone-2-timetable.txt,AS,9990,21,2,1,Psychology,2026-10-15,AM,1h 30m,2026-10-15T13:00Z
november-2026,2,757646-november-2026-zone-2-timetable.txt,IG,0450,21,2,1,Business Studies,2026-10-16,AM,1h 30m,2026-10-16T13:00Z
november-2026,2,757646-november-2026-zone-2-timetable.txt,IG,0495,11,1,1,Sociology,2026-10-16,PM,2h,2026-10-16T17:00Z
november-2026,2,757646-november-2026-zone-2-timetable.txt,AS,8238,31,3,1,Chinese Language,2026-10-16,AM,1h 30m,2026-10-16T13:00Z
november-2026,2,757646-november-2026-zone-2-timetable.txt,IG,0610,31,3,1,Biology (Core),2026-10-16,PM,1h 15m,2026-10-16T17:00Z
november-2026,2,757646-november-2026-zone-2-timetable.txt,IG,0610,41,4,1,Biology (Extended),2026-10-16,PM,1h 15m,2026-10-16T17:00Z
november-2026,2,757646-november-2026-zone-2-timetable.txt,AS,9093,11,1,1,English Language,2026-10-16,PM,2h 15m,2026-10-16T17:00Z
november-2026,2,757646-november-2026-zone-2-timetable.txt,AS,9701,21,2,1,Chemistry,2026-10-16,PM,1h 15m,2026-10-16T17:00Z
november-2026,2,757646-november-2026-zone-2-timetable.txt,AL,9701,51,5,1,Chemistry,2026-10-16,PM,1h 15m,2026-10-16T17:00Z
november-2026,2,757646-november-2026-zone-2-timetable.txt,IG,0470,41,4,1,History,2026-10-19,AM,1h,2026-10-19T13:00Z
november-2026,2,757646-november-2026-zone-2-timetable.txt,IG,0478,21,2,1,Computer Science,2026-10-19,PM,1h 45m,2026-10-19T17:00Z
november-2026,2,757646-november-2026-zone-2-timetable.txt,AS,9489,21,2,1,History,2026-10-19,AM,1h 45m,2026-10-19T13:00Z
november-2026,2,757646-november-2026-zone-2-timetable.txt,AS,9693,21,2,1,Marine Science,2026-10-19,PM,1h 45m,2026-10-19T17:00Z
november-2026,2,757646-november-2026-zone-2-timetable.txt,AL,9609,41,4,1,Business,2026-10-19,AM,1h 15m,2026-10-19T13:00Z
november-2026,2,757646-november-2026-zone-2-timetable.txt,AL,9694,31,3,1,Thinking Skills,2026-10-19,PM,2h,2026-10-19T17:00Z
november-2026,2,757646-november-2026-zone-2-timetable.txt,AL,9709,61,6,1,Mathematics (Probability & Statistics 2),2026-10-19,PM,1h 15m,2026-10-19T17:00Z
november-2026,2,757646-november-2026-zone-2-timetable.txt,IG,0625,51,5,1,Physics (Practical),2026-10-20,AM,1h 15m,2026-10-20T13:00Z
november-2026,2,757646-november-2026-zone-2-timetable.txt,IG,0455,21,2,1,Economics,2026-10-20,PM,2h 15m,2026-10-20T17:00Z
november-2026,2,757646-november-2026-zone-2-timetable.txt,IG,0625,61,6,1,Physics (Alternative to Practical),2026-10-20,AM,1h,2026-10-20T13:00Z
november-2026,2,757646-november-2026-zone-2-timetable.txt,AS,9274,11,1,1,Classical Studies,2026-10-20,PM,1h 30m,2026-10-20T17:00Z
november-2026,2,757646-november-2026-zone-2-timetable.txt,IG,0653,51,5,1,Combined Science (Practical),2026-10-20,AM,1h 15m,2026-10-20T13:00Z
november-2026,2,757646-november-2026-zone-2-timetable.txt,AS,9700,21,2,1,Biology,2026-10-20,PM,1h 15m,2026-10-20T17:00Z
november-2026,2,757646-november-2026-zone-2-timetable.txt,IG,0653,61,6,1,Combined Science (Alternative to Practical),2026-10-20,AM,1h,2026-10-20T13:00Z
november-2026,2,757646-november-2026-zone-2-timetable.txt,AL,9700,51,5,1,Biology,2026-10-20,PM,1h 15m,2026-10-20T17:00Z
november-2026,2,757646-november-2026-zone-2-timetable.txt,IG,0654,51,5,1,Co-ordinated Sciences (Double Award) (Practical),2026-10-20,AM,2h,2026-10-20T13:00Z
november-2026,2,757646-november-2026-zone-2-timetable.txt,IG,0654,61,6,1,Co-ordinated Sciences (Double Award) (Alternative to Practical),2026-10-20,AM,1h 30m,2026-10-20T13:00Z
november-2026,2,757646-november-2026-zone-2-timetable.txt,AS,9699,21,2,1,Sociology,2026-10-20,AM,1h 30m,2026-10-20T13:00Z
november-2026,2,757646-november-2026-zone-2-timetable.txt,AL,9618,31,3,1,Computer Science (Advanced),2026-10-20,AM,1h 30m,2026-10-20T13:00Z
november-2026,2,757646-november-2026-zone-2-timetable.txt,,0460,11,1,1,English as a Second Language (Speaking Endorsement)                                                     IG    Geography,2026-10-21,PM,1h 45m,2026-10-21T17:00Z
november-2026,2,757646-november-2026-zone-2-timetable.txt,IG,0510,21,2,1,,2026-10-21,AM,50m,2026-10-21T13:00Z
november-2026,2,757646-november-2026-zone-2-timetable.txt,IG,0495,21,2,1,Sociology,2026-10-21,PM,1h 45m,2026-10-21T17:00Z
november-2026,2,757646-november-2026-zone-2-timetable.txt,IG,0511,21,2,1,English as a Second Language (Count-in Speaking) (Listening),2026-10-21,AM,50m,2026-10-21T13:00Z
november-2026,2,757646-november-2026-zone-2-timetable.txt,AS,8695,11,1,1,Language & Literature in English,2026-10-21,PM,2h,2026-10-21T17:00Z
november-2026,2,757646-november-2026-zone-2-timetable.txt,IG,0531,02,0,2,IsiZulu as a Second Language (Listening),2026-10-21,AM,50m,2026-10-21T13:00Z
november-2026,2,757646-november-2026-zone-2-timetable.txt,AS,9093,21,2,1,English Language,2026-10-21,PM,2h,2026-10-21T17:00Z
november-2026,2,757646-november-2026-zone-2-timetable.txt,IG,0549,02,0,2,Hindi as a Second Language,2026-10-21,AM,45m,2026-10-21T13:00Z
november-2026,2,757646-november-2026-zone-2-timetable.txt,AL,9706,31,3,1,Accounting,2026-10-21,AM,1h 30m,2026-10-21T13:00Z
november-2026,2,757646-november-2026-zone-2-timetable.txt,AL,9990,31,3,1,Psychology,2026-10-21,AM,1h 30m,2026-10-21T13:00Z
november-2026,2,757646-november-2026-zone-2-timetable.txt,AL,9489,31,3,1,History,2026-10-22,AM,1h 15m,2026-10-22T13:00Z
november-2026,2,757646-november-2026-zone-2-timetable.txt,IG,0475,11,1,1,Literature in English,2026-10-22,PM,1h 30m,2026-10-22T17:00Z
november-2026,2,757646-november-2026-zone-2-timetable.txt,AS,9274,21,2,1,Classical Studies,2026-10-22,PM,1h 30m,2026-10-22T17:00Z
november-2026,2,757646-november-2026-zone-2-timetable.txt,AS,9696,21,2,1,Geography (Core),2026-10-22,PM,1h 30m,2026-10-22T17:00Z
november-2026,2,757646-november-2026-zone-2-timetable.txt,IG,0470,21,2,1,History,2026-10-23,AM,1h 45m,2026-10-23T13:00Z
november-2026,2,757646-november-2026-zone-2-timetable.txt,IG,0445,11,1,1,Design & Technology,2026-10-23,PM,1h 15m,2026-10-23T17:00Z
november-2026,2,757646-november-2026-zone-2-timetable.txt,AL,9231,21,2,1,Further Mathematics,2026-10-23,AM,2h,2026-10-23T13:00Z
november-2026,2,757646-november-2026-zone-2-timetable.txt,IG,0520,21,2,1,French,2026-10-23,PM,1h,2026-10-23T17:00Z
november-2026,2,757646-november-2026-zone-2-timetable.txt,AS,9484,11,1,1,Biblical Studies,2026-10-23,PM,1h 30m,2026-10-23T17:00Z
november-2026,2,757646-november-2026-zone-2-timetable.txt,AS,9695,21,2,1,Literature in English,2026-10-23,PM,2h,2026-10-23T17:00Z
november-2026,2,757646-november-2026-zone-2-timetable.txt,AL,9700,41,4,1,Biology,2026-10-23,PM,2h,2026-10-23T17:00Z
november-2026,2,757646-november-2026-zone-2-timetable.txt,IG,0648,11,1,1,Food & Nutrition,2026-10-26,AM,2h,2026-10-26T13:00Z
november-2026,2,757646-november-2026-zone-2-timetable.txt,IG,0411,11,1,1,Drama,2026-10-26,PM,2h 30m,2026-10-26T17:00Z
november-2026,2,757646-november-2026-zone-2-timetable.txt,AL,9699,31,3,1,Sociology,2026-10-26,AM,1h 15m,2026-10-26T13:00Z
november-2026,2,757646-november-2026-zone-2-timetable.txt,IG,0520,41,4,1,French,2026-10-26,PM,1h,2026-10-26T17:00Z
november-2026,2,757646-november-2026-zone-2-timetable.txt,IG,0697,11,1,1,Marine Science,2026-10-26,PM,1h 45m,2026-10-26T17:00Z
november-2026,2,757646-november-2026-zone-2-timetable.txt,AS,9484,21,2,1,Biblical Studies,2026-10-26,PM,1h 30m,2026-10-26T17:00Z
november-2026,2,757646-november-2026-zone-2-timetable.txt,AL,9626,31,3,1,Information Technology (Advanced),2026-10-26,PM,1h 45m,2026-10-26T17:00Z
november-2026,2,757646-november-2026-zone-2-timetable.txt,IG,0457,11,1,1,Global Perspectives,2026-10-27,AM,1h 25m,2026-10-27T13:00Z
november-2026,2,757646-november-2026-zone-2-timetable.txt,IG,0460,41,4,1,Geography,2026-10-27,PM,1h 30m,2026-10-27T17:00Z
november-2026,2,757646-november-2026-zone-2-timetable.txt,IG,0531,01,0,1,IsiZulu as a Second Language,2026-10-27,AM,2h,2026-10-27T13:00Z
november-2026,2,757646-november-2026-zone-2-timetable.txt,AL,9693,31,3,1,Marine Science,2026-10-27,PM,1h 45m,2026-10-27T17:00Z
november-2026,2,757646-november-2026-zone-2-timetable.txt,IG,0549,01,0,1,Hindi as a Second Language,2026-10-27,AM,2h,2026-10-27T13:00Z
november-2026,2,757646-november-2026-zone-2-timetable.txt,IG,0530,21,2,1,Spanish,2026-10-28,AM,1h,2026-10-28T13:00Z
november-2026,2,757646-november-2026-zone-2-timetable.txt,IG,0408,21,2,1,World Literature,2026-10-28,PM,1h 15m,2026-10-28T17:00Z
november-2026,2,757646-november-2026-zone-2-timetable.txt,AL,9706,41,4,1,Accounting,2026-10-28,AM,1h,2026-10-28T13:00Z
november-2026,2,757646-november-2026-zone-2-timetable.txt,IG,0475,21,2,1,Literature in English,2026-10-28,PM,1h 30m,2026-10-28T17:00Z
november-2026,2,757646-november-2026-zone-2-timetable.txt,IG,0475,31,3,1,Literature in English,2026-10-28,PM,45m,2026-10-28T17:00Z
november-2026,2,757646-november-2026-zone-2-timetable.txt,IG,0475,41,4,1,Literature in English,2026-10-28,PM,1h 15m,2026-10-28T17:00Z
november-2026,2,757646-november-2026-zone-2-timetable.txt,IG,0697,21,2,1,Marine Science,2026-10-28,PM,1h 45m,2026-10-28T17:00Z
november-2026,2,757646-november-2026-zone-2-timetable.txt,AL,9274,31,3,1,Classical Studies,2026-10-28,PM,1h 30m,2026-10-28T17:00Z
november-2026,2,757646-november-2026-zone-2-timetable.txt,AL,9694,41,4,1,Thinking Skills,2026-10-28,PM,1h 45m,2026-10-28T17:00Z
november-2026,2,757646-november-2026-zone-2-timetable.txt,AL,9695,31,3,1,Literature in English,2026-10-28,PM,2h,2026-10-28T17:00Z
november-2026,2,757646-november-2026-zone-2-timetable.txt,AL,9489,41,4,1,History,2026-10-29,AM,1h 45m,2026-10-29T13:00Z
november-2026,2,757646-november-2026-zone-2-timetable.txt,IG,0410,11,1,1,Music (Listening),2026-10-29,PM,1h 15m,2026-10-29T17:00Z
november-2026,2,757646-november-2026-zone-2-timetable.txt,AL,9693,41,4,1,Marine Science,2026-10-29,PM,1h 45m,2026-10-29T17:00Z
november-2026,2,757646-november-2026-zone-2-timetable.txt,IG,0530,41,4,1,Spanish,2026-10-30,AM,1h,2026-10-30T13:00Z
november-2026,2,757646-november-2026-zone-2-timetable.txt,IG,0445,31,3,1,Design & Technology,2026-10-30,PM,1h,2026-10-30T17:00Z
november-2026,2,757646-november-2026-zone-2-timetable.txt,AS,9231,41,4,1,Further Mathematics,2026-10-30,AM,1h 30m,2026-10-30T13:00Z
november-2026,2,757646-november-2026-zone-2-timetable.txt,IG,0445,41,4,1,Design & Technology,2026-10-30,PM,1h,2026-10-30T17:00Z
november-2026,2,757646-november-2026-zone-2-timetable.txt,IG,0445,51,5,1,Design & Technology,2026-10-30,PM,1h,2026-10-30T17:00Z
november-2026,2,757646-november-2026-zone-2-timetable.txt,AL,9093,31,3,1,English Language,2026-10-30,PM,2h 15m,2026-10-30T17:00Z
november-2026,2,757646-november-2026-zone-2-timetable.txt,AL,9696,31,3,1,Geography (Advanced),2026-10-30,PM,1h 30m,2026-10-30T17:00Z
november-2026,2,757646-november-2026-zone-2-timetable.txt,AL,9844,21,2,1,Spanish Language & Literature,2026-10-30,PM,2h,2026-10-30T17:00Z
november-2026,2,757646-november-2026-zone-2-timetable.txt,AS,9607,02,0,2,Media Studies,2026-11-02,AM,2h,2026-11-02T13:00Z
november-2026,2,757646-november-2026-zone-2-timetable.txt,AS,8022,31,3,1,Spanish Language,2026-11-02,PM,1h 30m,2026-11-02T17:00Z
november-2026,2,757646-november-2026-zone-2-timetable.txt,AL,9990,41,4,1,Psychology,2026-11-02,AM,1h 30m,2026-11-02T13:00Z
november-2026,2,757646-november-2026-zone-2-timetable.txt,AS,8027,11,1,1,German Language (Listening - Multiple Choice),2026-11-02,PM,1h,2026-11-02T17:00Z
november-2026,2,757646-november-2026-zone-2-timetable.txt,AS,9483,11,1,1,Music (Listening),2026-11-02,PM,2h,2026-11-02T17:00Z
november-2026,2,757646-november-2026-zone-2-timetable.txt,AL,9844,31,3,1,Spanish Language & Literature,2026-11-02,PM,2h,2026-11-02T17:00Z
november-2026,2,757646-november-2026-zone-2-timetable.txt,AS,9706,11,1,1,Accounting (Multiple Choice),2026-11-03,AM,1h,2026-11-03T13:00Z
november-2026,2,757646-november-2026-zone-2-timetable.txt,IG,0520,11,1,1,French (Listening - Multiple Choice),2026-11-03,PM,50m,2026-11-03T17:00Z
november-2026,2,757646-november-2026-zone-2-timetable.txt,AS,8386,11,1,1,Sport & Physical Education,2026-11-03,PM,1h 45m,2026-11-03T17:00Z
november-2026,2,757646-november-2026-zone-2-timetable.txt,AL,9695,41,4,1,Literature in English,2026-11-03,PM,2h,2026-11-03T17:00Z
november-2026,2,757646-november-2026-zone-2-timetable.txt,AL,9696,41,4,1,Geography (Advanced),2026-11-03,PM,1h 30m,2026-11-03T17:00Z
november-2026,2,757646-november-2026-zone-2-timetable.txt,AL,9701,41,4,1,Chemistry,2026-11-03,PM,2h,2026-11-03T17:00Z
november-2026,2,757646-november-2026-zone-2-timetable.txt,AS,8238,11,1,1,Chinese Language (Listening - Multiple Choice),2026-11-04,AM,1h,2026-11-04T13:00Z
november-2026,2,757646-november-2026-zone-2-timetable.txt,IG,0455,11,1,1,Economics (Multiple Choice),2026-11-04,PM,45m,2026-11-04T17:00Z
november-2026,2,757646-november-2026-zone-2-timetable.txt,AL,9699,41,4,1,Sociology,2026-11-04,AM,1h 45m,2026-11-04T13:00Z
november-2026,2,757646-november-2026-zone-2-timetable.txt,AS,8028,11,1,1,French Language (Listening - Multiple Choice),2026-11-04,PM,1h,2026-11-04T17:00Z
november-2026,2,757646-november-2026-zone-2-timetable.txt,AS,9705,11,1,1,Design & Technology,2026-11-04,PM,2h 15m,2026-11-04T17:00Z
november-2026,2,757646-november-2026-zone-2-timetable.txt,AL,9093,41,4,1,English Language,2026-11-04,PM,2h 15m,2026-11-04T17:00Z
november-2026,2,757646-november-2026-zone-2-timetable.txt,IG,0625,11,1,1,Physics (Multiple Choice - Core),2026-11-05,AM,45m,2026-11-05T13:00Z
november-2026,2,757646-november-2026-zone-2-timetable.txt,IG,0408,31,3,1,World Literature,2026-11-05,PM,1h 30m,2026-11-05T17:00Z
november-2026,2,757646-november-2026-zone-2-timetable.txt,IG,0625,21,2,1,Physics (Multiple Choice - Extended),2026-11-05,AM,45m,2026-11-05T13:00Z
november-2026,2,757646-november-2026-zone-2-timetable.txt,AS,8022,11,1,1,Spanish Language (Listening - Multiple Choice),2026-11-05,PM,1h,2026-11-05T17:00Z
november-2026,2,757646-november-2026-zone-2-timetable.txt,IG,0653,11,1,1,Combined Science (Multiple Choice - Core),2026-11-05,AM,45m,2026-11-05T13:00Z
november-2026,2,757646-november-2026-zone-2-timetable.txt,AL,9274,41,4,1,Classical Studies,2026-11-05,PM,1h 30m,2026-11-05T17:00Z
november-2026,2,757646-november-2026-zone-2-timetable.txt,IG,0653,21,2,1,Combined Science (Multiple Choice - Extended),2026-11-05,AM,45m,2026-11-05T13:00Z
november-2026,2,757646-november-2026-zone-2-timetable.txt,AL,9484,31,3,1,Biblical Studies,2026-11-05,PM,1h 30m,2026-11-05T17:00Z
november-2026,2,757646-november-2026-zone-2-timetable.txt,IG,0654,11,1,1,Co-ordinated Sciences (Double Award) (Multiple Choice - Core),2026-11-05,AM,45m,2026-11-05T13:00Z
november-2026,2,757646-november-2026-zone-2-timetable.txt,AL,9844,11,1,1,Spanish Language & Literature (Multiple Choice),2026-11-05,PM,1h 30m,2026-11-05T17:00Z
november-2026,2,757646-november-2026-zone-2-timetable.txt,,9868,11,1,1,Co-ordinated Sciences (Double Award) (Multiple Choice -                                                 AL    Chinese Language & Literature (Multiple Choice),2026-11-05,PM,1h 30m,2026-11-05T17:00Z
november-2026,2,757646-november-2026-zone-2-timetable.txt,IG,0654,21,2,1,,2026-11-05,AM,45m,2026-11-05T13:00Z
november-2026,2,757646-november-2026-zone-2-timetable.txt,AS,9708,11,1,1,Economics (Multiple Choice),2026-11-05,AM,1h,2026-11-05T13:00Z
november-2026,2,757646-november-2026-zone-2-timetable.txt,AL,9607,04,0,4,Media Studies,2026-11-05,AM,2h,2026-11-05T13:00Z
november-2026,2,757646-november-2026-zone-2-timetable.txt,IG,0530,11,1,1,Spanish (Listening - Multiple Choice),2026-11-06,AM,50m,2026-11-06T13:00Z
november-2026,2,757646-november-2026-zone-2-timetable.txt,IG,0452,11,1,1,Accounting (Multiple Choice),2026-11-06,PM,1h 15m,2026-11-06T17:00Z
november-2026,2,757646-november-2026-zone-2-timetable.txt,AS,8238,21,2,1,Chinese Language (Multiple Choice),2026-11-06,AM,1h 30m,2026-11-06T13:00Z
november-2026,2,757646-november-2026-zone-2-timetable.txt,AS,9482,11,1,1,Drama,2026-11-06,PM,2h,2026-11-06T17:00Z
november-2026,2,757646-november-2026-zone-2-timetable.txt,AL,9705,31,3,1,Design & Technology,2026-11-06,PM,2h 30m,2026-11-06T17:00Z
november-2026,2,757646-november-2026-zone-2-timetable.txt,AS,8022,21,2,1,Spanish Language (Multiple Choice),2026-11-09,PM,1h 30m,2026-11-09T17:00Z
november-2026,2,757646-november-2026-zone-2-timetable.txt,AL,9484,41,4,1,Biblical Studies,2026-11-09,PM,1h 30m,2026-11-09T17:00Z
november-2026,2,757646-november-2026-zone-2-timetable.txt,IG,0610,11,1,1,Biology (Multiple Choice - Core),2026-11-10,PM,45m,2026-11-10T17:00Z
november-2026,2,757646-november-2026-zone-2-timetable.txt,IG,0610,21,2,1,Biology (Multiple Choice - Extended),2026-11-10,PM,45m,2026-11-10T17:00Z
november-2026,2,757646-november-2026-zone-2-timetable.txt,AS,8027,21,2,1,German Language (Multiple Choice),2026-11-10,PM,1h 30m,2026-11-10T17:00Z
november-2026,2,757646-november-2026-zone-2-timetable.txt,AS,9702,11,1,1,Physics (Multiple Choice),2026-11-10,PM,1h 15m,2026-11-10T17:00Z
november-2026,2,757646-november-2026-zone-2-timetable.txt,AL,9897,11,1,1,German Language & Literature (Multiple Choice),2026-11-10,PM,1h 30m,2026-11-10T17:00Z
november-2026,2,757646-november-2026-zone-2-timetable.txt,AL,9708,31,3,1,Economics (Multiple Choice),2026-11-11,AM,1h 15m,2026-11-11T13:00Z
november-2026,2,757646-november-2026-zone-2-timetable.txt,AS,8028,21,2,1,French Language (Multiple Choice),2026-11-11,PM,1h 30m,2026-11-11T17:00Z
november-2026,2,757646-november-2026-zone-2-timetable.txt,AS,9701,11,1,1,Chemistry (Multiple Choice),2026-11-11,PM,1h 15m,2026-11-11T17:00Z
november-2026,2,757646-november-2026-zone-2-timetable.txt,IG,0620,11,1,1,Chemistry (Multiple Choice - Core),2026-11-12,PM,45m,2026-11-12T17:00Z
november-2026,2,757646-november-2026-zone-2-timetable.txt,IG,0620,21,2,1,Chemistry (Multiple Choice - Extended),2026-11-12,PM,45m,2026-11-12T17:00Z
november-2026,2,757646-november-2026-zone-2-timetable.txt,AS,9700,11,1,1,Biology (Multiple Choice),2026-11-12,PM,1h 15m,2026-11-12T17:00Z
november-2026,3,757648-november-2026-zone-3-timetable.txt,IG,0502,12,1,2,First Language Spanish,2026-09-28,AM,2h,2026-09-28T09:00Z
november-2026,3,757648-november-2026-zone-3-timetable.txt,IG,0493,11,1,1,Islamiyat,2026-09-28,PM,1h 30m,2026-09-28T13:00Z
november-2026,3,757648-november-2026-zone-3-timetable.txt,OL,2035,12,1,2,Biblical Studies,2026-09-28,AM,1h 30m,2026-09-28T09:00Z
november-2026,3,757648-november-2026-zone-3-timetable.txt,IG,0680,11,1,1,Environmental Management,2026-09-28,PM,1h 45m,2026-09-28T13:00Z
november-2026,3,757648-november-2026-zone-3-timetable.txt,OL,3248,01,0,1,Second Language Urdu,2026-09-28,AM,1h 45m,2026-09-28T09:00Z
november-2026,3,757648-november-2026-zone-3-timetable.txt,IG,0698,01,0,1,First Language Setswana,2026-09-28,PM,2h,2026-09-28T13:00Z
november-2026,3,757648-november-2026-zone-3-timetable.txt,AS,9694,12,1,2,Thinking Skills,2026-09-28,AM,1h 30m,2026-09-28T09:00Z
november-2026,3,757648-november-2026-zone-3-timetable.txt,OL,2058,11,1,1,Islamiyat,2026-09-28,PM,1h 30m,2026-09-28T13:00Z
november-2026,3,757648-november-2026-zone-3-timetable.txt,AL,9868,32,3,2,Chinese Language & Literature,2026-09-28,AM,2h,2026-09-28T09:00Z
november-2026,3,757648-november-2026-zone-3-timetable.txt,OL,5070,21,2,1,Chemistry,2026-09-28,PM,1h 45m,2026-09-28T13:00Z
november-2026,3,757648-november-2026-zone-3-timetable.txt,AS,8021,11,1,1,English General Paper,2026-09-28,PM,1h 15m,2026-09-28T13:00Z
november-2026,3,757648-november-2026-zone-3-timetable.txt,AS,8679,03,0,3,Afrikaans Language,2026-09-28,PM,1h 30m,2026-09-28T13:00Z
november-2026,3,757648-november-2026-zone-3-timetable.txt,AS,9084,11,1,1,Law,2026-09-28,PM,1h 30m,2026-09-28T13:00Z
november-2026,3,757648-november-2026-zone-3-timetable.txt,AS,9239,11,1,1,Global Perspectives & Research,2026-09-28,PM,1h 30m,2026-09-28T13:00Z
november-2026,3,757648-november-2026-zone-3-timetable.txt,,7180,01,0,1,9-1   Arabic,2026-09-29,AM,1h 30m,2026-09-29T09:00Z
november-2026,3,757648-november-2026-zone-3-timetable.txt,IG,0548,02,0,2,Afrikaans as a Second Language (Listening),2026-09-29,PM,50m,2026-09-29T13:00Z
november-2026,3,757648-november-2026-zone-3-timetable.txt,OL,2059,01,0,1,Pakistan Studies,2026-09-29,AM,1h 30m,2026-09-29T09:00Z
november-2026,3,757648-november-2026-zone-3-timetable.txt,IG,0607,11,1,1,Cambridge International Mathematics (Core),2026-09-29,PM,1h 15m,2026-09-29T13:00Z
november-2026,3,757648-november-2026-zone-3-timetable.txt,OL,3180,01,0,1,Arabic,2026-09-29,AM,1h 30m,2026-09-29T09:00Z
november-2026,3,757648-november-2026-zone-3-timetable.txt,IG,0607,21,2,1,Cambridge International Mathematics (Extended),2026-09-29,PM,1h 30m,2026-09-29T13:00Z
november-2026,3,757648-november-2026-zone-3-timetable.txt,AS,9395,12,1,2,Travel & Tourism,2026-09-29,AM,2h,2026-09-29T09:00Z
november-2026,3,757648-november-2026-zone-3-timetable.txt,OL,1123,11,1,1,English Language,2026-09-29,PM,2h,2026-09-29T13:00Z
november-2026,3,757648-november-2026-zone-3-timetable.txt,AS,9701,33,3,3,Chemistry (Practical - Advanced),2026-09-29,AM,2h,2026-09-29T09:00Z
november-2026,3,757648-november-2026-zone-3-timetable.txt,IG,0471,12,1,2,Travel & Tourism,2026-09-30,AM,1h 30m,2026-09-30T09:00Z
november-2026,3,757648-november-2026-zone-3-timetable.txt,IG,0493,21,2,1,Islamiyat,2026-09-30,PM,1h 30m,2026-09-30T13:00Z
november-2026,3,757648-november-2026-zone-3-timetable.txt,IG,0474,01,0,1,Literature in Spanish,2026-09-30,AM,1h 30m,2026-09-30T09:00Z
november-2026,3,757648-november-2026-zone-3-timetable.txt,IG,0680,21,2,1,Environmental Management,2026-09-30,PM,1h 45m,2026-09-30T13:00Z
november-2026,3,757648-november-2026-zone-3-timetable.txt,IG,0508,01,0,1,First Language Arabic,2026-09-30,AM,2h,2026-09-30T09:00Z
november-2026,3,757648-november-2026-zone-3-timetable.txt,OL,2058,21,2,1,Islamiyat,2026-09-30,PM,1h 30m,2026-09-30T13:00Z
november-2026,3,757648-november-2026-zone-3-timetable.txt,IG,0606,12,1,2,Additional Mathematics,2026-09-30,AM,2h,2026-09-30T09:00Z
november-2026,3,757648-november-2026-zone-3-timetable.txt,AS,8021,21,2,1,English General Paper,2026-09-30,PM,1h 45m,2026-09-30T13:00Z
november-2026,3,757648-november-2026-zone-3-timetable.txt,,7184,01,0,1,9-1   First Language Arabic,2026-09-30,AM,2h,2026-09-30T09:00Z
november-2026,3,757648-november-2026-zone-3-timetable.txt,OL,3248,02,0,2,Second Language Urdu,2026-09-30,AM,1h 30m,2026-09-30T09:00Z
november-2026,3,757648-november-2026-zone-3-timetable.txt,OL,4037,12,1,2,Additional Mathematics,2026-09-30,AM,2h,2026-09-30T09:00Z
november-2026,3,757648-november-2026-zone-3-timetable.txt,AS,8027,32,3,2,German Language,2026-09-30,AM,1h 30m,2026-09-30T09:00Z
november-2026,3,757648-november-2026-zone-3-timetable.txt,AS,8028,32,3,2,French Language,2026-09-30,AM,1h 30m,2026-09-30T09:00Z
november-2026,3,757648-november-2026-zone-3-timetable.txt,AS,8291,12,1,2,Environmental Management,2026-09-30,AM,1h 45m,2026-09-30T09:00Z
november-2026,3,757648-november-2026-zone-3-timetable.txt,AS,9694,22,2,2,Thinking Skills,2026-09-30,AM,1h 45m,2026-09-30T09:00Z
november-2026,3,757648-november-2026-zone-3-timetable.txt,AS,9709,12,1,2,Mathematics (Pure Mathematics 1),2026-09-30,AM,1h 50m,2026-09-30T09:00Z
november-2026,3,757648-november-2026-zone-3-timetable.txt,AL,9897,22,2,2,German Language & Literature,2026-09-30,AM,2h,2026-09-30T09:00Z
november-2026,3,757648-november-2026-zone-3-timetable.txt,OL,2035,22,2,2,Biblical Studies,2026-10-01,AM,1h 30m,2026-10-01T09:00Z
november-2026,3,757648-november-2026-zone-3-timetable.txt,OL,5090,21,2,1,Biology,2026-10-01,PM,1h 45m,2026-10-01T13:00Z
november-2026,3,757648-november-2026-zone-3-timetable.txt,OL,2059,02,0,2,Pakistan Studies,2026-10-01,AM,1h 30m,2026-10-01T09:00Z
november-2026,3,757648-november-2026-zone-3-timetable.txt,OL,6130,01,0,1,Fashion & Textiles,2026-10-02,AM,2h,2026-10-02T09:00Z
november-2026,3,757648-november-2026-zone-3-timetable.txt,AS,8679,02,0,2,Afrikaans Language,2026-10-02,PM,1h 45m,2026-10-02T13:00Z
november-2026,3,757648-november-2026-zone-3-timetable.txt,AS,8291,22,2,2,Environmental Management,2026-10-02,AM,1h 45m,2026-10-02T09:00Z
november-2026,3,757648-november-2026-zone-3-timetable.txt,AS,9084,21,2,1,Law,2026-10-02,PM,1h 30m,2026-10-02T13:00Z
november-2026,3,757648-november-2026-zone-3-timetable.txt,AL,9897,32,3,2,German Language & Literature,2026-10-02,AM,2h,2026-10-02T09:00Z
november-2026,3,757648-november-2026-zone-3-timetable.txt,IG,0454,12,1,2,Enterprise,2026-10-05,AM,1h 30m,2026-10-05T09:00Z
november-2026,3,757648-november-2026-zone-3-timetable.txt,IG,0510,11,1,1,English as a Second Language (Speaking Endorsement),2026-10-05,PM,2h,2026-10-05T13:00Z
november-2026,3,757648-november-2026-zone-3-timetable.txt,IG,0500,12,1,2,First Language English (Oral Endorsement),2026-10-05,AM,2h,2026-10-05T09:00Z
november-2026,3,757648-november-2026-zone-3-timetable.txt,IG,0511,11,1,1,English as a Second Language (Count-in Speaking),2026-10-05,PM,2h,2026-10-05T13:00Z
november-2026,3,757648-november-2026-zone-3-timetable.txt,IG,0508,02,0,2,First Language Arabic,2026-10-05,AM,2h,2026-10-05T09:00Z
november-2026,3,757648-november-2026-zone-3-timetable.txt,,0991,11,1,1,9-1    English as a Second Language (Count-in Speaking),2026-10-05,PM,2h,2026-10-05T13:00Z
november-2026,3,757648-november-2026-zone-3-timetable.txt,,0990,12,1,2,9-1   First Language English,2026-10-05,AM,2h,2026-10-05T09:00Z
november-2026,3,757648-november-2026-zone-3-timetable.txt,,0993,11,1,1,9-1    English as a Second Language (Speaking Endorsement),2026-10-05,PM,2h,2026-10-05T13:00Z
november-2026,3,757648-november-2026-zone-3-timetable.txt,,7180,02,0,2,9-1   Arabic,2026-10-05,AM,1h 30m,2026-10-05T09:00Z
november-2026,3,757648-november-2026-zone-3-timetable.txt,OL,1123,21,2,1,English Language,2026-10-05,PM,2h,2026-10-05T13:00Z
november-2026,3,757648-november-2026-zone-3-timetable.txt,,7184,02,0,2,9-1   First Language Arabic,2026-10-05,AM,2h,2026-10-05T09:00Z
november-2026,3,757648-november-2026-zone-3-timetable.txt,AS,9609,11,1,1,Business,2026-10-05,PM,1h 15m,2026-10-05T13:00Z
november-2026,3,757648-november-2026-zone-3-timetable.txt,OL,3180,02,0,2,Arabic,2026-10-05,AM,1h 30m,2026-10-05T09:00Z
november-2026,3,757648-november-2026-zone-3-timetable.txt,AS,9487,01,0,1,Hinduism,2026-10-05,AM,1h 30m,2026-10-05T09:00Z
november-2026,3,757648-november-2026-zone-3-timetable.txt,AS,9626,12,1,2,Information Technology,2026-10-05,AM,1h 45m,2026-10-05T09:00Z
november-2026,3,757648-november-2026-zone-3-timetable.txt,AL,9395,32,3,2,Travel & Tourism,2026-10-05,AM,1h 30m,2026-10-05T09:00Z
november-2026,3,757648-november-2026-zone-3-timetable.txt,IG,0471,22,2,2,Travel & Tourism,2026-10-06,AM,2h,2026-10-06T09:00Z
november-2026,3,757648-november-2026-zone-3-timetable.txt,IG,0450,11,1,1,Business Studies,2026-10-06,PM,1h 30m,2026-10-06T13:00Z
november-2026,3,757648-november-2026-zone-3-timetable.txt,IG,0606,22,2,2,Additional Mathematics,2026-10-06,AM,2h,2026-10-06T09:00Z
november-2026,3,757648-november-2026-zone-3-timetable.txt,,0986,11,1,1,9-1    Business Studies,2026-10-06,PM,1h 30m,2026-10-06T13:00Z
november-2026,3,757648-november-2026-zone-3-timetable.txt,OL,4037,22,2,2,Additional Mathematics,2026-10-06,AM,2h,2026-10-06T09:00Z
november-2026,3,757648-november-2026-zone-3-timetable.txt,OL,7115,11,1,1,Business Studies,2026-10-06,PM,1h 30m,2026-10-06T13:00Z
november-2026,3,757648-november-2026-zone-3-timetable.txt,AS,9700,33,3,3,Biology (Practical - Advanced),2026-10-06,AM,2h,2026-10-06T09:00Z
november-2026,3,757648-november-2026-zone-3-timetable.txt,AS,9708,21,2,1,Economics,2026-10-06,PM,2h,2026-10-06T13:00Z
november-2026,3,757648-november-2026-zone-3-timetable.txt,AL,9084,31,3,1,Law,2026-10-06,PM,1h 30m,2026-10-06T13:00Z
november-2026,3,757648-november-2026-zone-3-timetable.txt,IG,0500,22,2,2,First Language English (Oral Endorsement),2026-10-07,AM,2h,2026-10-07T09:00Z
november-2026,3,757648-november-2026-zone-3-timetable.txt,IG,0625,31,3,1,Physics (Core),2026-10-07,PM,1h 15m,2026-10-07T13:00Z
november-2026,3,757648-november-2026-zone-3-timetable.txt,,0990,22,2,2,9-1   First Language English,2026-10-07,AM,2h,2026-10-07T09:00Z
november-2026,3,757648-november-2026-zone-3-timetable.txt,IG,0625,41,4,1,Physics (Extended),2026-10-07,PM,1h 15m,2026-10-07T13:00Z
november-2026,3,757648-november-2026-zone-3-timetable.txt,OL,4040,12,1,2,Statistics,2026-10-07,AM,2h 15m,2026-10-07T09:00Z
november-2026,3,757648-november-2026-zone-3-timetable.txt,IG,0652,31,3,1,Physical Science (Core),2026-10-07,PM,1h 15m,2026-10-07T13:00Z
november-2026,3,757648-november-2026-zone-3-timetable.txt,AS,9709,52,5,2,Mathematics (Probability & Statistics 1),2026-10-07,AM,1h 15m,2026-10-07T09:00Z
november-2026,3,757648-november-2026-zone-3-timetable.txt,IG,0652,41,4,1,Physical Science (Extended),2026-10-07,PM,1h 15m,2026-10-07T13:00Z
november-2026,3,757648-november-2026-zone-3-timetable.txt,AL,9395,42,4,2,Travel & Tourism,2026-10-07,AM,1h 30m,2026-10-07T09:00Z
november-2026,3,757648-november-2026-zone-3-timetable.txt,,0972,31,3,1,9-1    Physics (Core),2026-10-07,PM,1h 15m,2026-10-07T13:00Z
november-2026,3,757648-november-2026-zone-3-timetable.txt,,0972,41,4,1,9-1    Physics (Extended),2026-10-07,PM,1h 15m,2026-10-07T13:00Z
november-2026,3,757648-november-2026-zone-3-timetable.txt,OL,5054,21,2,1,Physics,2026-10-07,PM,1h 45m,2026-10-07T13:00Z
november-2026,3,757648-november-2026-zone-3-timetable.txt,OL,5129,21,2,1,Combined Science,2026-10-07,PM,1h 45m,2026-10-07T13:00Z
november-2026,3,757648-november-2026-zone-3-timetable.txt,AS,9231,11,1,1,Further Mathematics,2026-10-07,PM,2h,2026-10-07T13:00Z
november-2026,3,757648-november-2026-zone-3-timetable.txt,AS,9699,11,1,1,Sociology,2026-10-07,PM,1h 30m,2026-10-07T13:00Z
november-2026,3,757648-november-2026-zone-3-timetable.txt,IG,0452,22,2,2,Accounting,2026-10-08,AM,1h 45m,2026-10-08T09:00Z
november-2026,3,757648-november-2026-zone-3-timetable.txt,IG,0580,11,1,1,Mathematics (Without Coursework) (Core),2026-10-08,PM,1h 30m,2026-10-08T13:00Z
november-2026,3,757648-november-2026-zone-3-timetable.txt,IG,0502,22,2,2,First Language Spanish,2026-10-08,AM,2h,2026-10-08T09:00Z
november-2026,3,757648-november-2026-zone-3-timetable.txt,IG,0580,21,2,1,Mathematics (Without Coursework) (Extended),2026-10-08,PM,2h,2026-10-08T13:00Z
november-2026,3,757648-november-2026-zone-3-timetable.txt,,0985,22,2,2,9-1   Accounting,2026-10-08,AM,1h 45m,2026-10-08T09:00Z
november-2026,3,757648-november-2026-zone-3-timetable.txt,IG,0607,31,3,1,Cambridge International Mathematics (Core),2026-10-08,PM,1h 15m,2026-10-08T13:00Z
november-2026,3,757648-november-2026-zone-3-timetable.txt,OL,7707,22,2,2,Accounting,2026-10-08,AM,1h 45m,2026-10-08T09:00Z
november-2026,3,757648-november-2026-zone-3-timetable.txt,IG,0607,41,4,1,Cambridge International Mathematics (Extended),2026-10-08,PM,1h 30m,2026-10-08T13:00Z
november-2026,3,757648-november-2026-zone-3-timetable.txt,AS,9696,12,1,2,Geography (Core),2026-10-08,AM,1h 30m,2026-10-08T09:00Z
november-2026,3,757648-november-2026-zone-3-timetable.txt,,0980,11,1,1,9-1    Mathematics (Core),2026-10-08,PM,1h 30m,2026-10-08T13:00Z
november-2026,3,757648-november-2026-zone-3-timetable.txt,AS,9702,33,3,3,Physics (Practical - Advanced),2026-10-08,AM,2h,2026-10-08T09:00Z
november-2026,3,757648-november-2026-zone-3-timetable.txt,,0980,21,2,1,9-1    Mathematics (Extended),2026-10-08,PM,2h,2026-10-08T13:00Z
november-2026,3,757648-november-2026-zone-3-timetable.txt,OL,4024,11,1,1,Mathematics Syllabus D,2026-10-08,PM,2h,2026-10-08T13:00Z
november-2026,3,757648-november-2026-zone-3-timetable.txt,AS,9609,21,2,1,Business,2026-10-08,PM,1h 30m,2026-10-08T13:00Z
november-2026,3,757648-november-2026-zone-3-timetable.txt,AL,9084,41,4,1,Law,2026-10-08,PM,1h 30m,2026-10-08T13:00Z
november-2026,3,757648-november-2026-zone-3-timetable.txt,IG,0478,12,1,2,Computer Science,2026-10-09,AM,1h 45m,2026-10-09T09:00Z
november-2026,3,757648-november-2026-zone-3-timetable.txt,IG,0470,11,1,1,History,2026-10-09,PM,2h,2026-10-09T13:00Z
november-2026,3,757648-november-2026-zone-3-timetable.txt,,0984,12,1,2,9-1   Computer Science,2026-10-09,AM,1h 45m,2026-10-09T09:00Z
november-2026,3,757648-november-2026-zone-3-timetable.txt,,0977,11,1,1,9-1    History,2026-10-09,PM,2h,2026-10-09T13:00Z
november-2026,3,757648-november-2026-zone-3-timetable.txt,OL,2210,12,1,2,Computer Science,2026-10-09,AM,1h 45m,2026-10-09T09:00Z
november-2026,3,757648-november-2026-zone-3-timetable.txt,OL,2147,11,1,1,History,2026-10-09,PM,2h,2026-10-09T13:00Z
november-2026,3,757648-november-2026-zone-3-timetable.txt,AS,9701,22,2,2,Chemistry,2026-10-09,AM,1h 15m,2026-10-09T09:00Z
november-2026,3,757648-november-2026-zone-3-timetable.txt,AS,9231,31,3,1,Further Mathematics,2026-10-09,PM,1h 30m,2026-10-09T13:00Z
november-2026,3,757648-november-2026-zone-3-timetable.txt,AL,9701,52,5,2,Chemistry,2026-10-09,AM,1h 15m,2026-10-09T09:00Z
november-2026,3,757648-november-2026-zone-3-timetable.txt,AS,9618,11,1,1,Computer Science,2026-10-09,PM,1h 30m,2026-10-09T13:00Z
november-2026,3,757648-november-2026-zone-3-timetable.txt,IG,0620,32,3,2,Chemistry (Core),2026-10-12,AM,1h 15m,2026-10-12T09:00Z
november-2026,3,757648-november-2026-zone-3-timetable.txt,IG,0600,11,1,1,Agriculture,2026-10-12,PM,1h 45m,2026-10-12T13:00Z
november-2026,3,757648-november-2026-zone-3-timetable.txt,IG,0620,42,4,2,Chemistry (Extended),2026-10-12,AM,1h 15m,2026-10-12T09:00Z
november-2026,3,757648-november-2026-zone-3-timetable.txt,AS,9990,11,1,1,Psychology,2026-10-12,PM,1h 30m,2026-10-12T13:00Z
november-2026,3,757648-november-2026-zone-3-timetable.txt,,0971,32,3,2,9-1   Chemistry (Core),2026-10-12,AM,1h 15m,2026-10-12T09:00Z
november-2026,3,757648-november-2026-zone-3-timetable.txt,AL,9609,31,3,1,Business,2026-10-12,PM,1h 45m,2026-10-12T13:00Z
november-2026,3,757648-november-2026-zone-3-timetable.txt,,0971,42,4,2,9-1   Chemistry (Extended),2026-10-12,AM,1h 15m,2026-10-12T09:00Z
november-2026,3,757648-november-2026-zone-3-timetable.txt,OL,4040,22,2,2,Statistics,2026-10-12,AM,2h 15m,2026-10-12T09:00Z
november-2026,3,757648-november-2026-zone-3-timetable.txt,AS,8695,22,2,2,Language & Literature in English,2026-10-12,AM,2h,2026-10-12T09:00Z
november-2026,3,757648-november-2026-zone-3-timetable.txt,AS,9695,12,1,2,Literature in English,2026-10-12,AM,2h,2026-10-12T09:00Z
november-2026,3,757648-november-2026-zone-3-timetable.txt,AL,9702,42,4,2,Physics,2026-10-12,AM,2h,2026-10-12T09:00Z
november-2026,3,757648-november-2026-zone-3-timetable.txt,AL,9868,22,2,2,Chinese Language & Literature,2026-10-12,AM,2h,2026-10-12T09:00Z
november-2026,3,757648-november-2026-zone-3-timetable.txt,IG,0610,52,5,2,Biology (Practical),2026-10-13,AM,1h 15m,2026-10-13T09:00Z
november-2026,3,757648-november-2026-zone-3-timetable.txt,IG,0413,11,1,1,Physical Education,2026-10-13,PM,1h 45m,2026-10-13T13:00Z
november-2026,3,757648-november-2026-zone-3-timetable.txt,IG,0610,62,6,2,Biology (Alternative to Practical),2026-10-13,AM,1h,2026-10-13T09:00Z
november-2026,3,757648-november-2026-zone-3-timetable.txt,IG,0417,11,1,1,Information & Communication Technology,2026-10-13,PM,1h 30m,2026-10-13T13:00Z
november-2026,3,757648-november-2026-zone-3-timetable.txt,,0970,52,5,2,9-1   Biology (Practical),2026-10-13,AM,1h 15m,2026-10-13T09:00Z
november-2026,3,757648-november-2026-zone-3-timetable.txt,IG,0548,01,0,1,Afrikaans as a Second Language,2026-10-13,PM,2h,2026-10-13T13:00Z
november-2026,3,757648-november-2026-zone-3-timetable.txt,,0970,62,6,2,9-1   Biology (Alternative to Practical),2026-10-13,AM,1h,2026-10-13T09:00Z
november-2026,3,757648-november-2026-zone-3-timetable.txt,IG,0698,02,0,2,First Language Setswana,2026-10-13,PM,2h,2026-10-13T13:00Z
november-2026,3,757648-november-2026-zone-3-timetable.txt,AS,9709,22,2,2,Mathematics (Pure Mathematics 2),2026-10-13,AM,1h 15m,2026-10-13T09:00Z
november-2026,3,757648-november-2026-zone-3-timetable.txt,,0983,11,1,1,9-1    Information & Communication Technology,2026-10-13,PM,1h 30m,2026-10-13T13:00Z
november-2026,3,757648-november-2026-zone-3-timetable.txt,AS,9709,42,4,2,Mathematics (Mechanics),2026-10-13,AM,1h 15m,2026-10-13T09:00Z
november-2026,3,757648-november-2026-zone-3-timetable.txt,OL,5090,31,3,1,Biology (Practical),2026-10-13,PM,1h 30m,2026-10-13T13:00Z
november-2026,3,757648-november-2026-zone-3-timetable.txt,AL,9709,62,6,2,Mathematics (Probability & Statistics 2),2026-10-13,AM,1h 15m,2026-10-13T09:00Z
november-2026,3,757648-november-2026-zone-3-timetable.txt,OL,5090,41,4,1,Biology (Alternative to Practical),2026-10-13,PM,1h,2026-10-13T13:00Z
november-2026,3,757648-november-2026-zone-3-timetable.txt,AS,9489,11,1,1,History,2026-10-13,PM,1h 15m,2026-10-13T13:00Z
november-2026,3,757648-november-2026-zone-3-timetable.txt,AL,9708,41,4,1,Economics,2026-10-13,PM,2h,2026-10-13T13:00Z
november-2026,3,757648-november-2026-zone-3-timetable.txt,IG,0460,22,2,2,Geography,2026-10-14,AM,1h 30m,2026-10-14T09:00Z
november-2026,3,757648-november-2026-zone-3-timetable.txt,IG,0580,31,3,1,Mathematics (Without Coursework) (Core),2026-10-14,PM,1h 30m,2026-10-14T13:00Z
november-2026,3,757648-november-2026-zone-3-timetable.txt,,0976,22,2,2,9-1   Geography,2026-10-14,AM,1h 30m,2026-10-14T09:00Z
november-2026,3,757648-november-2026-zone-3-timetable.txt,IG,0580,41,4,1,Mathematics (Without Coursework) (Extended),2026-10-14,PM,2h,2026-10-14T13:00Z
november-2026,3,757648-november-2026-zone-3-timetable.txt,OL,2217,22,2,2,Geography,2026-10-14,AM,1h 30m,2026-10-14T09:00Z
november-2026,3,757648-november-2026-zone-3-timetable.txt,IG,0607,51,5,1,Cambridge International Mathematics (Core),2026-10-14,PM,1h 15m,2026-10-14T13:00Z
november-2026,3,757648-november-2026-zone-3-timetable.txt,AS,9693,12,1,2,Marine Science,2026-10-14,AM,1h 45m,2026-10-14T09:00Z
november-2026,3,757648-november-2026-zone-3-timetable.txt,IG,0607,61,6,1,Cambridge International Mathematics (Extended),2026-10-14,PM,1h 30m,2026-10-14T13:00Z
november-2026,3,757648-november-2026-zone-3-timetable.txt,AS,9702,22,2,2,Physics,2026-10-14,AM,1h 15m,2026-10-14T09:00Z
november-2026,3,757648-november-2026-zone-3-timetable.txt,,0980,31,3,1,9-1    Mathematics (Core),2026-10-14,PM,1h 30m,2026-10-14T13:00Z
november-2026,3,757648-november-2026-zone-3-timetable.txt,AL,9702,52,5,2,Physics,2026-10-14,AM,1h 15m,2026-10-14T09:00Z
november-2026,3,757648-november-2026-zone-3-timetable.txt,,0980,41,4,1,9-1    Mathematics (Extended),2026-10-14,PM,2h,2026-10-14T13:00Z
november-2026,3,757648-november-2026-zone-3-timetable.txt,OL,4024,21,2,1,Mathematics Syllabus D,2026-10-14,PM,2h,2026-10-14T13:00Z
november-2026,3,757648-november-2026-zone-3-timetable.txt,AS,9618,21,2,1,Computer Science,2026-10-14,PM,2h,2026-10-14T13:00Z
november-2026,3,757648-november-2026-zone-3-timetable.txt,IG,0620,52,5,2,Chemistry (Practical),2026-10-15,AM,1h 15m,2026-10-15T09:00Z
november-2026,3,757648-november-2026-zone-3-timetable.txt,IG,0653,31,3,1,Combined Science (Core),2026-10-15,PM,1h 15m,2026-10-15T13:00Z
november-2026,3,757648-november-2026-zone-3-timetable.txt,IG,0620,62,6,2,Chemistry (Alternative to Practical),2026-10-15,AM,1h,2026-10-15T09:00Z
november-2026,3,757648-november-2026-zone-3-timetable.txt,IG,0653,41,4,1,Combined Science (Extended),2026-10-15,PM,1h 15m,2026-10-15T13:00Z
november-2026,3,757648-november-2026-zone-3-timetable.txt,,0971,52,5,2,9-1   Chemistry (Practical),2026-10-15,AM,1h 15m,2026-10-15T09:00Z
november-2026,3,757648-november-2026-zone-3-timetable.txt,IG,0654,31,3,1,Co-ordinated Sciences (Double Award) (Core),2026-10-15,PM,2h,2026-10-15T13:00Z
november-2026,3,757648-november-2026-zone-3-timetable.txt,,0971,62,6,2,9-1   Chemistry (Alternative to Practical),2026-10-15,AM,1h,2026-10-15T09:00Z
november-2026,3,757648-november-2026-zone-3-timetable.txt,IG,0654,41,4,1,Co-ordinated Sciences (Double Award) (Extended),2026-10-15,PM,2h,2026-10-15T13:00Z
november-2026,3,757648-november-2026-zone-3-timetable.txt,AL,9709,32,3,2,Mathematics (Pure Mathematics 3),2026-10-15,AM,1h 50m,2026-10-15T09:00Z
november-2026,3,757648-november-2026-zone-3-timetable.txt,,0973,31,3,1,9-1    Co-ordinated Sciences (Double Award) (Core),2026-10-15,PM,2h,2026-10-15T13:00Z
november-2026,3,757648-november-2026-zone-3-timetable.txt,,0973,41,4,1,9-1    Co-ordinated Sciences (Double Award) (Extended),2026-10-15,PM,2h,2026-10-15T13:00Z
november-2026,3,757648-november-2026-zone-3-timetable.txt,OL,5070,31,3,1,Chemistry (Practical),2026-10-15,PM,1h 30m,2026-10-15T13:00Z
november-2026,3,757648-november-2026-zone-3-timetable.txt,OL,5070,41,4,1,Chemistry (Alternative to Practical),2026-10-15,PM,1h,2026-10-15T13:00Z
november-2026,3,757648-november-2026-zone-3-timetable.txt,AS,9706,21,2,1,Accounting,2026-10-15,PM,1h 45m,2026-10-15T13:00Z
november-2026,3,757648-november-2026-zone-3-timetable.txt,AS,9990,21,2,1,Psychology,2026-10-15,PM,1h 30m,2026-10-15T13:00Z
november-2026,3,757648-november-2026-zone-3-timetable.txt,IG,0474,02,0,2,Literature in Spanish,2026-10-16,AM,2h,2026-10-16T09:00Z
november-2026,3,757648-november-2026-zone-3-timetable.txt,IG,0450,21,2,1,Business Studies,2026-10-16,PM,1h 30m,2026-10-16T13:00Z
november-2026,3,757648-november-2026-zone-3-timetable.txt,IG,0495,12,1,2,Sociology,2026-10-16,AM,2h,2026-10-16T09:00Z
november-2026,3,757648-november-2026-zone-3-timetable.txt,,0986,21,2,1,9-1    Business Studies,2026-10-16,PM,1h 30m,2026-10-16T13:00Z
november-2026,3,757648-november-2026-zone-3-timetable.txt,IG,0610,32,3,2,Biology (Core),2026-10-16,AM,1h 15m,2026-10-16T09:00Z
november-2026,3,757648-november-2026-zone-3-timetable.txt,OL,7115,21,2,1,Business Studies,2026-10-16,PM,1h 30m,2026-10-16T13:00Z
november-2026,3,757648-november-2026-zone-3-timetable.txt,IG,0610,42,4,2,Biology (Extended),2026-10-16,AM,1h 15m,2026-10-16T09:00Z
november-2026,3,757648-november-2026-zone-3-timetable.txt,,0970,32,3,2,9-1   Biology (Core),2026-10-16,AM,1h 15m,2026-10-16T09:00Z
november-2026,3,757648-november-2026-zone-3-timetable.txt,,0970,42,4,2,9-1   Biology (Extended),2026-10-16,AM,1h 15m,2026-10-16T09:00Z
november-2026,3,757648-november-2026-zone-3-timetable.txt,OL,2251,12,1,2,Sociology,2026-10-16,AM,2h,2026-10-16T09:00Z
november-2026,3,757648-november-2026-zone-3-timetable.txt,AS,8238,31,3,1,Chinese Language,2026-10-16,AM,1h 30m,2026-10-16T09:00Z
november-2026,3,757648-november-2026-zone-3-timetable.txt,AS,9093,12,1,2,English Language,2026-10-16,AM,2h 15m,2026-10-16T09:00Z
november-2026,3,757648-november-2026-zone-3-timetable.txt,AL,9701,42,4,2,Chemistry,2026-10-16,AM,2h,2026-10-16T09:00Z
november-2026,3,757648-november-2026-zone-3-timetable.txt,IG,0478,22,2,2,Computer Science,2026-10-19,AM,1h 45m,2026-10-19T09:00Z
november-2026,3,757648-november-2026-zone-3-timetable.txt,IG,0470,41,4,1,History,2026-10-19,PM,1h,2026-10-19T13:00Z
november-2026,3,757648-november-2026-zone-3-timetable.txt,IG,0525,42,4,2,German,2026-10-19,AM,1h,2026-10-19T09:00Z
november-2026,3,757648-november-2026-zone-3-timetable.txt,,0977,41,4,1,9-1    History,2026-10-19,PM,1h,2026-10-19T13:00Z
november-2026,3,757648-november-2026-zone-3-timetable.txt,,0984,22,2,2,9-1   Computer Science,2026-10-19,AM,1h 45m,2026-10-19T09:00Z
november-2026,3,757648-november-2026-zone-3-timetable.txt,AS,9489,21,2,1,History,2026-10-19,PM,1h 45m,2026-10-19T13:00Z
november-2026,3,757648-november-2026-zone-3-timetable.txt,,7159,42,4,2,9-1   German,2026-10-19,AM,1h,2026-10-19T09:00Z
november-2026,3,757648-november-2026-zone-3-timetable.txt,AL,9609,41,4,1,Business,2026-10-19,PM,1h 15m,2026-10-19T13:00Z
november-2026,3,757648-november-2026-zone-3-timetable.txt,OL,2210,22,2,2,Computer Science,2026-10-19,AM,1h 45m,2026-10-19T09:00Z
november-2026,3,757648-november-2026-zone-3-timetable.txt,AS,9693,22,2,2,Marine Science,2026-10-19,AM,1h 45m,2026-10-19T09:00Z
november-2026,3,757648-november-2026-zone-3-timetable.txt,AL,9694,32,3,2,Thinking Skills,2026-10-19,AM,2h,2026-10-19T09:00Z
november-2026,3,757648-november-2026-zone-3-timetable.txt,IG,0455,22,2,2,Economics,2026-10-20,AM,2h 15m,2026-10-20T09:00Z
november-2026,3,757648-november-2026-zone-3-timetable.txt,IG,0625,51,5,1,Physics (Practical),2026-10-20,PM,1h 15m,2026-10-20T13:00Z
november-2026,3,757648-november-2026-zone-3-timetable.txt,,0987,22,2,2,9-1   Economics,2026-10-20,AM,2h 15m,2026-10-20T09:00Z
november-2026,3,757648-november-2026-zone-3-timetable.txt,IG,0625,61,6,1,Physics (Alternative to Practical),2026-10-20,PM,1h,2026-10-20T13:00Z
november-2026,3,757648-november-2026-zone-3-timetable.txt,OL,2281,22,2,2,Economics,2026-10-20,AM,2h 15m,2026-10-20T09:00Z
november-2026,3,757648-november-2026-zone-3-timetable.txt,IG,0652,51,5,1,Physical Science (Practical),2026-10-20,PM,1h 15m,2026-10-20T13:00Z
november-2026,3,757648-november-2026-zone-3-timetable.txt,AS,9274,12,1,2,Classical Studies,2026-10-20,AM,1h 30m,2026-10-20T09:00Z
november-2026,3,757648-november-2026-zone-3-timetable.txt,IG,0652,61,6,1,Physical Science (Alternative to Practical),2026-10-20,PM,1h,2026-10-20T13:00Z
november-2026,3,757648-november-2026-zone-3-timetable.txt,AS,9487,02,0,2,Hinduism,2026-10-20,AM,1h 30m,2026-10-20T09:00Z
november-2026,3,757648-november-2026-zone-3-timetable.txt,IG,0653,51,5,1,Combined Science (Practical),2026-10-20,PM,1h 15m,2026-10-20T13:00Z
november-2026,3,757648-november-2026-zone-3-timetable.txt,AS,9700,22,2,2,Biology,2026-10-20,AM,1h 15m,2026-10-20T09:00Z
november-2026,3,757648-november-2026-zone-3-timetable.txt,IG,0653,61,6,1,Combined Science (Alternative to Practical),2026-10-20,PM,1h,2026-10-20T13:00Z
november-2026,3,757648-november-2026-zone-3-timetable.txt,AL,9700,52,5,2,Biology,2026-10-20,AM,1h 15m,2026-10-20T09:00Z
november-2026,3,757648-november-2026-zone-3-timetable.txt,IG,0654,51,5,1,Co-ordinated Sciences (Double Award) (Practical),2026-10-20,PM,2h,2026-10-20T13:00Z
november-2026,3,757648-november-2026-zone-3-timetable.txt,IG,0654,61,6,1,Co-ordinated Sciences (Double Award) (Alternative to Practical),2026-10-20,PM,1h 30m,2026-10-20T13:00Z
november-2026,3,757648-november-2026-zone-3-timetable.txt,,0972,51,5,1,9-1    Physics (Practical),2026-10-20,PM,1h 15m,2026-10-20T13:00Z
november-2026,3,757648-november-2026-zone-3-timetable.txt,,0972,61,6,1,9-1    Physics (Alternative to Practical),2026-10-20,PM,1h,2026-10-20T13:00Z
november-2026,3,757648-november-2026-zone-3-timetable.txt,,0973,51,5,1,9-1    Co-ordinated Sciences (Double Award) (Practical),2026-10-20,PM,2h,2026-10-20T13:00Z
november-2026,3,757648-november-2026-zone-3-timetable.txt,,0973,61,6,1,9-1    Co-ordinated Sciences (Double Award) (Alternative to Practical),2026-10-20,PM,1h 30m,2026-10-20T13:00Z
november-2026,3,757648-november-2026-zone-3-timetable.txt,OL,5054,31,3,1,Physics (Practical),2026-10-20,PM,1h 30m,2026-10-20T13:00Z
november-2026,3,757648-november-2026-zone-3-timetable.txt,OL,5054,41,4,1,Physics (Alternative to Practical),2026-10-20,PM,1h,2026-10-20T13:00Z
november-2026,3,757648-november-2026-zone-3-timetable.txt,OL,5129,31,3,1,Combined Science,2026-10-20,PM,1h,2026-10-20T13:00Z
november-2026,3,757648-november-2026-zone-3-timetable.txt,AS,9699,21,2,1,Sociology,2026-10-20,PM,1h 30m,2026-10-20T13:00Z
november-2026,3,757648-november-2026-zone-3-timetable.txt,AL,9618,31,3,1,Computer Science (Advanced),2026-10-20,PM,1h 30m,2026-10-20T13:00Z
november-2026,3,757648-november-2026-zone-3-timetable.txt,IG,0460,12,1,2,Geography,2026-10-21,AM,1h 45m,2026-10-21T09:00Z
november-2026,3,757648-november-2026-zone-3-timetable.txt,IG,0510,21,2,1,,2026-10-21,PM,50m,2026-10-21T13:00Z
november-2026,3,757648-november-2026-zone-3-timetable.txt,IG,0495,22,2,2,Sociology,2026-10-21,AM,1h 45m,2026-10-21T09:00Z
november-2026,3,757648-november-2026-zone-3-timetable.txt,IG,0549,02,0,2,Hindi as a Second Language,2026-10-21,AM,45m,2026-10-21T09:00Z
november-2026,3,757648-november-2026-zone-3-timetable.txt,IG,0511,21,2,1,English as a Second Language (Count-in Speaking) (Listening),2026-10-21,PM,50m,2026-10-21T13:00Z
november-2026,3,757648-november-2026-zone-3-timetable.txt,,0976,12,1,2,9-1   Geography,2026-10-21,AM,1h 45m,2026-10-21T09:00Z
november-2026,3,757648-november-2026-zone-3-timetable.txt,IG,0531,02,0,2,IsiZulu as a Second Language (Listening),2026-10-21,PM,50m,2026-10-21T13:00Z
november-2026,3,757648-november-2026-zone-3-timetable.txt,OL,2217,12,1,2,Geography,2026-10-21,AM,1h 45m,2026-10-21T09:00Z
november-2026,3,757648-november-2026-zone-3-timetable.txt,,0991,21,2,1,9-1    English as a Second Language (Count-in Speaking) (Listening),2026-10-21,PM,50m,2026-10-21T13:00Z
november-2026,3,757648-november-2026-zone-3-timetable.txt,OL,2251,22,2,2,Sociology,2026-10-21,AM,1h 45m,2026-10-21T09:00Z
november-2026,3,757648-november-2026-zone-3-timetable.txt,,0993,21,2,1,9-1,2026-10-21,PM,50m,2026-10-21T13:00Z
november-2026,3,757648-november-2026-zone-3-timetable.txt,AS,8695,12,1,2,Language & Literature in English,2026-10-21,AM,2h,2026-10-21T09:00Z
november-2026,3,757648-november-2026-zone-3-timetable.txt,AL,9706,31,3,1,Accounting,2026-10-21,PM,1h 30m,2026-10-21T13:00Z
november-2026,3,757648-november-2026-zone-3-timetable.txt,AS,9093,22,2,2,English Language,2026-10-21,AM,2h,2026-10-21T09:00Z
november-2026,3,757648-november-2026-zone-3-timetable.txt,AL,9990,31,3,1,Psychology,2026-10-21,PM,1h 30m,2026-10-21T13:00Z
november-2026,3,757648-november-2026-zone-3-timetable.txt,IG,0475,12,1,2,Literature in English,2026-10-22,AM,1h 30m,2026-10-22T09:00Z
november-2026,3,757648-november-2026-zone-3-timetable.txt,OL,7100,21,2,1,Commerce,2026-10-22,PM,2h,2026-10-22T13:00Z
november-2026,3,757648-november-2026-zone-3-timetable.txt,IG,0525,22,2,2,German,2026-10-22,AM,1h,2026-10-22T09:00Z
november-2026,3,757648-november-2026-zone-3-timetable.txt,AL,9489,31,3,1,History,2026-10-22,PM,1h 15m,2026-10-22T13:00Z
november-2026,3,757648-november-2026-zone-3-timetable.txt,,0992,12,1,2,9-1   Literature in English,2026-10-22,AM,1h 30m,2026-10-22T09:00Z
november-2026,3,757648-november-2026-zone-3-timetable.txt,,7159,22,2,2,9-1   German,2026-10-22,AM,1h,2026-10-22T09:00Z
november-2026,3,757648-november-2026-zone-3-timetable.txt,OL,2010,12,1,2,Literature in English,2026-10-22,AM,1h 30m,2026-10-22T09:00Z
november-2026,3,757648-november-2026-zone-3-timetable.txt,AS,9274,22,2,2,Classical Studies,2026-10-22,AM,1h 30m,2026-10-22T09:00Z
november-2026,3,757648-november-2026-zone-3-timetable.txt,AS,9696,22,2,2,Geography (Core),2026-10-22,AM,1h 30m,2026-10-22T09:00Z
november-2026,3,757648-november-2026-zone-3-timetable.txt,AS,9702,34,3,4,Physics (Practical - Advanced),2026-10-22,AM,2h,2026-10-22T09:00Z
november-2026,3,757648-november-2026-zone-3-timetable.txt,IG,0445,12,1,2,Design & Technology,2026-10-23,AM,1h 15m,2026-10-23T09:00Z
november-2026,3,757648-november-2026-zone-3-timetable.txt,IG,0470,21,2,1,History,2026-10-23,PM,1h 45m,2026-10-23T13:00Z
november-2026,3,757648-november-2026-zone-3-timetable.txt,IG,0520,22,2,2,French,2026-10-23,AM,1h,2026-10-23T09:00Z
november-2026,3,757648-november-2026-zone-3-timetable.txt,,0977,21,2,1,9-1    History,2026-10-23,PM,1h 45m,2026-10-23T13:00Z
november-2026,3,757648-november-2026-zone-3-timetable.txt,,7156,22,2,2,9-1   French,2026-10-23,AM,1h,2026-10-23T09:00Z
november-2026,3,757648-november-2026-zone-3-timetable.txt,OL,2147,21,2,1,History,2026-10-23,PM,1h 45m,2026-10-23T13:00Z
november-2026,3,757648-november-2026-zone-3-timetable.txt,AS,9484,12,1,2,Biblical Studies,2026-10-23,AM,1h 30m,2026-10-23T09:00Z
november-2026,3,757648-november-2026-zone-3-timetable.txt,AL,9231,21,2,1,Further Mathematics,2026-10-23,PM,2h,2026-10-23T13:00Z
november-2026,3,757648-november-2026-zone-3-timetable.txt,AS,9695,22,2,2,Literature in English,2026-10-23,AM,2h,2026-10-23T09:00Z
november-2026,3,757648-november-2026-zone-3-timetable.txt,AL,9700,42,4,2,Biology,2026-10-23,AM,2h,2026-10-23T09:00Z
november-2026,3,757648-november-2026-zone-3-timetable.txt,IG,0411,12,1,2,Drama,2026-10-26,AM,2h 30m,2026-10-26T09:00Z
november-2026,3,757648-november-2026-zone-3-timetable.txt,IG,0648,11,1,1,Food & Nutrition,2026-10-26,PM,2h,2026-10-26T13:00Z
november-2026,3,757648-november-2026-zone-3-timetable.txt,IG,0520,42,4,2,French,2026-10-26,AM,1h,2026-10-26T09:00Z
november-2026,3,757648-november-2026-zone-3-timetable.txt,OL,6065,11,1,1,Food & Nutrition,2026-10-26,PM,2h,2026-10-26T13:00Z
november-2026,3,757648-november-2026-zone-3-timetable.txt,IG,0697,12,1,2,Marine Science,2026-10-26,AM,1h 45m,2026-10-26T09:00Z
november-2026,3,757648-november-2026-zone-3-timetable.txt,AL,9699,31,3,1,Sociology,2026-10-26,PM,1h 15m,2026-10-26T13:00Z
november-2026,3,757648-november-2026-zone-3-timetable.txt,,0994,12,1,2,9-1   Drama,2026-10-26,AM,2h 30m,2026-10-26T09:00Z
november-2026,3,757648-november-2026-zone-3-timetable.txt,,7156,42,4,2,9-1   French,2026-10-26,AM,1h,2026-10-26T09:00Z
november-2026,3,757648-november-2026-zone-3-timetable.txt,OL,2068,12,1,2,Islamic Studies,2026-10-26,AM,1h 30m,2026-10-26T09:00Z
november-2026,3,757648-november-2026-zone-3-timetable.txt,AS,9484,22,2,2,Biblical Studies,2026-10-26,AM,1h 30m,2026-10-26T09:00Z
november-2026,3,757648-november-2026-zone-3-timetable.txt,AL,9626,32,3,2,Information Technology (Advanced),2026-10-26,AM,1h 45m,2026-10-26T09:00Z
november-2026,3,757648-november-2026-zone-3-timetable.txt,IG,0460,42,4,2,Geography,2026-10-27,AM,1h 30m,2026-10-27T09:00Z
november-2026,3,757648-november-2026-zone-3-timetable.txt,IG,0457,11,1,1,Global Perspectives,2026-10-27,PM,1h 25m,2026-10-27T13:00Z
november-2026,3,757648-november-2026-zone-3-timetable.txt,IG,0490,12,1,2,Religious Studies,2026-10-27,AM,1h 45m,2026-10-27T09:00Z
november-2026,3,757648-november-2026-zone-3-timetable.txt,IG,0531,01,0,1,IsiZulu as a Second Language,2026-10-27,PM,2h,2026-10-27T13:00Z
november-2026,3,757648-november-2026-zone-3-timetable.txt,IG,0549,01,0,1,Hindi as a Second Language,2026-10-27,AM,2h,2026-10-27T09:00Z
november-2026,3,757648-november-2026-zone-3-timetable.txt,,0976,42,4,2,9-1   Geography,2026-10-27,AM,1h 30m,2026-10-27T09:00Z
november-2026,3,757648-november-2026-zone-3-timetable.txt,OL,2217,32,3,2,Geography,2026-10-27,AM,1h 30m,2026-10-27T09:00Z
november-2026,3,757648-november-2026-zone-3-timetable.txt,AS,9701,34,3,4,Chemistry (Practical - Advanced),2026-10-27,AM,2h,2026-10-27T09:00Z
november-2026,3,757648-november-2026-zone-3-timetable.txt,AL,9487,03,0,3,Hinduism,2026-10-27,AM,1h 30m,2026-10-27T09:00Z
november-2026,3,757648-november-2026-zone-3-timetable.txt,AL,9693,32,3,2,Marine Science,2026-10-27,AM,1h 45m,2026-10-27T09:00Z
november-2026,3,757648-november-2026-zone-3-timetable.txt,IG,0408,22,2,2,World Literature,2026-10-28,AM,1h 15m,2026-10-28T09:00Z
november-2026,3,757648-november-2026-zone-3-timetable.txt,IG,0530,21,2,1,Spanish,2026-10-28,PM,1h,2026-10-28T13:00Z
november-2026,3,757648-november-2026-zone-3-timetable.txt,IG,0475,22,2,2,Literature in English,2026-10-28,AM,1h 30m,2026-10-28T09:00Z
november-2026,3,757648-november-2026-zone-3-timetable.txt,AL,9706,41,4,1,Accounting,2026-10-28,PM,1h,2026-10-28T13:00Z
november-2026,3,757648-november-2026-zone-3-timetable.txt,IG,0475,32,3,2,Literature in English,2026-10-28,AM,45m,2026-10-28T09:00Z
november-2026,3,757648-november-2026-zone-3-timetable.txt,IG,0475,42,4,2,Literature in English,2026-10-28,AM,1h 15m,2026-10-28T09:00Z
november-2026,3,757648-november-2026-zone-3-timetable.txt,IG,0697,22,2,2,Marine Science,2026-10-28,AM,1h 45m,2026-10-28T09:00Z
november-2026,3,757648-november-2026-zone-3-timetable.txt,,0992,22,2,2,9-1   Literature in English,2026-10-28,AM,1h 30m,2026-10-28T09:00Z
november-2026,3,757648-november-2026-zone-3-timetable.txt,,0992,32,3,2,9-1   Literature in English,2026-10-28,AM,45m,2026-10-28T09:00Z
november-2026,3,757648-november-2026-zone-3-timetable.txt,,0992,42,4,2,9-1   Literature in English,2026-10-28,AM,1h 15m,2026-10-28T09:00Z
november-2026,3,757648-november-2026-zone-3-timetable.txt,OL,2010,22,2,2,Literature in English,2026-10-28,AM,1h 30m,2026-10-28T09:00Z
november-2026,3,757648-november-2026-zone-3-timetable.txt,AL,9694,42,4,2,Thinking Skills,2026-10-28,AM,1h 45m,2026-10-28T09:00Z
november-2026,3,757648-november-2026-zone-3-timetable.txt,AL,9695,32,3,2,Literature in English,2026-10-28,AM,2h,2026-10-28T09:00Z
november-2026,3,757648-november-2026-zone-3-timetable.txt,IG,0410,12,1,2,Music (Listening),2026-10-29,AM,1h 15m,2026-10-29T09:00Z
november-2026,3,757648-november-2026-zone-3-timetable.txt,AL,9489,41,4,1,History,2026-10-29,PM,1h 45m,2026-10-29T13:00Z
november-2026,3,757648-november-2026-zone-3-timetable.txt,AS,9700,34,3,4,Biology (Practical - Advanced),2026-10-29,AM,2h,2026-10-29T09:00Z
november-2026,3,757648-november-2026-zone-3-timetable.txt,AL,9274,32,3,2,Classical Studies,2026-10-29,AM,1h 30m,2026-10-29T09:00Z
november-2026,3,757648-november-2026-zone-3-timetable.txt,AL,9693,42,4,2,Marine Science,2026-10-29,AM,1h 45m,2026-10-29T09:00Z
november-2026,3,757648-november-2026-zone-3-timetable.txt,IG,0445,32,3,2,Design & Technology,2026-10-30,AM,1h,2026-10-30T09:00Z
november-2026,3,757648-november-2026-zone-3-timetable.txt,IG,0530,41,4,1,Spanish,2026-10-30,PM,1h,2026-10-30T13:00Z
november-2026,3,757648-november-2026-zone-3-timetable.txt,IG,0445,42,4,2,Design & Technology,2026-10-30,AM,1h,2026-10-30T09:00Z
november-2026,3,757648-november-2026-zone-3-timetable.txt,AS,9231,41,4,1,Further Mathematics,2026-10-30,PM,1h 30m,2026-10-30T13:00Z
november-2026,3,757648-november-2026-zone-3-timetable.txt,IG,0445,52,5,2,Design & Technology,2026-10-30,AM,1h,2026-10-30T09:00Z
november-2026,3,757648-november-2026-zone-3-timetable.txt,OL,2068,22,2,2,Islamic Studies,2026-10-30,AM,1h 30m,2026-10-30T09:00Z
november-2026,3,757648-november-2026-zone-3-timetable.txt,AL,9093,32,3,2,English Language,2026-10-30,AM,2h 15m,2026-10-30T09:00Z
november-2026,3,757648-november-2026-zone-3-timetable.txt,AL,9696,32,3,2,Geography (Advanced),2026-10-30,AM,1h 30m,2026-10-30T09:00Z
november-2026,3,757648-november-2026-zone-3-timetable.txt,AL,9844,22,2,2,Spanish Language & Literature,2026-10-30,AM,2h,2026-10-30T09:00Z
november-2026,3,757648-november-2026-zone-3-timetable.txt,IG,0490,22,2,2,Religious Studies,2026-11-02,AM,1h 45m,2026-11-02T09:00Z
november-2026,3,757648-november-2026-zone-3-timetable.txt,AS,9607,02,0,2,Media Studies,2026-11-02,PM,2h,2026-11-02T13:00Z
november-2026,3,757648-november-2026-zone-3-timetable.txt,AS,8022,32,3,2,Spanish Language,2026-11-02,AM,1h 30m,2026-11-02T09:00Z
november-2026,3,757648-november-2026-zone-3-timetable.txt,AL,9990,41,4,1,Psychology,2026-11-02,PM,1h 30m,2026-11-02T13:00Z
november-2026,3,757648-november-2026-zone-3-timetable.txt,AS,8027,12,1,2,German Language (Listening - Multiple Choice),2026-11-02,AM,1h,2026-11-02T09:00Z
november-2026,3,757648-november-2026-zone-3-timetable.txt,AS,9483,12,1,2,Music (Listening),2026-11-02,AM,2h,2026-11-02T09:00Z
november-2026,3,757648-november-2026-zone-3-timetable.txt,AL,9844,32,3,2,Spanish Language & Literature,2026-11-02,AM,2h,2026-11-02T09:00Z
november-2026,3,757648-november-2026-zone-3-timetable.txt,IG,0520,12,1,2,French (Listening - Multiple Choice),2026-11-03,AM,50m,2026-11-03T09:00Z
november-2026,3,757648-november-2026-zone-3-timetable.txt,AS,9706,11,1,1,Accounting (Multiple Choice),2026-11-03,PM,1h,2026-11-03T13:00Z
november-2026,3,757648-november-2026-zone-3-timetable.txt,,7156,12,1,2,9-1   French (Listening - Multiple Choice),2026-11-03,AM,50m,2026-11-03T09:00Z
november-2026,3,757648-november-2026-zone-3-timetable.txt,AS,8386,12,1,2,Sport & Physical Education,2026-11-03,AM,1h 45m,2026-11-03T09:00Z
november-2026,3,757648-november-2026-zone-3-timetable.txt,AL,9695,42,4,2,Literature in English,2026-11-03,AM,2h,2026-11-03T09:00Z
november-2026,3,757648-november-2026-zone-3-timetable.txt,AL,9696,42,4,2,Geography (Advanced),2026-11-03,AM,1h 30m,2026-11-03T09:00Z
november-2026,3,757648-november-2026-zone-3-timetable.txt,IG,0455,12,1,2,Economics (Multiple Choice),2026-11-04,AM,45m,2026-11-04T09:00Z
november-2026,3,757648-november-2026-zone-3-timetable.txt,AL,9699,41,4,1,Sociology,2026-11-04,PM,1h 45m,2026-11-04T13:00Z
november-2026,3,757648-november-2026-zone-3-timetable.txt,,0987,12,1,2,9-1   Economics (Multiple Choice),2026-11-04,AM,45m,2026-11-04T09:00Z
november-2026,3,757648-november-2026-zone-3-timetable.txt,OL,2281,12,1,2,Economics (Multiple Choice),2026-11-04,AM,45m,2026-11-04T09:00Z
november-2026,3,757648-november-2026-zone-3-timetable.txt,AS,8028,12,1,2,French Language (Listening - Multiple Choice),2026-11-04,AM,1h,2026-11-04T09:00Z
november-2026,3,757648-november-2026-zone-3-timetable.txt,AS,8238,11,1,1,Chinese Language (Listening - Multiple Choice),2026-11-04,AM,1h,2026-11-04T09:00Z
november-2026,3,757648-november-2026-zone-3-timetable.txt,AS,9705,12,1,2,Design & Technology,2026-11-04,AM,2h 15m,2026-11-04T09:00Z
november-2026,3,757648-november-2026-zone-3-timetable.txt,AL,9093,42,4,2,English Language,2026-11-04,AM,2h 15m,2026-11-04T09:00Z
november-2026,3,757648-november-2026-zone-3-timetable.txt,IG,0408,32,3,2,World Literature,2026-11-05,AM,1h 30m,2026-11-05T09:00Z
november-2026,3,757648-november-2026-zone-3-timetable.txt,IG,0625,11,1,1,Physics (Multiple Choice - Core),2026-11-05,PM,45m,2026-11-05T13:00Z
november-2026,3,757648-november-2026-zone-3-timetable.txt,OL,5054,11,1,1,Physics (Multiple Choice),2026-11-05,AM,1h,2026-11-05T09:00Z
november-2026,3,757648-november-2026-zone-3-timetable.txt,IG,0625,21,2,1,Physics (Multiple Choice - Extended),2026-11-05,PM,45m,2026-11-05T13:00Z
november-2026,3,757648-november-2026-zone-3-timetable.txt,OL,5129,11,1,1,Combined Science (Multiple Choice),2026-11-05,AM,1h,2026-11-05T09:00Z
november-2026,3,757648-november-2026-zone-3-timetable.txt,IG,0652,11,1,1,Physical Science (Multiple Choice - Core),2026-11-05,PM,45m,2026-11-05T13:00Z
november-2026,3,757648-november-2026-zone-3-timetable.txt,AS,8022,12,1,2,Spanish Language (Listening - Multiple Choice),2026-11-05,AM,1h,2026-11-05T09:00Z
november-2026,3,757648-november-2026-zone-3-timetable.txt,IG,0652,21,2,1,Physical Science (Multiple Choice - Extended),2026-11-05,PM,45m,2026-11-05T13:00Z
november-2026,3,757648-november-2026-zone-3-timetable.txt,AL,9484,32,3,2,Biblical Studies,2026-11-05,AM,1h 30m,2026-11-05T09:00Z
november-2026,3,757648-november-2026-zone-3-timetable.txt,IG,0653,11,1,1,Combined Science (Multiple Choice - Core),2026-11-05,PM,45m,2026-11-05T13:00Z
november-2026,3,757648-november-2026-zone-3-timetable.txt,AL,9487,04,0,4,Hinduism,2026-11-05,AM,1h 30m,2026-11-05T09:00Z
november-2026,3,757648-november-2026-zone-3-timetable.txt,IG,0653,21,2,1,Combined Science (Multiple Choice - Extended),2026-11-05,PM,45m,2026-11-05T13:00Z
november-2026,3,757648-november-2026-zone-3-timetable.txt,AL,9607,04,0,4,Media Studies,2026-11-05,AM,2h,2026-11-05T09:00Z
november-2026,3,757648-november-2026-zone-3-timetable.txt,IG,0654,11,1,1,Co-ordinated Sciences (Double Award) (Multiple Choice - Core),2026-11-05,PM,45m,2026-11-05T13:00Z
november-2026,3,757648-november-2026-zone-3-timetable.txt,AL,9844,12,1,2,Spanish Language & Literature (Multiple Choice),2026-11-05,AM,1h 30m,2026-11-05T09:00Z
november-2026,3,757648-november-2026-zone-3-timetable.txt,IG,0654,21,2,1,,2026-11-05,PM,45m,2026-11-05T13:00Z
november-2026,3,757648-november-2026-zone-3-timetable.txt,AL,9868,12,1,2,Chinese Language & Literature (Multiple Choice),2026-11-05,AM,1h 30m,2026-11-05T09:00Z
november-2026,3,757648-november-2026-zone-3-timetable.txt,,0972,11,1,1,9-1    Physics (Multiple Choice - Core),2026-11-05,PM,45m,2026-11-05T13:00Z
november-2026,3,757648-november-2026-zone-3-timetable.txt,,0972,21,2,1,9-1    Physics (Multiple Choice - Extended),2026-11-05,PM,45m,2026-11-05T13:00Z
november-2026,3,757648-november-2026-zone-3-timetable.txt,,0973,11,1,1,9-1    Co-ordinated Sciences (Double Award) (Multiple Choice - Core),2026-11-05,PM,45m,2026-11-05T13:00Z
november-2026,3,757648-november-2026-zone-3-timetable.txt,,0973,21,2,1,9-1,2026-11-05,PM,45m,2026-11-05T13:00Z
november-2026,3,757648-november-2026-zone-3-timetable.txt,AS,9708,11,1,1,Economics (Multiple Choice),2026-11-05,PM,1h,2026-11-05T13:00Z
november-2026,3,757648-november-2026-zone-3-timetable.txt,IG,0452,12,1,2,Accounting (Multiple Choice),2026-11-06,AM,1h 15m,2026-11-06T09:00Z
november-2026,3,757648-november-2026-zone-3-timetable.txt,IG,0530,11,1,1,Spanish (Listening - Multiple Choice),2026-11-06,PM,50m,2026-11-06T13:00Z
november-2026,3,757648-november-2026-zone-3-timetable.txt,,0985,12,1,2,9-1   Accounting (Multiple Choice),2026-11-06,AM,1h 15m,2026-11-06T09:00Z
november-2026,3,757648-november-2026-zone-3-timetable.txt,OL,7707,12,1,2,Accounting (Multiple Choice),2026-11-06,AM,1h 15m,2026-11-06T09:00Z
november-2026,3,757648-november-2026-zone-3-timetable.txt,AS,8238,21,2,1,Chinese Language (Multiple Choice),2026-11-06,AM,1h 30m,2026-11-06T09:00Z
november-2026,3,757648-november-2026-zone-3-timetable.txt,AS,9482,12,1,2,Drama,2026-11-06,AM,2h,2026-11-06T09:00Z
november-2026,3,757648-november-2026-zone-3-timetable.txt,AL,9274,42,4,2,Classical Studies,2026-11-06,AM,1h 30m,2026-11-06T09:00Z
november-2026,3,757648-november-2026-zone-3-timetable.txt,AL,9705,32,3,2,Design & Technology,2026-11-06,AM,2h 30m,2026-11-06T09:00Z
november-2026,3,757648-november-2026-zone-3-timetable.txt,AS,8022,22,2,2,Spanish Language (Multiple Choice),2026-11-09,AM,1h 30m,2026-11-09T09:00Z
november-2026,3,757648-november-2026-zone-3-timetable.txt,AL,9484,42,4,2,Biblical Studies,2026-11-09,AM,1h 30m,2026-11-09T09:00Z
november-2026,3,757648-november-2026-zone-3-timetable.txt,IG,0610,12,1,2,Biology (Multiple Choice - Core),2026-11-10,AM,45m,2026-11-10T09:00Z
november-2026,3,757648-november-2026-zone-3-timetable.txt,OL,5090,11,1,1,Biology (Multiple Choice),2026-11-10,PM,1h,2026-11-10T13:00Z
november-2026,3,757648-november-2026-zone-3-timetable.txt,IG,0610,22,2,2,Biology (Multiple Choice - Extended),2026-11-10,AM,45m,2026-11-10T09:00Z
november-2026,3,757648-november-2026-zone-3-timetable.txt,,0970,12,1,2,9-1   Biology (Multiple Choice - Core),2026-11-10,AM,45m,2026-11-10T09:00Z
november-2026,3,757648-november-2026-zone-3-timetable.txt,,0970,22,2,2,9-1   Biology (Multiple Choice - Extended),2026-11-10,AM,45m,2026-11-10T09:00Z
november-2026,3,757648-november-2026-zone-3-timetable.txt,AS,8027,22,2,2,German Language (Multiple Choice),2026-11-10,AM,1h 30m,2026-11-10T09:00Z
november-2026,3,757648-november-2026-zone-3-timetable.txt,AS,9702,12,1,2,Physics (Multiple Choice),2026-11-10,AM,1h 15m,2026-11-10T09:00Z
november-2026,3,757648-november-2026-zone-3-timetable.txt,AL,9897,12,1,2,German Language & Literature (Multiple Choice),2026-11-10,AM,1h 30m,2026-11-10T09:00Z
november-2026,3,757648-november-2026-zone-3-timetable.txt,IG,0525,12,1,2,German (Listening - Multiple Choice),2026-11-11,AM,50m,2026-11-11T09:00Z
november-2026,3,757648-november-2026-zone-3-timetable.txt,OL,7100,11,1,1,Commerce (Multiple Choice),2026-11-11,PM,1h,2026-11-11T13:00Z
november-2026,3,757648-november-2026-zone-3-timetable.txt,,7159,12,1,2,9-1   German (Listening - Multiple Choice),2026-11-11,AM,50m,2026-11-11T09:00Z
november-2026,3,757648-november-2026-zone-3-timetable.txt,AL,9708,31,3,1,Economics (Multiple Choice),2026-11-11,PM,1h 15m,2026-11-11T13:00Z
november-2026,3,757648-november-2026-zone-3-timetable.txt,AS,8028,22,2,2,French Language (Multiple Choice),2026-11-11,AM,1h 30m,2026-11-11T09:00Z
november-2026,3,757648-november-2026-zone-3-timetable.txt,IG,0620,12,1,2,Chemistry (Multiple Choice - Core),2026-11-12,AM,45m,2026-11-12T09:00Z
november-2026,3,757648-november-2026-zone-3-timetable.txt,IG,0620,22,2,2,Chemistry (Multiple Choice - Extended),2026-11-12,AM,45m,2026-11-12T09:00Z
november-2026,3,757648-november-2026-zone-3-timetable.txt,,0971,12,1,2,9-1   Chemistry (Multiple Choice - Core),2026-11-12,AM,45m,2026-11-12T09:00Z
november-2026,3,757648-november-2026-zone-3-timetable.txt,,0971,22,2,2,9-1   Chemistry (Multiple Choice - Extended),2026-11-12,AM,45m,2026-11-12T09:00Z
november-2026,3,757648-november-2026-zone-3-timetable.txt,OL,5070,11,1,1,Chemistry (Multiple Choice),2026-11-12,AM,1h,2026-11-12T09:00Z
november-2026,3,757648-november-2026-zone-3-timetable.txt,AS,9700,12,1,2,Biology (Multiple Choice),2026-11-12,AM,1h 15m,2026-11-12T09:00Z
november-2026,3,757648-november-2026-zone-3-timetable.txt,AS,9701,12,1,2,Chemistry (Multiple Choice),2026-11-13,AM,1h 15m,2026-11-13T09:00Z
november-2026,4,757649-november-2026-zone-4-timetable.txt,IG,0493,12,1,2,Islamiyat,2026-09-28,AM,1h 30m,2026-09-28T05:00Z
november-2026,4,757649-november-2026-zone-4-timetable.txt,IG,0502,12,1,2,First Language Spanish,2026-09-28,PM,2h,2026-09-28T09:00Z
november-2026,4,757649-november-2026-zone-4-timetable.txt,IG,0680,12,1,2,Environmental Management,2026-09-28,AM,1h 45m,2026-09-28T05:00Z
november-2026,4,757649-november-2026-zone-4-timetable.txt,OL,2035,12,1,2,Biblical Studies,2026-09-28,PM,1h 30m,2026-09-28T09:00Z
november-2026,4,757649-november-2026-zone-4-timetable.txt,OL,2058,12,1,2,Islamiyat,2026-09-28,AM,1h 30m,2026-09-28T05:00Z
november-2026,4,757649-november-2026-zone-4-timetable.txt,OL,3248,01,0,1,Second Language Urdu,2026-09-28,PM,1h 45m,2026-09-28T09:00Z
november-2026,4,757649-november-2026-zone-4-timetable.txt,OL,5070,22,2,2,Chemistry,2026-09-28,AM,1h 45m,2026-09-28T05:00Z
november-2026,4,757649-november-2026-zone-4-timetable.txt,AS,9694,12,1,2,Thinking Skills,2026-09-28,PM,1h 30m,2026-09-28T09:00Z
november-2026,4,757649-november-2026-zone-4-timetable.txt,AS,8021,12,1,2,English General Paper,2026-09-28,AM,1h 15m,2026-09-28T05:00Z
november-2026,4,757649-november-2026-zone-4-timetable.txt,AL,9868,32,3,2,Chinese Language & Literature,2026-09-28,PM,2h,2026-09-28T09:00Z
november-2026,4,757649-november-2026-zone-4-timetable.txt,AS,9084,12,1,2,Law,2026-09-28,AM,1h 30m,2026-09-28T05:00Z
november-2026,4,757649-november-2026-zone-4-timetable.txt,IG,0698,01,0,1,First Language Setswana,2026-09-28,EV,2h,2026-09-28T13:00Z
november-2026,4,757649-november-2026-zone-4-timetable.txt,AS,9239,12,1,2,Global Perspectives & Research,2026-09-28,AM,1h 30m,2026-09-28T05:00Z
november-2026,4,757649-november-2026-zone-4-timetable.txt,AS,8679,03,0,3,Afrikaans Language,2026-09-28,EV,1h 30m,2026-09-28T13:00Z
november-2026,4,757649-november-2026-zone-4-timetable.txt,IG,0510,12,1,2,English as a Second Language (Speaking Endorsement),2026-09-29,AM,2h,2026-09-29T05:00Z
november-2026,4,757649-november-2026-zone-4-timetable.txt,,7180,01,0,1,9-1    Arabic,2026-09-29,PM,1h 30m,2026-09-29T09:00Z
november-2026,4,757649-november-2026-zone-4-timetable.txt,IG,0511,12,1,2,English as a Second Language (Count-in Speaking),2026-09-29,AM,2h,2026-09-29T05:00Z
november-2026,4,757649-november-2026-zone-4-timetable.txt,OL,2059,01,0,1,Pakistan Studies,2026-09-29,PM,1h 30m,2026-09-29T09:00Z
november-2026,4,757649-november-2026-zone-4-timetable.txt,IG,0607,12,1,2,Cambridge International Mathematics (Core),2026-09-29,AM,1h 15m,2026-09-29T05:00Z
november-2026,4,757649-november-2026-zone-4-timetable.txt,OL,3180,01,0,1,Arabic,2026-09-29,PM,1h 30m,2026-09-29T09:00Z
november-2026,4,757649-november-2026-zone-4-timetable.txt,IG,0607,22,2,2,Cambridge International Mathematics (Extended),2026-09-29,AM,1h 30m,2026-09-29T05:00Z
november-2026,4,757649-november-2026-zone-4-timetable.txt,AS,9395,12,1,2,Travel & Tourism,2026-09-29,PM,2h,2026-09-29T09:00Z
november-2026,4,757649-november-2026-zone-4-timetable.txt,OL,1123,12,1,2,English Language,2026-09-29,AM,2h,2026-09-29T05:00Z
november-2026,4,757649-november-2026-zone-4-timetable.txt,AS,9701,33,3,3,Chemistry (Practical - Advanced),2026-09-29,PM,2h,2026-09-29T09:00Z
november-2026,4,757649-november-2026-zone-4-timetable.txt,AL,9680,42,4,2,Arabic,2026-09-29,AM,2h 30m,2026-09-29T05:00Z
november-2026,4,757649-november-2026-zone-4-timetable.txt,IG,0493,22,2,2,Islamiyat,2026-09-30,AM,1h 30m,2026-09-30T05:00Z
november-2026,4,757649-november-2026-zone-4-timetable.txt,IG,0471,12,1,2,Travel & Tourism,2026-09-30,PM,1h 30m,2026-09-30T09:00Z
november-2026,4,757649-november-2026-zone-4-timetable.txt,IG,0680,22,2,2,Environmental Management,2026-09-30,AM,1h 45m,2026-09-30T05:00Z
november-2026,4,757649-november-2026-zone-4-timetable.txt,IG,0474,01,0,1,Literature in Spanish,2026-09-30,PM,1h 30m,2026-09-30T09:00Z
november-2026,4,757649-november-2026-zone-4-timetable.txt,OL,2058,22,2,2,Islamiyat,2026-09-30,AM,1h 30m,2026-09-30T05:00Z
november-2026,4,757649-november-2026-zone-4-timetable.txt,IG,0508,01,0,1,First Language Arabic,2026-09-30,PM,2h,2026-09-30T09:00Z
november-2026,4,757649-november-2026-zone-4-timetable.txt,AS,8021,22,2,2,English General Paper,2026-09-30,AM,1h 45m,2026-09-30T05:00Z
november-2026,4,757649-november-2026-zone-4-timetable.txt,IG,0606,12,1,2,Additional Mathematics,2026-09-30,PM,2h,2026-09-30T09:00Z
november-2026,4,757649-november-2026-zone-4-timetable.txt,OL,3248,02,0,2,Second Language Urdu,2026-09-30,PM,1h 30m,2026-09-30T09:00Z
november-2026,4,757649-november-2026-zone-4-timetable.txt,OL,4037,12,1,2,Additional Mathematics,2026-09-30,PM,2h,2026-09-30T09:00Z
november-2026,4,757649-november-2026-zone-4-timetable.txt,AS,8027,32,3,2,German Language,2026-09-30,PM,1h 30m,2026-09-30T09:00Z
november-2026,4,757649-november-2026-zone-4-timetable.txt,AS,8028,32,3,2,French Language,2026-09-30,PM,1h 30m,2026-09-30T09:00Z
november-2026,4,757649-november-2026-zone-4-timetable.txt,AS,8291,12,1,2,Environmental Management,2026-09-30,PM,1h 45m,2026-09-30T09:00Z
november-2026,4,757649-november-2026-zone-4-timetable.txt,AS,9694,22,2,2,Thinking Skills,2026-09-30,PM,1h 45m,2026-09-30T09:00Z
november-2026,4,757649-november-2026-zone-4-timetable.txt,AS,9709,12,1,2,Mathematics (Pure Mathematics 1),2026-09-30,PM,1h 50m,2026-09-30T09:00Z
november-2026,4,757649-november-2026-zone-4-timetable.txt,AL,9897,22,2,2,German Language & Literature,2026-09-30,PM,2h,2026-09-30T09:00Z
november-2026,4,757649-november-2026-zone-4-timetable.txt,OL,5090,22,2,2,Biology,2026-10-01,AM,1h 45m,2026-10-01T05:00Z
november-2026,4,757649-november-2026-zone-4-timetable.txt,OL,2035,22,2,2,Biblical Studies,2026-10-01,PM,1h 30m,2026-10-01T09:00Z
november-2026,4,757649-november-2026-zone-4-timetable.txt,AL,9686,04,0,4,Urdu,2026-10-01,AM,2h 30m,2026-10-01T05:00Z
november-2026,4,757649-november-2026-zone-4-timetable.txt,OL,2059,02,0,2,Pakistan Studies,2026-10-01,PM,1h 30m,2026-10-01T09:00Z
november-2026,4,757649-november-2026-zone-4-timetable.txt,AS,9084,22,2,2,Law,2026-10-02,AM,1h 30m,2026-10-02T05:00Z
november-2026,4,757649-november-2026-zone-4-timetable.txt,OL,6130,01,0,1,Fashion & Textiles,2026-10-02,PM,2h,2026-10-02T09:00Z
november-2026,4,757649-november-2026-zone-4-timetable.txt,AS,8291,22,2,2,Environmental Management,2026-10-02,PM,1h 45m,2026-10-02T09:00Z
november-2026,4,757649-november-2026-zone-4-timetable.txt,AL,9897,32,3,2,German Language & Literature,2026-10-02,PM,2h,2026-10-02T09:00Z
november-2026,4,757649-november-2026-zone-4-timetable.txt,AS,8679,02,0,2,Afrikaans Language,2026-10-02,EV,1h 45m,2026-10-02T13:00Z
november-2026,4,757649-november-2026-zone-4-timetable.txt,OL,1123,22,2,2,English Language,2026-10-05,AM,2h,2026-10-05T05:00Z
november-2026,4,757649-november-2026-zone-4-timetable.txt,IG,0454,12,1,2,Enterprise,2026-10-05,PM,1h 30m,2026-10-05T09:00Z
november-2026,4,757649-november-2026-zone-4-timetable.txt,AS,8680,32,3,2,Arabic Language,2026-10-05,AM,1h 30m,2026-10-05T05:00Z
november-2026,4,757649-november-2026-zone-4-timetable.txt,IG,0500,12,1,2,First Language English (Oral Endorsement),2026-10-05,PM,2h,2026-10-05T09:00Z
november-2026,4,757649-november-2026-zone-4-timetable.txt,AS,9609,12,1,2,Business,2026-10-05,AM,1h 15m,2026-10-05T05:00Z
november-2026,4,757649-november-2026-zone-4-timetable.txt,IG,0508,02,0,2,First Language Arabic,2026-10-05,PM,2h,2026-10-05T09:00Z
november-2026,4,757649-november-2026-zone-4-timetable.txt,AL,9680,32,3,2,Arabic,2026-10-05,AM,1h 30m,2026-10-05T05:00Z
november-2026,4,757649-november-2026-zone-4-timetable.txt,,7180,02,0,2,9-1    Arabic,2026-10-05,PM,1h 30m,2026-10-05T09:00Z
november-2026,4,757649-november-2026-zone-4-timetable.txt,OL,3180,02,0,2,Arabic,2026-10-05,PM,1h 30m,2026-10-05T09:00Z
november-2026,4,757649-november-2026-zone-4-timetable.txt,AS,9487,01,0,1,Hinduism,2026-10-05,PM,1h 30m,2026-10-05T09:00Z
november-2026,4,757649-november-2026-zone-4-timetable.txt,AS,9626,12,1,2,Information Technology,2026-10-05,PM,1h 45m,2026-10-05T09:00Z
november-2026,4,757649-november-2026-zone-4-timetable.txt,AL,9395,32,3,2,Travel & Tourism,2026-10-05,PM,1h 30m,2026-10-05T09:00Z
november-2026,4,757649-november-2026-zone-4-timetable.txt,IG,0450,12,1,2,Business Studies,2026-10-06,AM,1h 30m,2026-10-06T05:00Z
november-2026,4,757649-november-2026-zone-4-timetable.txt,IG,0471,22,2,2,Travel & Tourism,2026-10-06,PM,2h,2026-10-06T09:00Z
november-2026,4,757649-november-2026-zone-4-timetable.txt,OL,7115,12,1,2,Business Studies,2026-10-06,AM,1h 30m,2026-10-06T05:00Z
november-2026,4,757649-november-2026-zone-4-timetable.txt,IG,0606,22,2,2,Additional Mathematics,2026-10-06,PM,2h,2026-10-06T09:00Z
november-2026,4,757649-november-2026-zone-4-timetable.txt,AS,9708,22,2,2,Economics,2026-10-06,AM,2h,2026-10-06T05:00Z
november-2026,4,757649-november-2026-zone-4-timetable.txt,OL,4037,22,2,2,Additional Mathematics,2026-10-06,PM,2h,2026-10-06T09:00Z
november-2026,4,757649-november-2026-zone-4-timetable.txt,AL,9084,32,3,2,Law,2026-10-06,AM,1h 30m,2026-10-06T05:00Z
november-2026,4,757649-november-2026-zone-4-timetable.txt,AS,9700,33,3,3,Biology (Practical - Advanced),2026-10-06,PM,2h,2026-10-06T09:00Z
november-2026,4,757649-november-2026-zone-4-timetable.txt,AL,9686,03,0,3,Urdu,2026-10-06,AM,1h 30m,2026-10-06T05:00Z
november-2026,4,757649-november-2026-zone-4-timetable.txt,IG,0625,32,3,2,Physics (Core),2026-10-07,AM,1h 15m,2026-10-07T05:00Z
november-2026,4,757649-november-2026-zone-4-timetable.txt,IG,0500,22,2,2,First Language English (Oral Endorsement),2026-10-07,PM,2h,2026-10-07T09:00Z
november-2026,4,757649-november-2026-zone-4-timetable.txt,IG,0625,42,4,2,Physics (Extended),2026-10-07,AM,1h 15m,2026-10-07T05:00Z
november-2026,4,757649-november-2026-zone-4-timetable.txt,OL,4040,12,1,2,Statistics,2026-10-07,PM,2h 15m,2026-10-07T09:00Z
november-2026,4,757649-november-2026-zone-4-timetable.txt,OL,5054,22,2,2,Physics,2026-10-07,AM,1h 45m,2026-10-07T05:00Z
november-2026,4,757649-november-2026-zone-4-timetable.txt,AS,9709,52,5,2,Mathematics (Probability & Statistics 1),2026-10-07,PM,1h 15m,2026-10-07T09:00Z
november-2026,4,757649-november-2026-zone-4-timetable.txt,OL,5129,22,2,2,Combined Science,2026-10-07,AM,1h 45m,2026-10-07T05:00Z
november-2026,4,757649-november-2026-zone-4-timetable.txt,AL,9395,42,4,2,Travel & Tourism,2026-10-07,PM,1h 30m,2026-10-07T09:00Z
november-2026,4,757649-november-2026-zone-4-timetable.txt,AS,9231,12,1,2,Further Mathematics,2026-10-07,AM,2h,2026-10-07T05:00Z
november-2026,4,757649-november-2026-zone-4-timetable.txt,AS,9699,12,1,2,Sociology,2026-10-07,AM,1h 30m,2026-10-07T05:00Z
november-2026,4,757649-november-2026-zone-4-timetable.txt,IG,0580,12,1,2,Mathematics (Without Coursework) (Core),2026-10-08,AM,1h 30m,2026-10-08T05:00Z
november-2026,4,757649-november-2026-zone-4-timetable.txt,IG,0452,22,2,2,Accounting,2026-10-08,PM,1h 45m,2026-10-08T09:00Z
november-2026,4,757649-november-2026-zone-4-timetable.txt,IG,0580,22,2,2,Mathematics (Without Coursework) (Extended),2026-10-08,AM,2h,2026-10-08T05:00Z
november-2026,4,757649-november-2026-zone-4-timetable.txt,IG,0502,22,2,2,First Language Spanish,2026-10-08,PM,2h,2026-10-08T09:00Z
november-2026,4,757649-november-2026-zone-4-timetable.txt,IG,0607,32,3,2,Cambridge International Mathematics (Core),2026-10-08,AM,1h 15m,2026-10-08T05:00Z
november-2026,4,757649-november-2026-zone-4-timetable.txt,OL,7707,22,2,2,Accounting,2026-10-08,PM,1h 45m,2026-10-08T09:00Z
november-2026,4,757649-november-2026-zone-4-timetable.txt,IG,0607,42,4,2,Cambridge International Mathematics (Extended),2026-10-08,AM,1h 30m,2026-10-08T05:00Z
november-2026,4,757649-november-2026-zone-4-timetable.txt,AS,9696,12,1,2,Geography (Core),2026-10-08,PM,1h 30m,2026-10-08T09:00Z
november-2026,4,757649-november-2026-zone-4-timetable.txt,OL,4024,12,1,2,Mathematics Syllabus D,2026-10-08,AM,2h,2026-10-08T05:00Z
november-2026,4,757649-november-2026-zone-4-timetable.txt,AS,9702,33,3,3,Physics (Practical - Advanced),2026-10-08,PM,2h,2026-10-08T09:00Z
november-2026,4,757649-november-2026-zone-4-timetable.txt,AS,9609,22,2,2,Business,2026-10-08,AM,1h 30m,2026-10-08T05:00Z
november-2026,4,757649-november-2026-zone-4-timetable.txt,AL,9084,42,4,2,Law,2026-10-08,AM,1h 30m,2026-10-08T05:00Z
november-2026,4,757649-november-2026-zone-4-timetable.txt,IG,0470,12,1,2,History,2026-10-09,AM,2h,2026-10-09T05:00Z
november-2026,4,757649-november-2026-zone-4-timetable.txt,IG,0478,12,1,2,Computer Science,2026-10-09,PM,1h 45m,2026-10-09T09:00Z
november-2026,4,757649-november-2026-zone-4-timetable.txt,OL,2147,12,1,2,History,2026-10-09,AM,2h,2026-10-09T05:00Z
november-2026,4,757649-november-2026-zone-4-timetable.txt,OL,2210,12,1,2,Computer Science,2026-10-09,PM,1h 45m,2026-10-09T09:00Z
november-2026,4,757649-november-2026-zone-4-timetable.txt,AS,9231,32,3,2,Further Mathematics,2026-10-09,AM,1h 30m,2026-10-09T05:00Z
november-2026,4,757649-november-2026-zone-4-timetable.txt,AS,9701,22,2,2,Chemistry,2026-10-09,PM,1h 15m,2026-10-09T09:00Z
november-2026,4,757649-november-2026-zone-4-timetable.txt,AS,9618,12,1,2,Computer Science,2026-10-09,AM,1h 30m,2026-10-09T05:00Z
november-2026,4,757649-november-2026-zone-4-timetable.txt,AL,9701,52,5,2,Chemistry,2026-10-09,PM,1h 15m,2026-10-09T09:00Z
november-2026,4,757649-november-2026-zone-4-timetable.txt,IG,0600,12,1,2,Agriculture,2026-10-12,AM,1h 45m,2026-10-12T05:00Z
november-2026,4,757649-november-2026-zone-4-timetable.txt,IG,0620,32,3,2,Chemistry (Core),2026-10-12,PM,1h 15m,2026-10-12T09:00Z
november-2026,4,757649-november-2026-zone-4-timetable.txt,OL,5038,12,1,2,Agriculture,2026-10-12,AM,1h 45m,2026-10-12T05:00Z
november-2026,4,757649-november-2026-zone-4-timetable.txt,IG,0620,42,4,2,Chemistry (Extended),2026-10-12,PM,1h 15m,2026-10-12T09:00Z
november-2026,4,757649-november-2026-zone-4-timetable.txt,AS,9990,12,1,2,Psychology,2026-10-12,AM,1h 30m,2026-10-12T05:00Z
november-2026,4,757649-november-2026-zone-4-timetable.txt,OL,4040,22,2,2,Statistics,2026-10-12,PM,2h 15m,2026-10-12T09:00Z
november-2026,4,757649-november-2026-zone-4-timetable.txt,AL,9609,32,3,2,Business,2026-10-12,AM,1h 45m,2026-10-12T05:00Z
november-2026,4,757649-november-2026-zone-4-timetable.txt,AS,8695,22,2,2,Language & Literature in English,2026-10-12,PM,2h,2026-10-12T09:00Z
november-2026,4,757649-november-2026-zone-4-timetable.txt,AS,9695,12,1,2,Literature in English,2026-10-12,PM,2h,2026-10-12T09:00Z
november-2026,4,757649-november-2026-zone-4-timetable.txt,AL,9702,42,4,2,Physics,2026-10-12,PM,2h,2026-10-12T09:00Z
november-2026,4,757649-november-2026-zone-4-timetable.txt,AL,9868,22,2,2,Chinese Language & Literature,2026-10-12,PM,2h,2026-10-12T09:00Z
november-2026,4,757649-november-2026-zone-4-timetable.txt,IG,0413,12,1,2,Physical Education,2026-10-13,AM,1h 45m,2026-10-13T05:00Z
november-2026,4,757649-november-2026-zone-4-timetable.txt,IG,0610,52,5,2,Biology (Practical),2026-10-13,PM,1h 15m,2026-10-13T09:00Z
november-2026,4,757649-november-2026-zone-4-timetable.txt,IG,0417,12,1,2,Information & Communication Technology,2026-10-13,AM,1h 30m,2026-10-13T05:00Z
november-2026,4,757649-november-2026-zone-4-timetable.txt,IG,0610,62,6,2,Biology (Alternative to Practical),2026-10-13,PM,1h,2026-10-13T09:00Z
november-2026,4,757649-november-2026-zone-4-timetable.txt,OL,5090,32,3,2,Biology (Practical),2026-10-13,AM,1h 30m,2026-10-13T05:00Z
november-2026,4,757649-november-2026-zone-4-timetable.txt,AS,9709,22,2,2,Mathematics (Pure Mathematics 2),2026-10-13,PM,1h 15m,2026-10-13T09:00Z
november-2026,4,757649-november-2026-zone-4-timetable.txt,OL,5090,42,4,2,Biology (Alternative to Practical),2026-10-13,AM,1h,2026-10-13T05:00Z
november-2026,4,757649-november-2026-zone-4-timetable.txt,AS,9709,42,4,2,Mathematics (Mechanics),2026-10-13,PM,1h 15m,2026-10-13T09:00Z
november-2026,4,757649-november-2026-zone-4-timetable.txt,AS,9489,12,1,2,History,2026-10-13,AM,1h 15m,2026-10-13T05:00Z
november-2026,4,757649-november-2026-zone-4-timetable.txt,AL,9709,62,6,2,Mathematics (Probability & Statistics 2),2026-10-13,PM,1h 15m,2026-10-13T09:00Z
november-2026,4,757649-november-2026-zone-4-timetable.txt,AL,9708,42,4,2,Economics,2026-10-13,AM,2h,2026-10-13T05:00Z
november-2026,4,757649-november-2026-zone-4-timetable.txt,IG,0698,02,0,2,First Language Setswana,2026-10-13,EV,2h,2026-10-13T13:00Z
november-2026,4,757649-november-2026-zone-4-timetable.txt,IG,0580,32,3,2,Mathematics (Without Coursework) (Core),2026-10-14,AM,1h 30m,2026-10-14T05:00Z
november-2026,4,757649-november-2026-zone-4-timetable.txt,IG,0460,22,2,2,Geography,2026-10-14,PM,1h 30m,2026-10-14T09:00Z
november-2026,4,757649-november-2026-zone-4-timetable.txt,IG,0580,42,4,2,Mathematics (Without Coursework) (Extended),2026-10-14,AM,2h,2026-10-14T05:00Z
november-2026,4,757649-november-2026-zone-4-timetable.txt,OL,2217,22,2,2,Geography,2026-10-14,PM,1h 30m,2026-10-14T09:00Z
november-2026,4,757649-november-2026-zone-4-timetable.txt,IG,0607,52,5,2,Cambridge International Mathematics (Core),2026-10-14,AM,1h 15m,2026-10-14T05:00Z
november-2026,4,757649-november-2026-zone-4-timetable.txt,AS,9693,12,1,2,Marine Science,2026-10-14,PM,1h 45m,2026-10-14T09:00Z
november-2026,4,757649-november-2026-zone-4-timetable.txt,IG,0607,62,6,2,Cambridge International Mathematics (Extended),2026-10-14,AM,1h 30m,2026-10-14T05:00Z
november-2026,4,757649-november-2026-zone-4-timetable.txt,AS,9702,22,2,2,Physics,2026-10-14,PM,1h 15m,2026-10-14T09:00Z
november-2026,4,757649-november-2026-zone-4-timetable.txt,OL,4024,22,2,2,Mathematics Syllabus D,2026-10-14,AM,2h,2026-10-14T05:00Z
november-2026,4,757649-november-2026-zone-4-timetable.txt,AL,9702,52,5,2,Physics,2026-10-14,PM,1h 15m,2026-10-14T09:00Z
november-2026,4,757649-november-2026-zone-4-timetable.txt,AS,9618,22,2,2,Computer Science,2026-10-14,AM,2h,2026-10-14T05:00Z
november-2026,4,757649-november-2026-zone-4-timetable.txt,IG,0653,32,3,2,Combined Science (Core),2026-10-15,AM,1h 15m,2026-10-15T05:00Z
november-2026,4,757649-november-2026-zone-4-timetable.txt,IG,0620,52,5,2,Chemistry (Practical),2026-10-15,PM,1h 15m,2026-10-15T09:00Z
november-2026,4,757649-november-2026-zone-4-timetable.txt,IG,0653,42,4,2,Combined Science (Extended),2026-10-15,AM,1h 15m,2026-10-15T05:00Z
november-2026,4,757649-november-2026-zone-4-timetable.txt,IG,0620,62,6,2,Chemistry (Alternative to Practical),2026-10-15,PM,1h,2026-10-15T09:00Z
november-2026,4,757649-november-2026-zone-4-timetable.txt,IG,0654,32,3,2,Co-ordinated Sciences (Double Award) (Core),2026-10-15,AM,2h,2026-10-15T05:00Z
november-2026,4,757649-november-2026-zone-4-timetable.txt,AL,9709,32,3,2,Mathematics (Pure Mathematics 3),2026-10-15,PM,1h 50m,2026-10-15T09:00Z
november-2026,4,757649-november-2026-zone-4-timetable.txt,IG,0654,42,4,2,Co-ordinated Sciences (Double Award) (Extended),2026-10-15,AM,2h,2026-10-15T05:00Z
november-2026,4,757649-november-2026-zone-4-timetable.txt,OL,5070,32,3,2,Chemistry (Practical),2026-10-15,AM,1h 30m,2026-10-15T05:00Z
november-2026,4,757649-november-2026-zone-4-timetable.txt,OL,5070,42,4,2,Chemistry (Alternative to Practical),2026-10-15,AM,1h,2026-10-15T05:00Z
november-2026,4,757649-november-2026-zone-4-timetable.txt,AS,9706,22,2,2,Accounting,2026-10-15,AM,1h 45m,2026-10-15T05:00Z
november-2026,4,757649-november-2026-zone-4-timetable.txt,AS,9990,22,2,2,Psychology,2026-10-15,AM,1h 30m,2026-10-15T05:00Z
november-2026,4,757649-november-2026-zone-4-timetable.txt,IG,0450,22,2,2,Business Studies,2026-10-16,AM,1h 30m,2026-10-16T05:00Z
november-2026,4,757649-november-2026-zone-4-timetable.txt,IG,0474,02,0,2,Literature in Spanish,2026-10-16,PM,2h,2026-10-16T09:00Z
november-2026,4,757649-november-2026-zone-4-timetable.txt,OL,7115,22,2,2,Business Studies,2026-10-16,AM,1h 30m,2026-10-16T05:00Z
november-2026,4,757649-november-2026-zone-4-timetable.txt,IG,0495,12,1,2,Sociology,2026-10-16,PM,2h,2026-10-16T09:00Z
november-2026,4,757649-november-2026-zone-4-timetable.txt,AS,8238,32,3,2,Chinese Language,2026-10-16,AM,1h 30m,2026-10-16T05:00Z
november-2026,4,757649-november-2026-zone-4-timetable.txt,IG,0610,32,3,2,Biology (Core),2026-10-16,PM,1h 15m,2026-10-16T09:00Z
november-2026,4,757649-november-2026-zone-4-timetable.txt,IG,0610,42,4,2,Biology (Extended),2026-10-16,PM,1h 15m,2026-10-16T09:00Z
november-2026,4,757649-november-2026-zone-4-timetable.txt,OL,2251,12,1,2,Sociology,2026-10-16,PM,2h,2026-10-16T09:00Z
november-2026,4,757649-november-2026-zone-4-timetable.txt,AS,9093,12,1,2,English Language,2026-10-16,PM,2h 15m,2026-10-16T09:00Z
november-2026,4,757649-november-2026-zone-4-timetable.txt,AL,9701,42,4,2,Chemistry,2026-10-16,PM,2h,2026-10-16T09:00Z
november-2026,4,757649-november-2026-zone-4-timetable.txt,IG,0470,42,4,2,History,2026-10-19,AM,1h,2026-10-19T05:00Z
november-2026,4,757649-november-2026-zone-4-timetable.txt,IG,0478,22,2,2,Computer Science,2026-10-19,PM,1h 45m,2026-10-19T09:00Z
november-2026,4,757649-november-2026-zone-4-timetable.txt,AS,9489,22,2,2,History,2026-10-19,AM,1h 45m,2026-10-19T05:00Z
november-2026,4,757649-november-2026-zone-4-timetable.txt,IG,0525,42,4,2,German,2026-10-19,PM,1h,2026-10-19T09:00Z
november-2026,4,757649-november-2026-zone-4-timetable.txt,AL,9609,42,4,2,Business,2026-10-19,AM,1h 15m,2026-10-19T05:00Z
november-2026,4,757649-november-2026-zone-4-timetable.txt,OL,2210,22,2,2,Computer Science,2026-10-19,PM,1h 45m,2026-10-19T09:00Z
november-2026,4,757649-november-2026-zone-4-timetable.txt,AS,9693,22,2,2,Marine Science,2026-10-19,PM,1h 45m,2026-10-19T09:00Z
november-2026,4,757649-november-2026-zone-4-timetable.txt,AL,9694,32,3,2,Thinking Skills,2026-10-19,PM,2h,2026-10-19T09:00Z
november-2026,4,757649-november-2026-zone-4-timetable.txt,IG,0625,52,5,2,Physics (Practical),2026-10-20,AM,1h 15m,2026-10-20T05:00Z
november-2026,4,757649-november-2026-zone-4-timetable.txt,IG,0455,22,2,2,Economics,2026-10-20,PM,2h 15m,2026-10-20T09:00Z
november-2026,4,757649-november-2026-zone-4-timetable.txt,IG,0625,62,6,2,Physics (Alternative to Practical),2026-10-20,AM,1h,2026-10-20T05:00Z
november-2026,4,757649-november-2026-zone-4-timetable.txt,OL,2281,22,2,2,Economics,2026-10-20,PM,2h 15m,2026-10-20T09:00Z
november-2026,4,757649-november-2026-zone-4-timetable.txt,IG,0654,62,6,2,Co-ordinated Sciences (Double Award) (Alternative to Practical),2026-10-20,AM,1h 30m,2026-10-20T05:00Z
november-2026,4,757649-november-2026-zone-4-timetable.txt,AS,9274,12,1,2,Classical Studies,2026-10-20,PM,1h 30m,2026-10-20T09:00Z
november-2026,4,757649-november-2026-zone-4-timetable.txt,OL,5054,32,3,2,Physics (Practical),2026-10-20,AM,1h 30m,2026-10-20T05:00Z
november-2026,4,757649-november-2026-zone-4-timetable.txt,AS,9487,02,0,2,Hinduism,2026-10-20,PM,1h 30m,2026-10-20T09:00Z
november-2026,4,757649-november-2026-zone-4-timetable.txt,OL,5054,42,4,2,Physics (Alternative to Practical),2026-10-20,AM,1h,2026-10-20T05:00Z
november-2026,4,757649-november-2026-zone-4-timetable.txt,AS,9700,22,2,2,Biology,2026-10-20,PM,1h 15m,2026-10-20T09:00Z
november-2026,4,757649-november-2026-zone-4-timetable.txt,OL,5129,32,3,2,Combined Science,2026-10-20,AM,1h,2026-10-20T05:00Z
november-2026,4,757649-november-2026-zone-4-timetable.txt,AL,9700,52,5,2,Biology,2026-10-20,PM,1h 15m,2026-10-20T09:00Z
november-2026,4,757649-november-2026-zone-4-timetable.txt,AS,9699,22,2,2,Sociology,2026-10-20,AM,1h 30m,2026-10-20T05:00Z
november-2026,4,757649-november-2026-zone-4-timetable.txt,IG,0653,52,5,2,Combined Science (Practical),2026-10-20,EV,1h 15m,2026-10-20T13:00Z
november-2026,4,757649-november-2026-zone-4-timetable.txt,AL,9618,32,3,2,Computer Science (Advanced),2026-10-20,AM,1h 30m,2026-10-20T05:00Z
november-2026,4,757649-november-2026-zone-4-timetable.txt,IG,0653,62,6,2,Combined Science (Alternative to Practical),2026-10-20,EV,1h,2026-10-20T13:00Z
november-2026,4,757649-november-2026-zone-4-timetable.txt,IG,0654,52,5,2,Co-ordinated Sciences (Double Award) (Practical),2026-10-20,EV,2h,2026-10-20T13:00Z
november-2026,4,757649-november-2026-zone-4-timetable.txt,,0460,12,1,2,English as a Second Language (Speaking Endorsement)                                                     IG    Geography,2026-10-21,PM,1h 45m,2026-10-21T09:00Z
november-2026,4,757649-november-2026-zone-4-timetable.txt,IG,0510,22,2,2,,2026-10-21,AM,50m,2026-10-21T05:00Z
november-2026,4,757649-november-2026-zone-4-timetable.txt,IG,0495,22,2,2,Sociology,2026-10-21,PM,1h 45m,2026-10-21T09:00Z
november-2026,4,757649-november-2026-zone-4-timetable.txt,IG,0511,22,2,2,English as a Second Language (Count-in Speaking) (Listening),2026-10-21,AM,50m,2026-10-21T05:00Z
november-2026,4,757649-november-2026-zone-4-timetable.txt,OL,2217,12,1,2,Geography,2026-10-21,PM,1h 45m,2026-10-21T09:00Z
november-2026,4,757649-november-2026-zone-4-timetable.txt,IG,0549,02,0,2,Hindi as a Second Language,2026-10-21,AM,45m,2026-10-21T05:00Z
november-2026,4,757649-november-2026-zone-4-timetable.txt,OL,2251,22,2,2,Sociology,2026-10-21,PM,1h 45m,2026-10-21T09:00Z
november-2026,4,757649-november-2026-zone-4-timetable.txt,AL,9706,32,3,2,Accounting,2026-10-21,AM,1h 30m,2026-10-21T05:00Z
november-2026,4,757649-november-2026-zone-4-timetable.txt,AS,8695,12,1,2,Language & Literature in English,2026-10-21,PM,2h,2026-10-21T09:00Z
november-2026,4,757649-november-2026-zone-4-timetable.txt,AL,9990,32,3,2,Psychology,2026-10-21,AM,1h 30m,2026-10-21T05:00Z
november-2026,4,757649-november-2026-zone-4-timetable.txt,AS,9093,22,2,2,English Language,2026-10-21,PM,2h,2026-10-21T09:00Z
november-2026,4,757649-november-2026-zone-4-timetable.txt,OL,7100,22,2,2,Commerce,2026-10-22,AM,2h,2026-10-22T05:00Z
november-2026,4,757649-november-2026-zone-4-timetable.txt,IG,0475,12,1,2,Literature in English,2026-10-22,PM,1h 30m,2026-10-22T09:00Z
november-2026,4,757649-november-2026-zone-4-timetable.txt,AL,9489,32,3,2,History,2026-10-22,AM,1h 15m,2026-10-22T05:00Z
november-2026,4,757649-november-2026-zone-4-timetable.txt,IG,0525,22,2,2,German,2026-10-22,PM,1h,2026-10-22T09:00Z
november-2026,4,757649-november-2026-zone-4-timetable.txt,OL,2010,12,1,2,Literature in English,2026-10-22,PM,1h 30m,2026-10-22T09:00Z
november-2026,4,757649-november-2026-zone-4-timetable.txt,AS,9274,22,2,2,Classical Studies,2026-10-22,PM,1h 30m,2026-10-22T09:00Z
november-2026,4,757649-november-2026-zone-4-timetable.txt,AS,9696,22,2,2,Geography (Core),2026-10-22,PM,1h 30m,2026-10-22T09:00Z
november-2026,4,757649-november-2026-zone-4-timetable.txt,AS,9702,34,3,4,Physics (Practical - Advanced),2026-10-22,PM,2h,2026-10-22T09:00Z
november-2026,4,757649-november-2026-zone-4-timetable.txt,IG,0470,22,2,2,History,2026-10-23,AM,1h 45m,2026-10-23T05:00Z
november-2026,4,757649-november-2026-zone-4-timetable.txt,IG,0445,12,1,2,Design & Technology,2026-10-23,PM,1h 15m,2026-10-23T09:00Z
november-2026,4,757649-november-2026-zone-4-timetable.txt,OL,2147,22,2,2,History,2026-10-23,AM,1h 45m,2026-10-23T05:00Z
november-2026,4,757649-november-2026-zone-4-timetable.txt,IG,0520,22,2,2,French,2026-10-23,PM,1h,2026-10-23T09:00Z
november-2026,4,757649-november-2026-zone-4-timetable.txt,AL,9231,22,2,2,Further Mathematics,2026-10-23,AM,2h,2026-10-23T05:00Z
november-2026,4,757649-november-2026-zone-4-timetable.txt,AS,9484,12,1,2,Biblical Studies,2026-10-23,PM,1h 30m,2026-10-23T09:00Z
november-2026,4,757649-november-2026-zone-4-timetable.txt,AS,9695,22,2,2,Literature in English,2026-10-23,PM,2h,2026-10-23T09:00Z
november-2026,4,757649-november-2026-zone-4-timetable.txt,AL,9700,42,4,2,Biology,2026-10-23,PM,2h,2026-10-23T09:00Z
november-2026,4,757649-november-2026-zone-4-timetable.txt,IG,0648,12,1,2,Food & Nutrition,2026-10-26,AM,2h,2026-10-26T05:00Z
november-2026,4,757649-november-2026-zone-4-timetable.txt,IG,0411,12,1,2,Drama,2026-10-26,PM,2h 30m,2026-10-26T09:00Z
november-2026,4,757649-november-2026-zone-4-timetable.txt,OL,6065,12,1,2,Food & Nutrition,2026-10-26,AM,2h,2026-10-26T05:00Z
november-2026,4,757649-november-2026-zone-4-timetable.txt,IG,0520,42,4,2,French,2026-10-26,PM,1h,2026-10-26T09:00Z
november-2026,4,757649-november-2026-zone-4-timetable.txt,AS,8680,22,2,2,Arabic Language,2026-10-26,AM,1h 45m,2026-10-26T05:00Z
november-2026,4,757649-november-2026-zone-4-timetable.txt,IG,0697,12,1,2,Marine Science,2026-10-26,PM,1h 45m,2026-10-26T09:00Z
november-2026,4,757649-november-2026-zone-4-timetable.txt,AL,9680,22,2,2,Arabic,2026-10-26,AM,1h 45m,2026-10-26T05:00Z
november-2026,4,757649-november-2026-zone-4-timetable.txt,OL,2068,12,1,2,Islamic Studies,2026-10-26,PM,1h 30m,2026-10-26T09:00Z
november-2026,4,757649-november-2026-zone-4-timetable.txt,AL,9680,52,5,2,Arabic,2026-10-26,AM,45m,2026-10-26T05:00Z
november-2026,4,757649-november-2026-zone-4-timetable.txt,AS,9484,22,2,2,Biblical Studies,2026-10-26,PM,1h 30m,2026-10-26T09:00Z
november-2026,4,757649-november-2026-zone-4-timetable.txt,AL,9686,02,0,2,Urdu,2026-10-26,AM,1h 45m,2026-10-26T05:00Z
november-2026,4,757649-november-2026-zone-4-timetable.txt,AL,9626,32,3,2,Information Technology (Advanced),2026-10-26,PM,1h 45m,2026-10-26T09:00Z
november-2026,4,757649-november-2026-zone-4-timetable.txt,AL,9699,32,3,2,Sociology,2026-10-26,AM,1h 15m,2026-10-26T05:00Z
november-2026,4,757649-november-2026-zone-4-timetable.txt,IG,0457,12,1,2,Global Perspectives,2026-10-27,AM,1h 25m,2026-10-27T05:00Z
november-2026,4,757649-november-2026-zone-4-timetable.txt,IG,0460,42,4,2,Geography,2026-10-27,PM,1h 30m,2026-10-27T09:00Z
november-2026,4,757649-november-2026-zone-4-timetable.txt,IG,0549,01,0,1,Hindi as a Second Language,2026-10-27,AM,2h,2026-10-27T05:00Z
november-2026,4,757649-november-2026-zone-4-timetable.txt,IG,0490,12,1,2,Religious Studies,2026-10-27,PM,1h 45m,2026-10-27T09:00Z
november-2026,4,757649-november-2026-zone-4-timetable.txt,OL,2217,32,3,2,Geography,2026-10-27,PM,1h 30m,2026-10-27T09:00Z
november-2026,4,757649-november-2026-zone-4-timetable.txt,AS,9701,34,3,4,Chemistry (Practical - Advanced),2026-10-27,PM,2h,2026-10-27T09:00Z
november-2026,4,757649-november-2026-zone-4-timetable.txt,AL,9487,03,0,3,Hinduism,2026-10-27,PM,1h 30m,2026-10-27T09:00Z
november-2026,4,757649-november-2026-zone-4-timetable.txt,AL,9693,32,3,2,Marine Science,2026-10-27,PM,1h 45m,2026-10-27T09:00Z
november-2026,4,757649-november-2026-zone-4-timetable.txt,IG,0530,22,2,2,Spanish,2026-10-28,AM,1h,2026-10-28T05:00Z
november-2026,4,757649-november-2026-zone-4-timetable.txt,IG,0408,22,2,2,World Literature,2026-10-28,PM,1h 15m,2026-10-28T09:00Z
november-2026,4,757649-november-2026-zone-4-timetable.txt,AL,9706,42,4,2,Accounting,2026-10-28,AM,1h,2026-10-28T05:00Z
november-2026,4,757649-november-2026-zone-4-timetable.txt,IG,0475,22,2,2,Literature in English,2026-10-28,PM,1h 30m,2026-10-28T09:00Z
november-2026,4,757649-november-2026-zone-4-timetable.txt,IG,0475,32,3,2,Literature in English,2026-10-28,PM,45m,2026-10-28T09:00Z
november-2026,4,757649-november-2026-zone-4-timetable.txt,IG,0475,42,4,2,Literature in English,2026-10-28,PM,1h 15m,2026-10-28T09:00Z
november-2026,4,757649-november-2026-zone-4-timetable.txt,IG,0697,22,2,2,Marine Science,2026-10-28,PM,1h 45m,2026-10-28T09:00Z
november-2026,4,757649-november-2026-zone-4-timetable.txt,OL,2010,22,2,2,Literature in English,2026-10-28,PM,1h 30m,2026-10-28T09:00Z
november-2026,4,757649-november-2026-zone-4-timetable.txt,AL,9694,42,4,2,Thinking Skills,2026-10-28,PM,1h 45m,2026-10-28T09:00Z
november-2026,4,757649-november-2026-zone-4-timetable.txt,AL,9695,32,3,2,Literature in English,2026-10-28,PM,2h,2026-10-28T09:00Z
november-2026,4,757649-november-2026-zone-4-timetable.txt,AL,9489,42,4,2,History,2026-10-29,AM,1h 45m,2026-10-29T05:00Z
november-2026,4,757649-november-2026-zone-4-timetable.txt,IG,0410,12,1,2,Music (Listening),2026-10-29,PM,1h 15m,2026-10-29T09:00Z
november-2026,4,757649-november-2026-zone-4-timetable.txt,AS,9700,34,3,4,Biology (Practical - Advanced),2026-10-29,PM,2h,2026-10-29T09:00Z
november-2026,4,757649-november-2026-zone-4-timetable.txt,AL,9274,32,3,2,Classical Studies,2026-10-29,PM,1h 30m,2026-10-29T09:00Z
november-2026,4,757649-november-2026-zone-4-timetable.txt,AL,9693,42,4,2,Marine Science,2026-10-29,PM,1h 45m,2026-10-29T09:00Z
november-2026,4,757649-november-2026-zone-4-timetable.txt,IG,0530,42,4,2,Spanish,2026-10-30,AM,1h,2026-10-30T05:00Z
november-2026,4,757649-november-2026-zone-4-timetable.txt,IG,0445,32,3,2,Design & Technology,2026-10-30,PM,1h,2026-10-30T09:00Z
november-2026,4,757649-november-2026-zone-4-timetable.txt,AS,9231,42,4,2,Further Mathematics,2026-10-30,AM,1h 30m,2026-10-30T05:00Z
november-2026,4,757649-november-2026-zone-4-timetable.txt,IG,0445,42,4,2,Design & Technology,2026-10-30,PM,1h,2026-10-30T09:00Z
november-2026,4,757649-november-2026-zone-4-timetable.txt,IG,0445,52,5,2,Design & Technology,2026-10-30,PM,1h,2026-10-30T09:00Z
november-2026,4,757649-november-2026-zone-4-timetable.txt,OL,2068,22,2,2,Islamic Studies,2026-10-30,PM,1h 30m,2026-10-30T09:00Z
november-2026,4,757649-november-2026-zone-4-timetable.txt,AL,9093,32,3,2,English Language,2026-10-30,PM,2h 15m,2026-10-30T09:00Z
november-2026,4,757649-november-2026-zone-4-timetable.txt,AL,9696,32,3,2,Geography (Advanced),2026-10-30,PM,1h 30m,2026-10-30T09:00Z
november-2026,4,757649-november-2026-zone-4-timetable.txt,AL,9844,22,2,2,Spanish Language & Literature,2026-10-30,PM,2h,2026-10-30T09:00Z
november-2026,4,757649-november-2026-zone-4-timetable.txt,AL,9990,42,4,2,Psychology,2026-11-02,AM,1h 30m,2026-11-02T05:00Z
november-2026,4,757649-november-2026-zone-4-timetable.txt,IG,0490,22,2,2,Religious Studies,2026-11-02,PM,1h 45m,2026-11-02T09:00Z
november-2026,4,757649-november-2026-zone-4-timetable.txt,AS,8022,32,3,2,Spanish Language,2026-11-02,PM,1h 30m,2026-11-02T09:00Z
november-2026,4,757649-november-2026-zone-4-timetable.txt,AS,8027,12,1,2,German Language (Listening - Multiple Choice),2026-11-02,PM,1h,2026-11-02T09:00Z
november-2026,4,757649-november-2026-zone-4-timetable.txt,AS,9483,12,1,2,Music (Listening),2026-11-02,PM,2h,2026-11-02T09:00Z
november-2026,4,757649-november-2026-zone-4-timetable.txt,AL,9844,32,3,2,Spanish Language & Literature,2026-11-02,PM,2h,2026-11-02T09:00Z
november-2026,4,757649-november-2026-zone-4-timetable.txt,AS,9607,02,0,2,Media Studies,2026-11-02,EV,2h,2026-11-02T13:00Z
november-2026,4,757649-november-2026-zone-4-timetable.txt,AS,9706,12,1,2,Accounting (Multiple Choice),2026-11-03,AM,1h,2026-11-03T05:00Z
november-2026,4,757649-november-2026-zone-4-timetable.txt,IG,0520,12,1,2,French (Listening - Multiple Choice),2026-11-03,PM,50m,2026-11-03T09:00Z
november-2026,4,757649-november-2026-zone-4-timetable.txt,AS,8386,12,1,2,Sport & Physical Education,2026-11-03,PM,1h 45m,2026-11-03T09:00Z
november-2026,4,757649-november-2026-zone-4-timetable.txt,AL,9695,42,4,2,Literature in English,2026-11-03,PM,2h,2026-11-03T09:00Z
november-2026,4,757649-november-2026-zone-4-timetable.txt,AL,9696,42,4,2,Geography (Advanced),2026-11-03,PM,1h 30m,2026-11-03T09:00Z
november-2026,4,757649-november-2026-zone-4-timetable.txt,AS,8238,12,1,2,Chinese Language (Listening - Multiple Choice),2026-11-04,AM,1h,2026-11-04T05:00Z
november-2026,4,757649-november-2026-zone-4-timetable.txt,IG,0455,12,1,2,Economics (Multiple Choice),2026-11-04,PM,45m,2026-11-04T09:00Z
november-2026,4,757649-november-2026-zone-4-timetable.txt,AL,9699,42,4,2,Sociology,2026-11-04,AM,1h 45m,2026-11-04T05:00Z
november-2026,4,757649-november-2026-zone-4-timetable.txt,OL,2281,12,1,2,Economics (Multiple Choice),2026-11-04,PM,45m,2026-11-04T09:00Z
november-2026,4,757649-november-2026-zone-4-timetable.txt,AS,8028,12,1,2,French Language (Listening - Multiple Choice),2026-11-04,PM,1h,2026-11-04T09:00Z
november-2026,4,757649-november-2026-zone-4-timetable.txt,AS,9705,12,1,2,Design & Technology,2026-11-04,PM,2h 15m,2026-11-04T09:00Z
november-2026,4,757649-november-2026-zone-4-timetable.txt,AL,9093,42,4,2,English Language,2026-11-04,PM,2h 15m,2026-11-04T09:00Z
november-2026,4,757649-november-2026-zone-4-timetable.txt,IG,0625,12,1,2,Physics (Multiple Choice - Core),2026-11-05,AM,45m,2026-11-05T05:00Z
november-2026,4,757649-november-2026-zone-4-timetable.txt,IG,0408,32,3,2,World Literature,2026-11-05,PM,1h 30m,2026-11-05T09:00Z
november-2026,4,757649-november-2026-zone-4-timetable.txt,IG,0625,22,2,2,Physics (Multiple Choice - Extended),2026-11-05,AM,45m,2026-11-05T05:00Z
november-2026,4,757649-november-2026-zone-4-timetable.txt,AS,8022,12,1,2,Spanish Language (Listening - Multiple Choice),2026-11-05,PM,1h,2026-11-05T09:00Z
november-2026,4,757649-november-2026-zone-4-timetable.txt,IG,0653,12,1,2,Combined Science (Multiple Choice - Core),2026-11-05,AM,45m,2026-11-05T05:00Z
november-2026,4,757649-november-2026-zone-4-timetable.txt,AL,9484,32,3,2,Biblical Studies,2026-11-05,PM,1h 30m,2026-11-05T09:00Z
november-2026,4,757649-november-2026-zone-4-timetable.txt,IG,0653,22,2,2,Combined Science (Multiple Choice - Extended),2026-11-05,AM,45m,2026-11-05T05:00Z
november-2026,4,757649-november-2026-zone-4-timetable.txt,AL,9487,04,0,4,Hinduism,2026-11-05,PM,1h 30m,2026-11-05T09:00Z
november-2026,4,757649-november-2026-zone-4-timetable.txt,IG,0654,12,1,2,Co-ordinated Sciences (Double Award) (Multiple Choice - Core),2026-11-05,AM,45m,2026-11-05T05:00Z
november-2026,4,757649-november-2026-zone-4-timetable.txt,AL,9844,12,1,2,Spanish Language & Literature (Multiple Choice),2026-11-05,PM,1h 30m,2026-11-05T09:00Z
november-2026,4,757649-november-2026-zone-4-timetable.txt,,9868,12,1,2,Co-ordinated Sciences (Double Award) (Multiple Choice -                                                 AL    Chinese Language & Literature (Multiple Choice),2026-11-05,PM,1h 30m,2026-11-05T09:00Z
november-2026,4,757649-november-2026-zone-4-timetable.txt,IG,0654,22,2,2,,2026-11-05,AM,45m,2026-11-05T05:00Z
november-2026,4,757649-november-2026-zone-4-timetable.txt,OL,5054,12,1,2,Physics (Multiple Choice),2026-11-05,AM,1h,2026-11-05T05:00Z
november-2026,4,757649-november-2026-zone-4-timetable.txt,OL,5129,12,1,2,Combined Science (Multiple Choice),2026-11-05,AM,1h,2026-11-05T05:00Z
november-2026,4,757649-november-2026-zone-4-timetable.txt,AS,9708,12,1,2,Economics (Multiple Choice),2026-11-05,AM,1h,2026-11-05T05:00Z
november-2026,4,757649-november-2026-zone-4-timetable.txt,AL,9607,04,0,4,Media Studies,2026-11-05,AM,2h,2026-11-05T05:00Z
november-2026,4,757649-november-2026-zone-4-timetable.txt,IG,0530,12,1,2,Spanish (Listening - Multiple Choice),2026-11-06,AM,50m,2026-11-06T05:00Z
november-2026,4,757649-november-2026-zone-4-timetable.txt,IG,0452,12,1,2,Accounting (Multiple Choice),2026-11-06,PM,1h 15m,2026-11-06T09:00Z
november-2026,4,757649-november-2026-zone-4-timetable.txt,AS,8238,22,2,2,Chinese Language (Multiple Choice),2026-11-06,AM,1h 30m,2026-11-06T05:00Z
november-2026,4,757649-november-2026-zone-4-timetable.txt,OL,7707,12,1,2,Accounting (Multiple Choice),2026-11-06,PM,1h 15m,2026-11-06T09:00Z
november-2026,4,757649-november-2026-zone-4-timetable.txt,AS,9482,12,1,2,Drama,2026-11-06,PM,2h,2026-11-06T09:00Z
november-2026,4,757649-november-2026-zone-4-timetable.txt,AL,9274,42,4,2,Classical Studies,2026-11-06,PM,1h 30m,2026-11-06T09:00Z
november-2026,4,757649-november-2026-zone-4-timetable.txt,AL,9705,32,3,2,Design & Technology,2026-11-06,PM,2h 30m,2026-11-06T09:00Z
november-2026,4,757649-november-2026-zone-4-timetable.txt,AS,8022,22,2,2,Spanish Language (Multiple Choice),2026-11-09,PM,1h 30m,2026-11-09T09:00Z
november-2026,4,757649-november-2026-zone-4-timetable.txt,AL,9484,42,4,2,Biblical Studies,2026-11-09,PM,1h 30m,2026-11-09T09:00Z
november-2026,4,757649-november-2026-zone-4-timetable.txt,OL,5090,12,1,2,Biology (Multiple Choice),2026-11-10,AM,1h,2026-11-10T05:00Z
november-2026,4,757649-november-2026-zone-4-timetable.txt,IG,0610,12,1,2,Biology (Multiple Choice - Core),2026-11-10,PM,45m,2026-11-10T09:00Z
november-2026,4,757649-november-2026-zone-4-timetable.txt,IG,0610,22,2,2,Biology (Multiple Choice - Extended),2026-11-10,PM,45m,2026-11-10T09:00Z
november-2026,4,757649-november-2026-zone-4-timetable.txt,AS,8027,22,2,2,German Language (Multiple Choice),2026-11-10,PM,1h 30m,2026-11-10T09:00Z
november-2026,4,757649-november-2026-zone-4-timetable.txt,AS,9702,12,1,2,Physics (Multiple Choice),2026-11-10,PM,1h 15m,2026-11-10T09:00Z
november-2026,4,757649-november-2026-zone-4-timetable.txt,AL,9897,12,1,2,German Language & Literature (Multiple Choice),2026-11-10,PM,1h 30m,2026-11-10T09:00Z
november-2026,4,757649-november-2026-zone-4-timetable.txt,OL,7100,12,1,2,Commerce (Multiple Choice),2026-11-11,AM,1h,2026-11-11T05:00Z
november-2026,4,757649-november-2026-zone-4-timetable.txt,IG,0525,12,1,2,German (Listening - Multiple Choice),2026-11-11,PM,50m,2026-11-11T09:00Z
november-2026,4,757649-november-2026-zone-4-timetable.txt,AL,9708,32,3,2,Economics (Multiple Choice),2026-11-11,AM,1h 15m,2026-11-11T05:00Z
november-2026,4,757649-november-2026-zone-4-timetable.txt,AS,8028,22,2,2,French Language (Multiple Choice),2026-11-11,PM,1h 30m,2026-11-11T09:00Z
november-2026,4,757649-november-2026-zone-4-timetable.txt,OL,5070,12,1,2,Chemistry (Multiple Choice),2026-11-12,AM,1h,2026-11-12T05:00Z
november-2026,4,757649-november-2026-zone-4-timetable.txt,IG,0620,12,1,2,Chemistry (Multiple Choice - Core),2026-11-12,PM,45m,2026-11-12T09:00Z
november-2026,4,757649-november-2026-zone-4-timetable.txt,IG,0620,22,2,2,Chemistry (Multiple Choice - Extended),2026-11-12,PM,45m,2026-11-12T09:00Z
november-2026,4,757649-november-2026-zone-4-timetable.txt,AS,9700,12,1,2,Biology (Multiple Choice),2026-11-12,PM,1h 15m,2026-11-12T09:00Z
november-2026,4,757649-november-2026-zone-4-timetable.txt,AS,9701,12,1,2,Chemistry (Multiple Choice),2026-11-13,PM,1h 15m,2026-11-13T09:00Z
november-2026,5,757650-november-2026-zone-5-timetable.txt,AL,9868,33,3,3,Chinese Language & Literature,2026-09-28,AM,2h,2026-09-28T01:00Z
november-2026,5,757650-november-2026-zone-5-timetable.txt,IG,0493,12,1,2,Islamiyat,2026-09-28,PM,1h 30m,2026-09-28T05:00Z
november-2026,5,757650-november-2026-zone-5-timetable.txt,IG,0680,12,1,2,Environmental Management,2026-09-28,PM,1h 45m,2026-09-28T05:00Z
november-2026,5,757650-november-2026-zone-5-timetable.txt,OL,2058,12,1,2,Islamiyat,2026-09-28,PM,1h 30m,2026-09-28T05:00Z
november-2026,5,757650-november-2026-zone-5-timetable.txt,OL,5070,22,2,2,Chemistry,2026-09-28,PM,1h 45m,2026-09-28T05:00Z
november-2026,5,757650-november-2026-zone-5-timetable.txt,AS,8021,12,1,2,English General Paper,2026-09-28,PM,1h 15m,2026-09-28T05:00Z
november-2026,5,757650-november-2026-zone-5-timetable.txt,AS,9084,12,1,2,Law,2026-09-28,PM,1h 30m,2026-09-28T05:00Z
november-2026,5,757650-november-2026-zone-5-timetable.txt,AS,9239,12,1,2,Global Perspectives & Research,2026-09-28,PM,1h 30m,2026-09-28T05:00Z
november-2026,5,757650-november-2026-zone-5-timetable.txt,IG,0502,13,1,3,First Language Spanish,2026-09-28,EV,2h,2026-09-28T09:00Z
november-2026,5,757650-november-2026-zone-5-timetable.txt,AS,9694,13,1,3,Thinking Skills,2026-09-28,EV,1h 30m,2026-09-28T09:00Z
november-2026,5,757650-november-2026-zone-5-timetable.txt,IG,0698,01,0,1,First Language Setswana,2026-09-29,AM,2h,2026-09-29T01:00Z
november-2026,5,757650-november-2026-zone-5-timetable.txt,IG,0510,12,1,2,English as a Second Language (Speaking Endorsement),2026-09-29,PM,2h,2026-09-29T05:00Z
november-2026,5,757650-november-2026-zone-5-timetable.txt,AS,8679,03,0,3,Afrikaans Language,2026-09-29,AM,1h 30m,2026-09-29T01:00Z
november-2026,5,757650-november-2026-zone-5-timetable.txt,IG,0511,12,1,2,English as a Second Language (Count-in Speaking),2026-09-29,PM,2h,2026-09-29T05:00Z
november-2026,5,757650-november-2026-zone-5-timetable.txt,AS,9701,35,3,5,Chemistry (Practical - Advanced),2026-09-29,AM,2h,2026-09-29T01:00Z
november-2026,5,757650-november-2026-zone-5-timetable.txt,IG,0607,12,1,2,Cambridge International Mathematics (Core),2026-09-29,PM,1h 15m,2026-09-29T05:00Z
november-2026,5,757650-november-2026-zone-5-timetable.txt,IG,0607,22,2,2,Cambridge International Mathematics (Extended),2026-09-29,PM,1h 30m,2026-09-29T05:00Z
november-2026,5,757650-november-2026-zone-5-timetable.txt,OL,1123,12,1,2,English Language,2026-09-29,PM,2h,2026-09-29T05:00Z
november-2026,5,757650-november-2026-zone-5-timetable.txt,IG,0471,13,1,3,Travel & Tourism,2026-09-30,AM,1h 30m,2026-09-30T01:00Z
november-2026,5,757650-november-2026-zone-5-timetable.txt,IG,0493,22,2,2,Islamiyat,2026-09-30,PM,1h 30m,2026-09-30T05:00Z
november-2026,5,757650-november-2026-zone-5-timetable.txt,IG,0474,01,0,1,Literature in Spanish,2026-09-30,AM,1h 30m,2026-09-30T01:00Z
november-2026,5,757650-november-2026-zone-5-timetable.txt,IG,0680,22,2,2,Environmental Management,2026-09-30,PM,1h 45m,2026-09-30T05:00Z
november-2026,5,757650-november-2026-zone-5-timetable.txt,IG,0606,13,1,3,Additional Mathematics,2026-09-30,AM,2h,2026-09-30T01:00Z
november-2026,5,757650-november-2026-zone-5-timetable.txt,OL,2058,22,2,2,Islamiyat,2026-09-30,PM,1h 30m,2026-09-30T05:00Z
november-2026,5,757650-november-2026-zone-5-timetable.txt,OL,4037,13,1,3,Additional Mathematics,2026-09-30,AM,2h,2026-09-30T01:00Z
november-2026,5,757650-november-2026-zone-5-timetable.txt,AS,8021,22,2,2,English General Paper,2026-09-30,PM,1h 45m,2026-09-30T05:00Z
november-2026,5,757650-november-2026-zone-5-timetable.txt,AS,8027,33,3,3,German Language,2026-09-30,AM,1h 30m,2026-09-30T01:00Z
november-2026,5,757650-november-2026-zone-5-timetable.txt,AS,8291,13,1,3,Environmental Management,2026-09-30,EV,1h 45m,2026-09-30T09:00Z
november-2026,5,757650-november-2026-zone-5-timetable.txt,AS,8028,33,3,3,French Language,2026-09-30,AM,1h 30m,2026-09-30T01:00Z
november-2026,5,757650-november-2026-zone-5-timetable.txt,AS,9694,23,2,3,Thinking Skills,2026-09-30,EV,1h 45m,2026-09-30T09:00Z
november-2026,5,757650-november-2026-zone-5-timetable.txt,AS,9395,13,1,3,Travel & Tourism,2026-09-30,AM,2h,2026-09-30T01:00Z
november-2026,5,757650-november-2026-zone-5-timetable.txt,AL,9897,23,2,3,German Language & Literature,2026-09-30,EV,2h,2026-09-30T09:00Z
november-2026,5,757650-november-2026-zone-5-timetable.txt,OL,5090,22,2,2,Biology,2026-10-01,PM,1h 45m,2026-10-01T05:00Z
november-2026,5,757650-november-2026-zone-5-timetable.txt,AS,9084,22,2,2,Law,2026-10-02,PM,1h 30m,2026-10-02T05:00Z
november-2026,5,757650-november-2026-zone-5-timetable.txt,AS,8291,23,2,3,Environmental Management,2026-10-02,EV,1h 45m,2026-10-02T09:00Z
november-2026,5,757650-november-2026-zone-5-timetable.txt,AL,9897,33,3,3,German Language & Literature,2026-10-02,EV,2h,2026-10-02T09:00Z
november-2026,5,757650-november-2026-zone-5-timetable.txt,AS,8679,02,0,2,Afrikaans Language,2026-10-03,AM,1h 45m,2026-10-03T01:00Z
november-2026,5,757650-november-2026-zone-5-timetable.txt,IG,0454,13,1,3,Enterprise,2026-10-05,AM,1h 30m,2026-10-05T01:00Z
november-2026,5,757650-november-2026-zone-5-timetable.txt,OL,1123,22,2,2,English Language,2026-10-05,PM,2h,2026-10-05T05:00Z
november-2026,5,757650-november-2026-zone-5-timetable.txt,AS,9626,13,1,3,Information Technology,2026-10-05,AM,1h 45m,2026-10-05T01:00Z
november-2026,5,757650-november-2026-zone-5-timetable.txt,AS,9609,12,1,2,Business,2026-10-05,PM,1h 15m,2026-10-05T05:00Z
november-2026,5,757650-november-2026-zone-5-timetable.txt,AL,9395,33,3,3,Travel & Tourism,2026-10-05,AM,1h 30m,2026-10-05T01:00Z
november-2026,5,757650-november-2026-zone-5-timetable.txt,IG,0471,23,2,3,Travel & Tourism,2026-10-06,AM,2h,2026-10-06T01:00Z
november-2026,5,757650-november-2026-zone-5-timetable.txt,IG,0450,12,1,2,Business Studies,2026-10-06,PM,1h 30m,2026-10-06T05:00Z
november-2026,5,757650-november-2026-zone-5-timetable.txt,IG,0606,23,2,3,Additional Mathematics,2026-10-06,AM,2h,2026-10-06T01:00Z
november-2026,5,757650-november-2026-zone-5-timetable.txt,OL,7115,12,1,2,Business Studies,2026-10-06,PM,1h 30m,2026-10-06T05:00Z
november-2026,5,757650-november-2026-zone-5-timetable.txt,OL,4037,23,2,3,Additional Mathematics,2026-10-06,AM,2h,2026-10-06T01:00Z
november-2026,5,757650-november-2026-zone-5-timetable.txt,AS,9708,22,2,2,Economics,2026-10-06,PM,2h,2026-10-06T05:00Z
november-2026,5,757650-november-2026-zone-5-timetable.txt,AS,9700,35,3,5,Biology (Practical - Advanced),2026-10-06,AM,2h,2026-10-06T01:00Z
november-2026,5,757650-november-2026-zone-5-timetable.txt,AL,9084,32,3,2,Law,2026-10-06,PM,1h 30m,2026-10-06T05:00Z
november-2026,5,757650-november-2026-zone-5-timetable.txt,AL,9395,43,4,3,Travel & Tourism,2026-10-07,AM,1h 30m,2026-10-07T01:00Z
november-2026,5,757650-november-2026-zone-5-timetable.txt,IG,0625,32,3,2,Physics (Core),2026-10-07,PM,1h 15m,2026-10-07T05:00Z
november-2026,5,757650-november-2026-zone-5-timetable.txt,IG,0625,42,4,2,Physics (Extended),2026-10-07,PM,1h 15m,2026-10-07T05:00Z
november-2026,5,757650-november-2026-zone-5-timetable.txt,OL,5054,22,2,2,Physics,2026-10-07,PM,1h 45m,2026-10-07T05:00Z
november-2026,5,757650-november-2026-zone-5-timetable.txt,OL,5129,22,2,2,Combined Science,2026-10-07,PM,1h 45m,2026-10-07T05:00Z
november-2026,5,757650-november-2026-zone-5-timetable.txt,AS,9231,12,1,2,Further Mathematics,2026-10-07,PM,2h,2026-10-07T05:00Z
november-2026,5,757650-november-2026-zone-5-timetable.txt,AS,9699,12,1,2,Sociology,2026-10-07,PM,1h 30m,2026-10-07T05:00Z
november-2026,5,757650-november-2026-zone-5-timetable.txt,OL,4040,13,1,3,Statistics,2026-10-07,EV,2h 15m,2026-10-07T09:00Z
november-2026,5,757650-november-2026-zone-5-timetable.txt,AS,9702,35,3,5,Physics (Practical - Advanced),2026-10-08,AM,2h,2026-10-08T01:00Z
november-2026,5,757650-november-2026-zone-5-timetable.txt,IG,0580,12,1,2,Mathematics (Without Coursework) (Core),2026-10-08,PM,1h 30m,2026-10-08T05:00Z
november-2026,5,757650-november-2026-zone-5-timetable.txt,IG,0580,22,2,2,Mathematics (Without Coursework) (Extended),2026-10-08,PM,2h,2026-10-08T05:00Z
november-2026,5,757650-november-2026-zone-5-timetable.txt,IG,0607,32,3,2,Cambridge International Mathematics (Core),2026-10-08,PM,1h 15m,2026-10-08T05:00Z
november-2026,5,757650-november-2026-zone-5-timetable.txt,IG,0607,42,4,2,Cambridge International Mathematics (Extended),2026-10-08,PM,1h 30m,2026-10-08T05:00Z
november-2026,5,757650-november-2026-zone-5-timetable.txt,OL,4024,12,1,2,Mathematics Syllabus D,2026-10-08,PM,2h,2026-10-08T05:00Z
november-2026,5,757650-november-2026-zone-5-timetable.txt,AS,9609,22,2,2,Business,2026-10-08,PM,1h 30m,2026-10-08T05:00Z
november-2026,5,757650-november-2026-zone-5-timetable.txt,AL,9084,42,4,2,Law,2026-10-08,PM,1h 30m,2026-10-08T05:00Z
november-2026,5,757650-november-2026-zone-5-timetable.txt,IG,0502,23,2,3,First Language Spanish,2026-10-08,EV,2h,2026-10-08T09:00Z
november-2026,5,757650-november-2026-zone-5-timetable.txt,IG,0470,12,1,2,History,2026-10-09,PM,2h,2026-10-09T05:00Z
november-2026,5,757650-november-2026-zone-5-timetable.txt,OL,2147,12,1,2,History,2026-10-09,PM,2h,2026-10-09T05:00Z
november-2026,5,757650-november-2026-zone-5-timetable.txt,AS,9231,32,3,2,Further Mathematics,2026-10-09,PM,1h 30m,2026-10-09T05:00Z
november-2026,5,757650-november-2026-zone-5-timetable.txt,AS,9618,12,1,2,Computer Science,2026-10-09,PM,1h 30m,2026-10-09T05:00Z
november-2026,5,757650-november-2026-zone-5-timetable.txt,IG,0620,33,3,3,Chemistry (Core),2026-10-12,AM,1h 15m,2026-10-12T01:00Z
november-2026,5,757650-november-2026-zone-5-timetable.txt,IG,0600,12,1,2,Agriculture,2026-10-12,PM,1h 45m,2026-10-12T05:00Z
november-2026,5,757650-november-2026-zone-5-timetable.txt,IG,0620,43,4,3,Chemistry (Extended),2026-10-12,AM,1h 15m,2026-10-12T01:00Z
november-2026,5,757650-november-2026-zone-5-timetable.txt,OL,5038,12,1,2,Agriculture,2026-10-12,PM,1h 45m,2026-10-12T05:00Z
november-2026,5,757650-november-2026-zone-5-timetable.txt,AS,8695,23,2,3,Language & Literature in English,2026-10-12,AM,2h,2026-10-12T01:00Z
november-2026,5,757650-november-2026-zone-5-timetable.txt,AS,9990,12,1,2,Psychology,2026-10-12,PM,1h 30m,2026-10-12T05:00Z
november-2026,5,757650-november-2026-zone-5-timetable.txt,AS,9695,13,1,3,Literature in English,2026-10-12,AM,2h,2026-10-12T01:00Z
november-2026,5,757650-november-2026-zone-5-timetable.txt,AL,9609,32,3,2,Business,2026-10-12,PM,1h 45m,2026-10-12T05:00Z
november-2026,5,757650-november-2026-zone-5-timetable.txt,AL,9702,43,4,3,Physics,2026-10-12,AM,2h,2026-10-12T01:00Z
november-2026,5,757650-november-2026-zone-5-timetable.txt,OL,4040,23,2,3,Statistics,2026-10-12,EV,2h 15m,2026-10-12T09:00Z
november-2026,5,757650-november-2026-zone-5-timetable.txt,AL,9868,23,2,3,Chinese Language & Literature,2026-10-12,AM,2h,2026-10-12T01:00Z
november-2026,5,757650-november-2026-zone-5-timetable.txt,IG,0452,23,2,3,Accounting,2026-10-13,AM,1h 45m,2026-10-13T01:00Z
november-2026,5,757650-november-2026-zone-5-timetable.txt,IG,0413,12,1,2,Physical Education,2026-10-13,PM,1h 45m,2026-10-13T05:00Z
november-2026,5,757650-november-2026-zone-5-timetable.txt,IG,0610,53,5,3,Biology (Practical),2026-10-13,AM,1h 15m,2026-10-13T01:00Z
november-2026,5,757650-november-2026-zone-5-timetable.txt,IG,0417,12,1,2,Information & Communication Technology,2026-10-13,PM,1h 30m,2026-10-13T05:00Z
november-2026,5,757650-november-2026-zone-5-timetable.txt,IG,0610,63,6,3,Biology (Alternative to Practical),2026-10-13,AM,1h,2026-10-13T01:00Z
november-2026,5,757650-november-2026-zone-5-timetable.txt,OL,5090,32,3,2,Biology (Practical),2026-10-13,PM,1h 30m,2026-10-13T05:00Z
november-2026,5,757650-november-2026-zone-5-timetable.txt,OL,7707,23,2,3,Accounting,2026-10-13,AM,1h 45m,2026-10-13T01:00Z
november-2026,5,757650-november-2026-zone-5-timetable.txt,OL,5090,42,4,2,Biology (Alternative to Practical),2026-10-13,PM,1h,2026-10-13T05:00Z
november-2026,5,757650-november-2026-zone-5-timetable.txt,AS,9709,13,1,3,Mathematics (Pure Mathematics 1),2026-10-13,AM,1h 50m,2026-10-13T01:00Z
november-2026,5,757650-november-2026-zone-5-timetable.txt,AS,9489,12,1,2,History,2026-10-13,PM,1h 15m,2026-10-13T05:00Z
november-2026,5,757650-november-2026-zone-5-timetable.txt,AL,9708,42,4,2,Economics,2026-10-13,PM,2h,2026-10-13T05:00Z
november-2026,5,757650-november-2026-zone-5-timetable.txt,IG,0460,23,2,3,Geography,2026-10-14,AM,1h 30m,2026-10-14T01:00Z
november-2026,5,757650-november-2026-zone-5-timetable.txt,IG,0580,32,3,2,Mathematics (Without Coursework) (Core),2026-10-14,PM,1h 30m,2026-10-14T05:00Z
november-2026,5,757650-november-2026-zone-5-timetable.txt,IG,0478,13,1,3,Computer Science,2026-10-14,AM,1h 45m,2026-10-14T01:00Z
november-2026,5,757650-november-2026-zone-5-timetable.txt,IG,0580,42,4,2,Mathematics (Without Coursework) (Extended),2026-10-14,PM,2h,2026-10-14T05:00Z
november-2026,5,757650-november-2026-zone-5-timetable.txt,IG,0698,02,0,2,First Language Setswana,2026-10-14,AM,2h,2026-10-14T01:00Z
november-2026,5,757650-november-2026-zone-5-timetable.txt,IG,0607,52,5,2,Cambridge International Mathematics (Core),2026-10-14,PM,1h 15m,2026-10-14T05:00Z
november-2026,5,757650-november-2026-zone-5-timetable.txt,OL,2210,13,1,3,Computer Science,2026-10-14,AM,1h 45m,2026-10-14T01:00Z
november-2026,5,757650-november-2026-zone-5-timetable.txt,IG,0607,62,6,2,Cambridge International Mathematics (Extended),2026-10-14,PM,1h 30m,2026-10-14T05:00Z
november-2026,5,757650-november-2026-zone-5-timetable.txt,AS,9693,13,1,3,Marine Science,2026-10-14,AM,1h 45m,2026-10-14T01:00Z
november-2026,5,757650-november-2026-zone-5-timetable.txt,OL,4024,22,2,2,Mathematics Syllabus D,2026-10-14,PM,2h,2026-10-14T05:00Z
november-2026,5,757650-november-2026-zone-5-timetable.txt,AS,9702,23,2,3,Physics,2026-10-14,AM,1h 15m,2026-10-14T01:00Z
november-2026,5,757650-november-2026-zone-5-timetable.txt,AS,9618,22,2,2,Computer Science,2026-10-14,PM,2h,2026-10-14T05:00Z
november-2026,5,757650-november-2026-zone-5-timetable.txt,AL,9702,53,5,3,Physics,2026-10-14,AM,1h 15m,2026-10-14T01:00Z
november-2026,5,757650-november-2026-zone-5-timetable.txt,IG,0620,53,5,3,Chemistry (Practical),2026-10-15,AM,1h 15m,2026-10-15T01:00Z
november-2026,5,757650-november-2026-zone-5-timetable.txt,IG,0653,32,3,2,Combined Science (Core),2026-10-15,PM,1h 15m,2026-10-15T05:00Z
november-2026,5,757650-november-2026-zone-5-timetable.txt,IG,0620,63,6,3,Chemistry (Alternative to Practical),2026-10-15,AM,1h,2026-10-15T01:00Z
november-2026,5,757650-november-2026-zone-5-timetable.txt,IG,0653,42,4,2,Combined Science (Extended),2026-10-15,PM,1h 15m,2026-10-15T05:00Z
november-2026,5,757650-november-2026-zone-5-timetable.txt,AS,9709,53,5,3,Mathematics (Probability & Statistics 1),2026-10-15,AM,1h 15m,2026-10-15T01:00Z
november-2026,5,757650-november-2026-zone-5-timetable.txt,IG,0654,32,3,2,Co-ordinated Sciences (Double Award) (Core),2026-10-15,PM,2h,2026-10-15T05:00Z
november-2026,5,757650-november-2026-zone-5-timetable.txt,IG,0654,42,4,2,Co-ordinated Sciences (Double Award) (Extended),2026-10-15,PM,2h,2026-10-15T05:00Z
november-2026,5,757650-november-2026-zone-5-timetable.txt,OL,5070,32,3,2,Chemistry (Practical),2026-10-15,PM,1h 30m,2026-10-15T05:00Z
november-2026,5,757650-november-2026-zone-5-timetable.txt,OL,5070,42,4,2,Chemistry (Alternative to Practical),2026-10-15,PM,1h,2026-10-15T05:00Z
november-2026,5,757650-november-2026-zone-5-timetable.txt,AS,9706,22,2,2,Accounting,2026-10-15,PM,1h 45m,2026-10-15T05:00Z
november-2026,5,757650-november-2026-zone-5-timetable.txt,AS,9990,22,2,2,Psychology,2026-10-15,PM,1h 30m,2026-10-15T05:00Z
november-2026,5,757650-november-2026-zone-5-timetable.txt,IG,0474,02,0,2,Literature in Spanish,2026-10-16,AM,2h,2026-10-16T01:00Z
november-2026,5,757650-november-2026-zone-5-timetable.txt,IG,0450,22,2,2,Business Studies,2026-10-16,PM,1h 30m,2026-10-16T05:00Z
november-2026,5,757650-november-2026-zone-5-timetable.txt,IG,0495,13,1,3,Sociology,2026-10-16,AM,2h,2026-10-16T01:00Z
november-2026,5,757650-november-2026-zone-5-timetable.txt,OL,7115,22,2,2,Business Studies,2026-10-16,PM,1h 30m,2026-10-16T05:00Z
november-2026,5,757650-november-2026-zone-5-timetable.txt,IG,0610,33,3,3,Biology (Core),2026-10-16,AM,1h 15m,2026-10-16T01:00Z
november-2026,5,757650-november-2026-zone-5-timetable.txt,AS,8238,32,3,2,Chinese Language,2026-10-16,PM,1h 30m,2026-10-16T05:00Z
november-2026,5,757650-november-2026-zone-5-timetable.txt,IG,0610,43,4,3,Biology (Extended),2026-10-16,AM,1h 15m,2026-10-16T01:00Z
november-2026,5,757650-november-2026-zone-5-timetable.txt,AS,9093,13,1,3,English Language,2026-10-16,AM,2h 15m,2026-10-16T01:00Z
november-2026,5,757650-november-2026-zone-5-timetable.txt,AS,9701,23,2,3,Chemistry,2026-10-16,AM,1h 15m,2026-10-16T01:00Z
november-2026,5,757650-november-2026-zone-5-timetable.txt,AL,9701,53,5,3,Chemistry,2026-10-16,AM,1h 15m,2026-10-16T01:00Z
november-2026,5,757650-november-2026-zone-5-timetable.txt,IG,0478,23,2,3,Computer Science,2026-10-19,AM,1h 45m,2026-10-19T01:00Z
november-2026,5,757650-november-2026-zone-5-timetable.txt,IG,0470,42,4,2,History,2026-10-19,PM,1h,2026-10-19T05:00Z
november-2026,5,757650-november-2026-zone-5-timetable.txt,IG,0500,13,1,3,First Language English (Oral Endorsement),2026-10-19,AM,2h,2026-10-19T01:00Z
november-2026,5,757650-november-2026-zone-5-timetable.txt,AS,9489,22,2,2,History,2026-10-19,PM,1h 45m,2026-10-19T05:00Z
november-2026,5,757650-november-2026-zone-5-timetable.txt,OL,2210,23,2,3,Computer Science,2026-10-19,AM,1h 45m,2026-10-19T01:00Z
november-2026,5,757650-november-2026-zone-5-timetable.txt,AL,9609,42,4,2,Business,2026-10-19,PM,1h 15m,2026-10-19T05:00Z
november-2026,5,757650-november-2026-zone-5-timetable.txt,AS,9693,23,2,3,Marine Science,2026-10-19,AM,1h 45m,2026-10-19T01:00Z
november-2026,5,757650-november-2026-zone-5-timetable.txt,AL,9694,33,3,3,Thinking Skills,2026-10-19,EV,2h,2026-10-19T09:00Z
november-2026,5,757650-november-2026-zone-5-timetable.txt,AS,9696,13,1,3,Geography (Core),2026-10-19,AM,1h 30m,2026-10-19T01:00Z
november-2026,5,757650-november-2026-zone-5-timetable.txt,AS,9709,23,2,3,Mathematics (Pure Mathematics 2),2026-10-19,AM,1h 15m,2026-10-19T01:00Z
november-2026,5,757650-november-2026-zone-5-timetable.txt,AS,9709,43,4,3,Mathematics (Mechanics),2026-10-19,AM,1h 15m,2026-10-19T01:00Z
november-2026,5,757650-november-2026-zone-5-timetable.txt,AL,9709,63,6,3,Mathematics (Probability & Statistics 2),2026-10-19,AM,1h 15m,2026-10-19T01:00Z
november-2026,5,757650-november-2026-zone-5-timetable.txt,IG,0455,23,2,3,Economics,2026-10-20,AM,2h 15m,2026-10-20T01:00Z
november-2026,5,757650-november-2026-zone-5-timetable.txt,IG,0625,52,5,2,Physics (Practical),2026-10-20,PM,1h 15m,2026-10-20T05:00Z
november-2026,5,757650-november-2026-zone-5-timetable.txt,OL,2281,23,2,3,Economics,2026-10-20,AM,2h 15m,2026-10-20T01:00Z
november-2026,5,757650-november-2026-zone-5-timetable.txt,IG,0625,62,6,2,Physics (Alternative to Practical),2026-10-20,PM,1h,2026-10-20T05:00Z
november-2026,5,757650-november-2026-zone-5-timetable.txt,AS,9274,13,1,3,Classical Studies,2026-10-20,AM,1h 30m,2026-10-20T01:00Z
november-2026,5,757650-november-2026-zone-5-timetable.txt,IG,0654,62,6,2,Co-ordinated Sciences (Double Award) (Alternative to Practical),2026-10-20,PM,1h 30m,2026-10-20T05:00Z
november-2026,5,757650-november-2026-zone-5-timetable.txt,AS,9700,23,2,3,Biology,2026-10-20,AM,1h 15m,2026-10-20T01:00Z
november-2026,5,757650-november-2026-zone-5-timetable.txt,OL,5054,32,3,2,Physics (Practical),2026-10-20,PM,1h 30m,2026-10-20T05:00Z
november-2026,5,757650-november-2026-zone-5-timetable.txt,AL,9700,53,5,3,Biology,2026-10-20,AM,1h 15m,2026-10-20T01:00Z
november-2026,5,757650-november-2026-zone-5-timetable.txt,OL,5054,42,4,2,Physics (Alternative to Practical),2026-10-20,PM,1h,2026-10-20T05:00Z
november-2026,5,757650-november-2026-zone-5-timetable.txt,OL,5129,32,3,2,Combined Science,2026-10-20,PM,1h,2026-10-20T05:00Z
november-2026,5,757650-november-2026-zone-5-timetable.txt,AS,9699,22,2,2,Sociology,2026-10-20,PM,1h 30m,2026-10-20T05:00Z
november-2026,5,757650-november-2026-zone-5-timetable.txt,AL,9618,32,3,2,Computer Science (Advanced),2026-10-20,PM,1h 30m,2026-10-20T05:00Z
november-2026,5,757650-november-2026-zone-5-timetable.txt,IG,0460,13,1,3,Geography,2026-10-21,AM,1h 45m,2026-10-21T01:00Z
november-2026,5,757650-november-2026-zone-5-timetable.txt,IG,0510,22,2,2,,2026-10-21,PM,50m,2026-10-21T05:00Z
november-2026,5,757650-november-2026-zone-5-timetable.txt,IG,0495,23,2,3,Sociology,2026-10-21,AM,1h 45m,2026-10-21T01:00Z
november-2026,5,757650-november-2026-zone-5-timetable.txt,IG,0500,23,2,3,First Language English (Oral Endorsement),2026-10-21,AM,2h,2026-10-21T01:00Z
november-2026,5,757650-november-2026-zone-5-timetable.txt,IG,0511,22,2,2,English as a Second Language (Count-in Speaking) (Listening),2026-10-21,PM,50m,2026-10-21T05:00Z
november-2026,5,757650-november-2026-zone-5-timetable.txt,IG,0653,52,5,2,Combined Science (Practical),2026-10-21,AM,1h 15m,2026-10-21T01:00Z
november-2026,5,757650-november-2026-zone-5-timetable.txt,IG,0549,02,0,2,Hindi as a Second Language,2026-10-21,PM,45m,2026-10-21T05:00Z
november-2026,5,757650-november-2026-zone-5-timetable.txt,IG,0653,62,6,2,Combined Science (Alternative to Practical),2026-10-21,AM,1h,2026-10-21T01:00Z
november-2026,5,757650-november-2026-zone-5-timetable.txt,AL,9706,32,3,2,Accounting,2026-10-21,PM,1h 30m,2026-10-21T05:00Z
november-2026,5,757650-november-2026-zone-5-timetable.txt,IG,0654,52,5,2,Co-ordinated Sciences (Double Award) (Practical),2026-10-21,AM,2h,2026-10-21T01:00Z
november-2026,5,757650-november-2026-zone-5-timetable.txt,AL,9990,32,3,2,Psychology,2026-10-21,PM,1h 30m,2026-10-21T05:00Z
november-2026,5,757650-november-2026-zone-5-timetable.txt,AS,8695,13,1,3,Language & Literature in English,2026-10-21,AM,2h,2026-10-21T01:00Z
november-2026,5,757650-november-2026-zone-5-timetable.txt,AS,9093,23,2,3,English Language,2026-10-21,AM,2h,2026-10-21T01:00Z
november-2026,5,757650-november-2026-zone-5-timetable.txt,AL,9709,33,3,3,Mathematics (Pure Mathematics 3),2026-10-21,AM,1h 50m,2026-10-21T01:00Z
november-2026,5,757650-november-2026-zone-5-timetable.txt,IG,0475,13,1,3,Literature in English,2026-10-22,AM,1h 30m,2026-10-22T01:00Z
november-2026,5,757650-november-2026-zone-5-timetable.txt,OL,7100,22,2,2,Commerce,2026-10-22,PM,2h,2026-10-22T05:00Z
november-2026,5,757650-november-2026-zone-5-timetable.txt,OL,2010,13,1,3,Literature in English,2026-10-22,AM,1h 30m,2026-10-22T01:00Z
november-2026,5,757650-november-2026-zone-5-timetable.txt,AL,9489,32,3,2,History,2026-10-22,PM,1h 15m,2026-10-22T05:00Z
november-2026,5,757650-november-2026-zone-5-timetable.txt,AS,9274,23,2,3,Classical Studies,2026-10-22,AM,1h 30m,2026-10-22T01:00Z
november-2026,5,757650-november-2026-zone-5-timetable.txt,AS,9696,23,2,3,Geography (Core),2026-10-22,AM,1h 30m,2026-10-22T01:00Z
november-2026,5,757650-november-2026-zone-5-timetable.txt,AS,9702,36,3,6,Physics (Practical - Advanced),2026-10-22,AM,2h,2026-10-22T01:00Z
november-2026,5,757650-november-2026-zone-5-timetable.txt,IG,0445,13,1,3,Design & Technology,2026-10-23,AM,1h 15m,2026-10-23T01:00Z
november-2026,5,757650-november-2026-zone-5-timetable.txt,IG,0470,22,2,2,History,2026-10-23,PM,1h 45m,2026-10-23T05:00Z
november-2026,5,757650-november-2026-zone-5-timetable.txt,IG,0520,23,2,3,French,2026-10-23,AM,1h,2026-10-23T01:00Z
november-2026,5,757650-november-2026-zone-5-timetable.txt,OL,2147,22,2,2,History,2026-10-23,PM,1h 45m,2026-10-23T05:00Z
november-2026,5,757650-november-2026-zone-5-timetable.txt,AS,9695,23,2,3,Literature in English,2026-10-23,AM,2h,2026-10-23T01:00Z
november-2026,5,757650-november-2026-zone-5-timetable.txt,AL,9231,22,2,2,Further Mathematics,2026-10-23,PM,2h,2026-10-23T05:00Z
november-2026,5,757650-november-2026-zone-5-timetable.txt,AL,9700,43,4,3,Biology,2026-10-23,AM,2h,2026-10-23T01:00Z
november-2026,5,757650-november-2026-zone-5-timetable.txt,AS,9484,13,1,3,Biblical Studies,2026-10-24,AM,1h 30m,2026-10-24T01:00Z
november-2026,5,757650-november-2026-zone-5-timetable.txt,IG,0411,13,1,3,Drama,2026-10-26,AM,2h 30m,2026-10-26T01:00Z
november-2026,5,757650-november-2026-zone-5-timetable.txt,IG,0648,12,1,2,Food & Nutrition,2026-10-26,PM,2h,2026-10-26T05:00Z
november-2026,5,757650-november-2026-zone-5-timetable.txt,IG,0520,43,4,3,French,2026-10-26,AM,1h,2026-10-26T01:00Z
november-2026,5,757650-november-2026-zone-5-timetable.txt,OL,6065,12,1,2,Food & Nutrition,2026-10-26,PM,2h,2026-10-26T05:00Z
november-2026,5,757650-november-2026-zone-5-timetable.txt,OL,2068,13,1,3,Islamic Studies,2026-10-26,AM,1h 30m,2026-10-26T01:00Z
november-2026,5,757650-november-2026-zone-5-timetable.txt,AL,9699,32,3,2,Sociology,2026-10-26,PM,1h 15m,2026-10-26T05:00Z
november-2026,5,757650-november-2026-zone-5-timetable.txt,AL,9626,33,3,3,Information Technology (Advanced),2026-10-26,AM,1h 45m,2026-10-26T01:00Z
november-2026,5,757650-november-2026-zone-5-timetable.txt,IG,0697,13,1,3,Marine Science,2026-10-26,EV,1h 45m,2026-10-26T09:00Z
november-2026,5,757650-november-2026-zone-5-timetable.txt,IG,0460,43,4,3,Geography,2026-10-27,AM,1h 30m,2026-10-27T01:00Z
november-2026,5,757650-november-2026-zone-5-timetable.txt,IG,0457,12,1,2,Global Perspectives,2026-10-27,PM,1h 25m,2026-10-27T05:00Z
november-2026,5,757650-november-2026-zone-5-timetable.txt,IG,0490,13,1,3,Religious Studies,2026-10-27,AM,1h 45m,2026-10-27T01:00Z
november-2026,5,757650-november-2026-zone-5-timetable.txt,IG,0549,01,0,1,Hindi as a Second Language,2026-10-27,PM,2h,2026-10-27T05:00Z
november-2026,5,757650-november-2026-zone-5-timetable.txt,AS,9484,23,2,3,Biblical Studies,2026-10-27,AM,1h 30m,2026-10-27T01:00Z
november-2026,5,757650-november-2026-zone-5-timetable.txt,AL,9693,33,3,3,Marine Science,2026-10-27,EV,1h 45m,2026-10-27T09:00Z
november-2026,5,757650-november-2026-zone-5-timetable.txt,AS,9701,36,3,6,Chemistry (Practical - Advanced),2026-10-27,AM,2h,2026-10-27T01:00Z
november-2026,5,757650-november-2026-zone-5-timetable.txt,IG,0408,23,2,3,World Literature,2026-10-28,AM,1h 15m,2026-10-28T01:00Z
november-2026,5,757650-november-2026-zone-5-timetable.txt,IG,0530,22,2,2,Spanish,2026-10-28,PM,1h,2026-10-28T05:00Z
november-2026,5,757650-november-2026-zone-5-timetable.txt,IG,0475,23,2,3,Literature in English,2026-10-28,AM,1h 30m,2026-10-28T01:00Z
november-2026,5,757650-november-2026-zone-5-timetable.txt,AL,9706,42,4,2,Accounting,2026-10-28,PM,1h,2026-10-28T05:00Z
november-2026,5,757650-november-2026-zone-5-timetable.txt,IG,0475,33,3,3,Literature in English,2026-10-28,AM,45m,2026-10-28T01:00Z
november-2026,5,757650-november-2026-zone-5-timetable.txt,IG,0697,23,2,3,Marine Science,2026-10-28,EV,1h 45m,2026-10-28T09:00Z
november-2026,5,757650-november-2026-zone-5-timetable.txt,IG,0475,43,4,3,Literature in English,2026-10-28,AM,1h 15m,2026-10-28T01:00Z
november-2026,5,757650-november-2026-zone-5-timetable.txt,AL,9694,43,4,3,Thinking Skills,2026-10-28,EV,1h 45m,2026-10-28T09:00Z
november-2026,5,757650-november-2026-zone-5-timetable.txt,OL,2010,23,2,3,Literature in English,2026-10-28,AM,1h 30m,2026-10-28T01:00Z
november-2026,5,757650-november-2026-zone-5-timetable.txt,AL,9274,33,3,3,Classical Studies,2026-10-28,AM,1h 30m,2026-10-28T01:00Z
november-2026,5,757650-november-2026-zone-5-timetable.txt,AL,9695,33,3,3,Literature in English,2026-10-28,AM,2h,2026-10-28T01:00Z
november-2026,5,757650-november-2026-zone-5-timetable.txt,IG,0410,13,1,3,Music (Listening),2026-10-29,AM,1h 15m,2026-10-29T01:00Z
november-2026,5,757650-november-2026-zone-5-timetable.txt,AL,9489,42,4,2,History,2026-10-29,PM,1h 45m,2026-10-29T05:00Z
november-2026,5,757650-november-2026-zone-5-timetable.txt,AS,9700,36,3,6,Biology (Practical - Advanced),2026-10-29,AM,2h,2026-10-29T01:00Z
november-2026,5,757650-november-2026-zone-5-timetable.txt,AL,9693,43,4,3,Marine Science,2026-10-29,EV,1h 45m,2026-10-29T09:00Z
november-2026,5,757650-november-2026-zone-5-timetable.txt,IG,0445,33,3,3,Design & Technology,2026-10-30,AM,1h,2026-10-30T01:00Z
november-2026,5,757650-november-2026-zone-5-timetable.txt,IG,0530,42,4,2,Spanish,2026-10-30,PM,1h,2026-10-30T05:00Z
november-2026,5,757650-november-2026-zone-5-timetable.txt,IG,0445,53,5,3,Design & Technology,2026-10-30,AM,1h,2026-10-30T01:00Z
november-2026,5,757650-november-2026-zone-5-timetable.txt,AS,9231,42,4,2,Further Mathematics,2026-10-30,PM,1h 30m,2026-10-30T05:00Z
november-2026,5,757650-november-2026-zone-5-timetable.txt,OL,2068,23,2,3,Islamic Studies,2026-10-30,AM,1h 30m,2026-10-30T01:00Z
november-2026,5,757650-november-2026-zone-5-timetable.txt,IG,0445,43,4,3,Design & Technology,2026-10-30,EV,1h,2026-10-30T09:00Z
november-2026,5,757650-november-2026-zone-5-timetable.txt,AL,9093,33,3,3,English Language,2026-10-30,AM,2h 15m,2026-10-30T01:00Z
november-2026,5,757650-november-2026-zone-5-timetable.txt,AL,9844,23,2,3,Spanish Language & Literature,2026-10-30,EV,2h,2026-10-30T09:00Z
november-2026,5,757650-november-2026-zone-5-timetable.txt,AL,9696,33,3,3,Geography (Advanced),2026-10-30,AM,1h 30m,2026-10-30T01:00Z
november-2026,5,757650-november-2026-zone-5-timetable.txt,IG,0490,23,2,3,Religious Studies,2026-11-02,AM,1h 45m,2026-11-02T01:00Z
november-2026,5,757650-november-2026-zone-5-timetable.txt,AL,9990,42,4,2,Psychology,2026-11-02,PM,1h 30m,2026-11-02T05:00Z
november-2026,5,757650-november-2026-zone-5-timetable.txt,AS,8022,33,3,3,Spanish Language,2026-11-02,AM,1h 30m,2026-11-02T01:00Z
november-2026,5,757650-november-2026-zone-5-timetable.txt,AL,9844,33,3,3,Spanish Language & Literature,2026-11-02,EV,2h,2026-11-02T09:00Z
november-2026,5,757650-november-2026-zone-5-timetable.txt,AS,8027,13,1,3,German Language (Listening - Multiple Choice),2026-11-02,AM,1h,2026-11-02T01:00Z
november-2026,5,757650-november-2026-zone-5-timetable.txt,AS,9483,13,1,3,Music (Listening),2026-11-02,AM,2h,2026-11-02T01:00Z
november-2026,5,757650-november-2026-zone-5-timetable.txt,IG,0520,13,1,3,French (Listening - Multiple Choice),2026-11-03,AM,50m,2026-11-03T01:00Z
november-2026,5,757650-november-2026-zone-5-timetable.txt,AS,9706,12,1,2,Accounting (Multiple Choice),2026-11-03,PM,1h,2026-11-03T05:00Z
november-2026,5,757650-november-2026-zone-5-timetable.txt,AS,8386,13,1,3,Sport & Physical Education,2026-11-03,AM,1h 45m,2026-11-03T01:00Z
november-2026,5,757650-november-2026-zone-5-timetable.txt,AS,9607,02,0,2,Media Studies,2026-11-03,AM,2h,2026-11-03T01:00Z
november-2026,5,757650-november-2026-zone-5-timetable.txt,AL,9695,43,4,3,Literature in English,2026-11-03,AM,2h,2026-11-03T01:00Z
november-2026,5,757650-november-2026-zone-5-timetable.txt,AL,9696,43,4,3,Geography (Advanced),2026-11-03,AM,1h 30m,2026-11-03T01:00Z
november-2026,5,757650-november-2026-zone-5-timetable.txt,AL,9701,43,4,3,Chemistry,2026-11-03,AM,2h,2026-11-03T01:00Z
november-2026,5,757650-november-2026-zone-5-timetable.txt,AS,8028,13,1,3,French Language (Listening - Multiple Choice),2026-11-04,AM,1h,2026-11-04T01:00Z
november-2026,5,757650-november-2026-zone-5-timetable.txt,AS,8238,12,1,2,Chinese Language (Listening - Multiple Choice),2026-11-04,PM,1h,2026-11-04T05:00Z
november-2026,5,757650-november-2026-zone-5-timetable.txt,AS,9705,13,1,3,Design & Technology,2026-11-04,AM,2h 15m,2026-11-04T01:00Z
november-2026,5,757650-november-2026-zone-5-timetable.txt,AL,9699,42,4,2,Sociology,2026-11-04,PM,1h 45m,2026-11-04T05:00Z
november-2026,5,757650-november-2026-zone-5-timetable.txt,AL,9093,43,4,3,English Language,2026-11-04,AM,2h 15m,2026-11-04T01:00Z
november-2026,5,757650-november-2026-zone-5-timetable.txt,IG,0455,13,1,3,Economics (Multiple Choice),2026-11-04,EV,45m,2026-11-04T09:00Z
november-2026,5,757650-november-2026-zone-5-timetable.txt,OL,2281,13,1,3,Economics (Multiple Choice),2026-11-04,EV,45m,2026-11-04T09:00Z
november-2026,5,757650-november-2026-zone-5-timetable.txt,IG,0408,33,3,3,World Literature,2026-11-05,AM,1h 30m,2026-11-05T01:00Z
november-2026,5,757650-november-2026-zone-5-timetable.txt,IG,0625,12,1,2,Physics (Multiple Choice - Core),2026-11-05,PM,45m,2026-11-05T05:00Z
november-2026,5,757650-november-2026-zone-5-timetable.txt,AS,8022,13,1,3,Spanish Language (Listening - Multiple Choice),2026-11-05,AM,1h,2026-11-05T01:00Z
november-2026,5,757650-november-2026-zone-5-timetable.txt,IG,0625,22,2,2,Physics (Multiple Choice - Extended),2026-11-05,PM,45m,2026-11-05T05:00Z
november-2026,5,757650-november-2026-zone-5-timetable.txt,AL,9274,43,4,3,Classical Studies,2026-11-05,AM,1h 30m,2026-11-05T01:00Z
november-2026,5,757650-november-2026-zone-5-timetable.txt,IG,0653,12,1,2,Combined Science (Multiple Choice - Core),2026-11-05,PM,45m,2026-11-05T05:00Z
november-2026,5,757650-november-2026-zone-5-timetable.txt,AL,9868,13,1,3,Chinese Language & Literature (Multiple Choice),2026-11-05,AM,1h 30m,2026-11-05T01:00Z
november-2026,5,757650-november-2026-zone-5-timetable.txt,IG,0653,22,2,2,Combined Science (Multiple Choice - Extended),2026-11-05,PM,45m,2026-11-05T05:00Z
november-2026,5,757650-november-2026-zone-5-timetable.txt,IG,0654,12,1,2,Co-ordinated Sciences (Double Award) (Multiple Choice - Core),2026-11-05,PM,45m,2026-11-05T05:00Z
november-2026,5,757650-november-2026-zone-5-timetable.txt,IG,0654,22,2,2,,2026-11-05,PM,45m,2026-11-05T05:00Z
november-2026,5,757650-november-2026-zone-5-timetable.txt,OL,5054,12,1,2,Physics (Multiple Choice),2026-11-05,PM,1h,2026-11-05T05:00Z
november-2026,5,757650-november-2026-zone-5-timetable.txt,OL,5129,12,1,2,Combined Science (Multiple Choice),2026-11-05,PM,1h,2026-11-05T05:00Z
november-2026,5,757650-november-2026-zone-5-timetable.txt,AS,9708,12,1,2,Economics (Multiple Choice),2026-11-05,PM,1h,2026-11-05T05:00Z
november-2026,5,757650-november-2026-zone-5-timetable.txt,AL,9607,04,0,4,Media Studies,2026-11-05,PM,2h,2026-11-05T05:00Z
november-2026,5,757650-november-2026-zone-5-timetable.txt,AL,9484,33,3,3,Biblical Studies,2026-11-05,EV,1h 30m,2026-11-05T09:00Z
november-2026,5,757650-november-2026-zone-5-timetable.txt,AL,9844,13,1,3,Spanish Language & Literature (Multiple Choice),2026-11-05,EV,1h 30m,2026-11-05T09:00Z
november-2026,5,757650-november-2026-zone-5-timetable.txt,IG,0452,13,1,3,Accounting (Multiple Choice),2026-11-06,AM,1h 15m,2026-11-06T01:00Z
november-2026,5,757650-november-2026-zone-5-timetable.txt,IG,0530,12,1,2,Spanish (Listening - Multiple Choice),2026-11-06,PM,50m,2026-11-06T05:00Z
november-2026,5,757650-november-2026-zone-5-timetable.txt,OL,7707,13,1,3,Accounting (Multiple Choice),2026-11-06,AM,1h 15m,2026-11-06T01:00Z
november-2026,5,757650-november-2026-zone-5-timetable.txt,AS,8238,22,2,2,Chinese Language (Multiple Choice),2026-11-06,PM,1h 30m,2026-11-06T05:00Z
november-2026,5,757650-november-2026-zone-5-timetable.txt,AL,9705,33,3,3,Design & Technology,2026-11-06,AM,2h 30m,2026-11-06T01:00Z
november-2026,5,757650-november-2026-zone-5-timetable.txt,AS,9482,13,1,3,Drama,2026-11-06,EV,2h,2026-11-06T09:00Z
november-2026,5,757650-november-2026-zone-5-timetable.txt,AS,8022,23,2,3,Spanish Language (Multiple Choice),2026-11-09,AM,1h 30m,2026-11-09T01:00Z
november-2026,5,757650-november-2026-zone-5-timetable.txt,AL,9484,43,4,3,Biblical Studies,2026-11-09,EV,1h 30m,2026-11-09T09:00Z
november-2026,5,757650-november-2026-zone-5-timetable.txt,IG,0610,13,1,3,Biology (Multiple Choice - Core),2026-11-10,AM,45m,2026-11-10T01:00Z
november-2026,5,757650-november-2026-zone-5-timetable.txt,OL,5090,12,1,2,Biology (Multiple Choice),2026-11-10,PM,1h,2026-11-10T05:00Z
november-2026,5,757650-november-2026-zone-5-timetable.txt,IG,0610,23,2,3,Biology (Multiple Choice - Extended),2026-11-10,AM,45m,2026-11-10T01:00Z
november-2026,5,757650-november-2026-zone-5-timetable.txt,AL,9897,13,1,3,German Language & Literature (Multiple Choice),2026-11-10,EV,1h 30m,2026-11-10T09:00Z
november-2026,5,757650-november-2026-zone-5-timetable.txt,AS,8027,23,2,3,German Language (Multiple Choice),2026-11-10,AM,1h 30m,2026-11-10T01:00Z
november-2026,5,757650-november-2026-zone-5-timetable.txt,AS,9702,13,1,3,Physics (Multiple Choice),2026-11-10,AM,1h 15m,2026-11-10T01:00Z
november-2026,5,757650-november-2026-zone-5-timetable.txt,AS,8028,23,2,3,French Language (Multiple Choice),2026-11-11,AM,1h 30m,2026-11-11T01:00Z
november-2026,5,757650-november-2026-zone-5-timetable.txt,OL,7100,12,1,2,Commerce (Multiple Choice),2026-11-11,PM,1h,2026-11-11T05:00Z
november-2026,5,757650-november-2026-zone-5-timetable.txt,AS,9701,13,1,3,Chemistry (Multiple Choice),2026-11-11,AM,1h 15m,2026-11-11T01:00Z
november-2026,5,757650-november-2026-zone-5-timetable.txt,AL,9708,32,3,2,Economics (Multiple Choice),2026-11-11,PM,1h 15m,2026-11-11T05:00Z
november-2026,5,757650-november-2026-zone-5-timetable.txt,IG,0620,13,1,3,Chemistry (Multiple Choice - Core),2026-11-12,AM,45m,2026-11-12T01:00Z
november-2026,5,757650-november-2026-zone-5-timetable.txt,OL,5070,12,1,2,Chemistry (Multiple Choice),2026-11-12,PM,1h,2026-11-12T05:00Z
november-2026,5,757650-november-2026-zone-5-timetable.txt,IG,0620,23,2,3,Chemistry (Multiple Choice - Extended),2026-11-12,AM,45m,2026-11-12T01:00Z
november-2026,5,757650-november-2026-zone-5-timetable.txt,AS,9700,13,1,3,Biology (Multiple Choice),2026-11-12,AM,1h 15m,2026-11-12T01:00Z
november-2026,6,757651-november-2026-zone-6-timetable.txt,IG,0680,13,1,3,Environmental Management,2026-09-28,AM,1h 45m,2026-09-27T21:00Z
november-2026,6,757651-november-2026-zone-6-timetable.txt,AL,9868,33,3,3,Chinese Language & Literature,2026-09-28,PM,2h,2026-09-28T01:00Z
november-2026,6,757651-november-2026-zone-6-timetable.txt,AS,8021,13,1,3,English General Paper,2026-09-28,AM,1h 15m,2026-09-27T21:00Z
november-2026,6,757651-november-2026-zone-6-timetable.txt,AS,9239,13,1,3,Global Perspectives & Research,2026-09-28,AM,1h 30m,2026-09-27T21:00Z
november-2026,6,757651-november-2026-zone-6-timetable.txt,IG,0502,13,1,3,First Language Spanish,2026-09-29,AM,2h,2026-09-28T21:00Z
november-2026,6,757651-november-2026-zone-6-timetable.txt,AS,9701,35,3,5,Chemistry (Practical - Advanced),2026-09-29,PM,2h,2026-09-29T01:00Z
november-2026,6,757651-november-2026-zone-6-timetable.txt,IG,0607,13,1,3,Cambridge International Mathematics (Core),2026-09-29,AM,1h 15m,2026-09-28T21:00Z
november-2026,6,757651-november-2026-zone-6-timetable.txt,IG,0607,23,2,3,Cambridge International Mathematics (Extended),2026-09-29,AM,1h 30m,2026-09-28T21:00Z
november-2026,6,757651-november-2026-zone-6-timetable.txt,AS,8679,03,0,3,Afrikaans Language,2026-09-29,AM,1h 30m,2026-09-28T21:00Z
november-2026,6,757651-november-2026-zone-6-timetable.txt,AS,9084,13,1,3,Law,2026-09-29,AM,1h 30m,2026-09-28T21:00Z
november-2026,6,757651-november-2026-zone-6-timetable.txt,AS,9694,13,1,3,Thinking Skills,2026-09-29,AM,1h 30m,2026-09-28T21:00Z
november-2026,6,757651-november-2026-zone-6-timetable.txt,IG,0680,23,2,3,Environmental Management,2026-09-30,AM,1h 45m,2026-09-29T21:00Z
november-2026,6,757651-november-2026-zone-6-timetable.txt,IG,0471,13,1,3,Travel & Tourism,2026-09-30,PM,1h 30m,2026-09-30T01:00Z
november-2026,6,757651-november-2026-zone-6-timetable.txt,AS,8021,23,2,3,English General Paper,2026-09-30,AM,1h 45m,2026-09-29T21:00Z
november-2026,6,757651-november-2026-zone-6-timetable.txt,IG,0474,01,0,1,Literature in Spanish,2026-09-30,PM,1h 30m,2026-09-30T01:00Z
november-2026,6,757651-november-2026-zone-6-timetable.txt,IG,0606,13,1,3,Additional Mathematics,2026-09-30,PM,2h,2026-09-30T01:00Z
november-2026,6,757651-november-2026-zone-6-timetable.txt,OL,4037,13,1,3,Additional Mathematics,2026-09-30,PM,2h,2026-09-30T01:00Z
november-2026,6,757651-november-2026-zone-6-timetable.txt,AS,8027,33,3,3,German Language,2026-09-30,PM,1h 30m,2026-09-30T01:00Z
november-2026,6,757651-november-2026-zone-6-timetable.txt,AS,8028,33,3,3,French Language,2026-09-30,PM,1h 30m,2026-09-30T01:00Z
november-2026,6,757651-november-2026-zone-6-timetable.txt,AS,9395,13,1,3,Travel & Tourism,2026-09-30,PM,2h,2026-09-30T01:00Z
november-2026,6,757651-november-2026-zone-6-timetable.txt,AS,8291,13,1,3,Environmental Management,2026-10-01,AM,1h 45m,2026-09-30T21:00Z
november-2026,6,757651-november-2026-zone-6-timetable.txt,AS,9694,23,2,3,Thinking Skills,2026-10-01,AM,1h 45m,2026-09-30T21:00Z
november-2026,6,757651-november-2026-zone-6-timetable.txt,AL,9897,23,2,3,German Language & Literature,2026-10-01,AM,2h,2026-09-30T21:00Z
november-2026,6,757651-november-2026-zone-6-timetable.txt,AS,8291,23,2,3,Environmental Management,2026-10-03,AM,1h 45m,2026-10-02T21:00Z
november-2026,6,757651-november-2026-zone-6-timetable.txt,AS,8679,02,0,2,Afrikaans Language,2026-10-03,AM,1h 45m,2026-10-02T21:00Z
november-2026,6,757651-november-2026-zone-6-timetable.txt,AS,9084,23,2,3,Law,2026-10-03,AM,1h 30m,2026-10-02T21:00Z
november-2026,6,757651-november-2026-zone-6-timetable.txt,AL,9897,33,3,3,German Language & Literature,2026-10-03,AM,2h,2026-10-02T21:00Z
november-2026,6,757651-november-2026-zone-6-timetable.txt,IG,0510,13,1,3,English as a Second Language (Speaking Endorsement),2026-10-05,AM,2h,2026-10-04T21:00Z
november-2026,6,757651-november-2026-zone-6-timetable.txt,IG,0454,13,1,3,Enterprise,2026-10-05,PM,1h 30m,2026-10-05T01:00Z
november-2026,6,757651-november-2026-zone-6-timetable.txt,IG,0511,13,1,3,English as a Second Language (Count-in Speaking),2026-10-05,AM,2h,2026-10-04T21:00Z
november-2026,6,757651-november-2026-zone-6-timetable.txt,AS,9626,13,1,3,Information Technology,2026-10-05,PM,1h 45m,2026-10-05T01:00Z
november-2026,6,757651-november-2026-zone-6-timetable.txt,AL,9395,33,3,3,Travel & Tourism,2026-10-05,PM,1h 30m,2026-10-05T01:00Z
november-2026,6,757651-november-2026-zone-6-timetable.txt,IG,0471,23,2,3,Travel & Tourism,2026-10-06,PM,2h,2026-10-06T01:00Z
november-2026,6,757651-november-2026-zone-6-timetable.txt,IG,0606,23,2,3,Additional Mathematics,2026-10-06,PM,2h,2026-10-06T01:00Z
november-2026,6,757651-november-2026-zone-6-timetable.txt,OL,4037,23,2,3,Additional Mathematics,2026-10-06,PM,2h,2026-10-06T01:00Z
november-2026,6,757651-november-2026-zone-6-timetable.txt,AS,9700,35,3,5,Biology (Practical - Advanced),2026-10-06,PM,2h,2026-10-06T01:00Z
november-2026,6,757651-november-2026-zone-6-timetable.txt,AL,9084,33,3,3,Law,2026-10-07,AM,1h 30m,2026-10-06T21:00Z
november-2026,6,757651-november-2026-zone-6-timetable.txt,AL,9395,43,4,3,Travel & Tourism,2026-10-07,PM,1h 30m,2026-10-07T01:00Z
november-2026,6,757651-november-2026-zone-6-timetable.txt,IG,0607,33,3,3,Cambridge International Mathematics (Core),2026-10-08,AM,1h 15m,2026-10-07T21:00Z
november-2026,6,757651-november-2026-zone-6-timetable.txt,AS,9702,35,3,5,Physics (Practical - Advanced),2026-10-08,PM,2h,2026-10-08T01:00Z
november-2026,6,757651-november-2026-zone-6-timetable.txt,IG,0607,43,4,3,Cambridge International Mathematics (Extended),2026-10-08,AM,1h 30m,2026-10-07T21:00Z
november-2026,6,757651-november-2026-zone-6-timetable.txt,AS,9699,13,1,3,Sociology,2026-10-08,AM,1h 30m,2026-10-07T21:00Z
november-2026,6,757651-november-2026-zone-6-timetable.txt,IG,0502,23,2,3,First Language Spanish,2026-10-09,AM,2h,2026-10-08T21:00Z
november-2026,6,757651-november-2026-zone-6-timetable.txt,AL,9084,43,4,3,Law,2026-10-09,AM,1h 30m,2026-10-08T21:00Z
november-2026,6,757651-november-2026-zone-6-timetable.txt,IG,0450,13,1,3,Business Studies,2026-10-12,AM,1h 30m,2026-10-11T21:00Z
november-2026,6,757651-november-2026-zone-6-timetable.txt,IG,0620,33,3,3,Chemistry (Core),2026-10-12,PM,1h 15m,2026-10-12T01:00Z
november-2026,6,757651-november-2026-zone-6-timetable.txt,IG,0580,13,1,3,Mathematics (Without Coursework) (Core),2026-10-12,AM,1h 30m,2026-10-11T21:00Z
november-2026,6,757651-november-2026-zone-6-timetable.txt,IG,0620,43,4,3,Chemistry (Extended),2026-10-12,PM,1h 15m,2026-10-12T01:00Z
november-2026,6,757651-november-2026-zone-6-timetable.txt,IG,0580,23,2,3,Mathematics (Without Coursework) (Extended),2026-10-12,AM,2h,2026-10-11T21:00Z
november-2026,6,757651-november-2026-zone-6-timetable.txt,AS,8695,23,2,3,Language & Literature in English,2026-10-12,PM,2h,2026-10-12T01:00Z
november-2026,6,757651-november-2026-zone-6-timetable.txt,AS,9609,13,1,3,Business,2026-10-12,AM,1h 15m,2026-10-11T21:00Z
november-2026,6,757651-november-2026-zone-6-timetable.txt,AS,9695,13,1,3,Literature in English,2026-10-12,PM,2h,2026-10-12T01:00Z
november-2026,6,757651-november-2026-zone-6-timetable.txt,AS,9990,13,1,3,Psychology,2026-10-12,AM,1h 30m,2026-10-11T21:00Z
november-2026,6,757651-november-2026-zone-6-timetable.txt,AL,9702,43,4,3,Physics,2026-10-12,PM,2h,2026-10-12T01:00Z
november-2026,6,757651-november-2026-zone-6-timetable.txt,AL,9868,23,2,3,Chinese Language & Literature,2026-10-12,PM,2h,2026-10-12T01:00Z
november-2026,6,757651-november-2026-zone-6-timetable.txt,IG,0413,13,1,3,Physical Education,2026-10-13,AM,1h 45m,2026-10-12T21:00Z
november-2026,6,757651-november-2026-zone-6-timetable.txt,IG,0452,23,2,3,Accounting,2026-10-13,PM,1h 45m,2026-10-13T01:00Z
november-2026,6,757651-november-2026-zone-6-timetable.txt,IG,0417,13,1,3,Information & Communication Technology,2026-10-13,AM,1h 30m,2026-10-12T21:00Z
november-2026,6,757651-november-2026-zone-6-timetable.txt,IG,0610,53,5,3,Biology (Practical),2026-10-13,PM,1h 15m,2026-10-13T01:00Z
november-2026,6,757651-november-2026-zone-6-timetable.txt,IG,0470,13,1,3,History,2026-10-13,AM,2h,2026-10-12T21:00Z
november-2026,6,757651-november-2026-zone-6-timetable.txt,IG,0610,63,6,3,Biology (Alternative to Practical),2026-10-13,PM,1h,2026-10-13T01:00Z
november-2026,6,757651-november-2026-zone-6-timetable.txt,AS,9231,13,1,3,Further Mathematics,2026-10-13,AM,2h,2026-10-12T21:00Z
november-2026,6,757651-november-2026-zone-6-timetable.txt,AS,9709,13,1,3,Mathematics (Pure Mathematics 1),2026-10-13,PM,1h 50m,2026-10-13T01:00Z
november-2026,6,757651-november-2026-zone-6-timetable.txt,AS,9489,13,1,3,History,2026-10-13,AM,1h 15m,2026-10-12T21:00Z
november-2026,6,757651-november-2026-zone-6-timetable.txt,AS,9708,23,2,3,Economics,2026-10-13,AM,2h,2026-10-12T21:00Z
november-2026,6,757651-november-2026-zone-6-timetable.txt,IG,0580,33,3,3,Mathematics (Without Coursework) (Core),2026-10-14,AM,1h 30m,2026-10-13T21:00Z
november-2026,6,757651-november-2026-zone-6-timetable.txt,IG,0460,23,2,3,Geography,2026-10-14,PM,1h 30m,2026-10-14T01:00Z
november-2026,6,757651-november-2026-zone-6-timetable.txt,IG,0580,43,4,3,Mathematics (Without Coursework) (Extended),2026-10-14,AM,2h,2026-10-13T21:00Z
november-2026,6,757651-november-2026-zone-6-timetable.txt,IG,0478,13,1,3,Computer Science,2026-10-14,PM,1h 45m,2026-10-14T01:00Z
november-2026,6,757651-november-2026-zone-6-timetable.txt,IG,0607,53,5,3,Cambridge International Mathematics (Core),2026-10-14,AM,1h 15m,2026-10-13T21:00Z
november-2026,6,757651-november-2026-zone-6-timetable.txt,AS,9693,13,1,3,Marine Science,2026-10-14,PM,1h 45m,2026-10-14T01:00Z
november-2026,6,757651-november-2026-zone-6-timetable.txt,IG,0607,63,6,3,Cambridge International Mathematics (Extended),2026-10-14,AM,1h 30m,2026-10-13T21:00Z
november-2026,6,757651-november-2026-zone-6-timetable.txt,AS,9702,23,2,3,Physics,2026-10-14,PM,1h 15m,2026-10-14T01:00Z
november-2026,6,757651-november-2026-zone-6-timetable.txt,AS,9609,23,2,3,Business,2026-10-14,AM,1h 30m,2026-10-13T21:00Z
november-2026,6,757651-november-2026-zone-6-timetable.txt,AL,9702,53,5,3,Physics,2026-10-14,PM,1h 15m,2026-10-14T01:00Z
november-2026,6,757651-november-2026-zone-6-timetable.txt,AS,9618,13,1,3,Computer Science,2026-10-14,AM,1h 30m,2026-10-13T21:00Z
november-2026,6,757651-november-2026-zone-6-timetable.txt,IG,0653,33,3,3,Combined Science (Core),2026-10-15,AM,1h 15m,2026-10-14T21:00Z
november-2026,6,757651-november-2026-zone-6-timetable.txt,IG,0620,53,5,3,Chemistry (Practical),2026-10-15,PM,1h 15m,2026-10-15T01:00Z
november-2026,6,757651-november-2026-zone-6-timetable.txt,IG,0653,43,4,3,Combined Science (Extended),2026-10-15,AM,1h 15m,2026-10-14T21:00Z
november-2026,6,757651-november-2026-zone-6-timetable.txt,IG,0620,63,6,3,Chemistry (Alternative to Practical),2026-10-15,PM,1h,2026-10-15T01:00Z
november-2026,6,757651-november-2026-zone-6-timetable.txt,IG,0654,33,3,3,Co-ordinated Sciences (Double Award) (Core),2026-10-15,AM,2h,2026-10-14T21:00Z
november-2026,6,757651-november-2026-zone-6-timetable.txt,AS,9709,53,5,3,Mathematics (Probability & Statistics 1),2026-10-15,PM,1h 15m,2026-10-15T01:00Z
november-2026,6,757651-november-2026-zone-6-timetable.txt,IG,0654,43,4,3,Co-ordinated Sciences (Double Award) (Extended),2026-10-15,AM,2h,2026-10-14T21:00Z
november-2026,6,757651-november-2026-zone-6-timetable.txt,AS,9231,33,3,3,Further Mathematics,2026-10-15,AM,1h 30m,2026-10-14T21:00Z
november-2026,6,757651-november-2026-zone-6-timetable.txt,AS,9706,23,2,3,Accounting,2026-10-15,AM,1h 45m,2026-10-14T21:00Z
november-2026,6,757651-november-2026-zone-6-timetable.txt,AS,9990,23,2,3,Psychology,2026-10-15,AM,1h 30m,2026-10-14T21:00Z
november-2026,6,757651-november-2026-zone-6-timetable.txt,IG,0450,23,2,3,Business Studies,2026-10-16,AM,1h 30m,2026-10-15T21:00Z
november-2026,6,757651-november-2026-zone-6-timetable.txt,IG,0474,02,0,2,Literature in Spanish,2026-10-16,PM,2h,2026-10-16T01:00Z
november-2026,6,757651-november-2026-zone-6-timetable.txt,AS,9618,23,2,3,Computer Science,2026-10-16,AM,2h,2026-10-15T21:00Z
november-2026,6,757651-november-2026-zone-6-timetable.txt,IG,0495,13,1,3,Sociology,2026-10-16,PM,2h,2026-10-16T01:00Z
november-2026,6,757651-november-2026-zone-6-timetable.txt,AL,9609,33,3,3,Business,2026-10-16,AM,1h 45m,2026-10-15T21:00Z
november-2026,6,757651-november-2026-zone-6-timetable.txt,IG,0610,33,3,3,Biology (Core),2026-10-16,PM,1h 15m,2026-10-16T01:00Z
november-2026,6,757651-november-2026-zone-6-timetable.txt,IG,0610,43,4,3,Biology (Extended),2026-10-16,PM,1h 15m,2026-10-16T01:00Z
november-2026,6,757651-november-2026-zone-6-timetable.txt,AS,9093,13,1,3,English Language,2026-10-16,PM,2h 15m,2026-10-16T01:00Z
november-2026,6,757651-november-2026-zone-6-timetable.txt,AS,9701,23,2,3,Chemistry,2026-10-16,PM,1h 15m,2026-10-16T01:00Z
november-2026,6,757651-november-2026-zone-6-timetable.txt,AL,9701,53,5,3,Chemistry,2026-10-16,PM,1h 15m,2026-10-16T01:00Z
november-2026,6,757651-november-2026-zone-6-timetable.txt,AS,8238,33,3,3,Chinese Language,2026-10-17,AM,1h 30m,2026-10-16T21:00Z
november-2026,6,757651-november-2026-zone-6-timetable.txt,IG,0470,43,4,3,History,2026-10-19,AM,1h,2026-10-18T21:00Z
november-2026,6,757651-november-2026-zone-6-timetable.txt,IG,0478,23,2,3,Computer Science,2026-10-19,PM,1h 45m,2026-10-19T01:00Z
november-2026,6,757651-november-2026-zone-6-timetable.txt,AS,9489,23,2,3,History,2026-10-19,AM,1h 45m,2026-10-18T21:00Z
november-2026,6,757651-november-2026-zone-6-timetable.txt,IG,0500,13,1,3,First Language English (Oral Endorsement),2026-10-19,PM,2h,2026-10-19T01:00Z
november-2026,6,757651-november-2026-zone-6-timetable.txt,AL,9609,43,4,3,Business,2026-10-19,AM,1h 15m,2026-10-18T21:00Z
november-2026,6,757651-november-2026-zone-6-timetable.txt,AS,9693,23,2,3,Marine Science,2026-10-19,PM,1h 45m,2026-10-19T01:00Z
november-2026,6,757651-november-2026-zone-6-timetable.txt,AS,9696,13,1,3,Geography (Core),2026-10-19,PM,1h 30m,2026-10-19T01:00Z
november-2026,6,757651-november-2026-zone-6-timetable.txt,AS,9709,23,2,3,Mathematics (Pure Mathematics 2),2026-10-19,PM,1h 15m,2026-10-19T01:00Z
november-2026,6,757651-november-2026-zone-6-timetable.txt,AS,9709,43,4,3,Mathematics (Mechanics),2026-10-19,PM,1h 15m,2026-10-19T01:00Z
november-2026,6,757651-november-2026-zone-6-timetable.txt,AL,9709,63,6,3,Mathematics (Probability & Statistics 2),2026-10-19,PM,1h 15m,2026-10-19T01:00Z
november-2026,6,757651-november-2026-zone-6-timetable.txt,IG,0625,53,5,3,Physics (Practical),2026-10-20,AM,1h 15m,2026-10-19T21:00Z
november-2026,6,757651-november-2026-zone-6-timetable.txt,IG,0455,23,2,3,Economics,2026-10-20,PM,2h 15m,2026-10-20T01:00Z
november-2026,6,757651-november-2026-zone-6-timetable.txt,IG,0625,63,6,3,Physics (Alternative to Practical),2026-10-20,AM,1h,2026-10-19T21:00Z
november-2026,6,757651-november-2026-zone-6-timetable.txt,AS,9274,13,1,3,Classical Studies,2026-10-20,PM,1h 30m,2026-10-20T01:00Z
november-2026,6,757651-november-2026-zone-6-timetable.txt,IG,0654,63,6,3,Co-ordinated Sciences (Double Award) (Alternative to Practical),2026-10-20,AM,1h 30m,2026-10-19T21:00Z
november-2026,6,757651-november-2026-zone-6-timetable.txt,AS,9700,23,2,3,Biology,2026-10-20,PM,1h 15m,2026-10-20T01:00Z
november-2026,6,757651-november-2026-zone-6-timetable.txt,AL,9618,33,3,3,Computer Science (Advanced),2026-10-20,AM,1h 30m,2026-10-19T21:00Z
november-2026,6,757651-november-2026-zone-6-timetable.txt,AL,9700,53,5,3,Biology,2026-10-20,PM,1h 15m,2026-10-20T01:00Z
november-2026,6,757651-november-2026-zone-6-timetable.txt,AL,9694,33,3,3,Thinking Skills,2026-10-20,AM,2h,2026-10-19T21:00Z
november-2026,6,757651-november-2026-zone-6-timetable.txt,AL,9708,43,4,3,Economics,2026-10-20,AM,2h,2026-10-19T21:00Z
november-2026,6,757651-november-2026-zone-6-timetable.txt,,0460,13,1,3,English as a Second Language (Speaking Endorsement)                                                     IG    Geography,2026-10-21,PM,1h 45m,2026-10-21T01:00Z
november-2026,6,757651-november-2026-zone-6-timetable.txt,IG,0510,23,2,3,,2026-10-21,AM,50m,2026-10-20T21:00Z
november-2026,6,757651-november-2026-zone-6-timetable.txt,IG,0495,23,2,3,Sociology,2026-10-21,PM,1h 45m,2026-10-21T01:00Z
november-2026,6,757651-november-2026-zone-6-timetable.txt,IG,0511,23,2,3,English as a Second Language (Count-in Speaking) (Listening),2026-10-21,AM,50m,2026-10-20T21:00Z
november-2026,6,757651-november-2026-zone-6-timetable.txt,IG,0500,23,2,3,First Language English (Oral Endorsement),2026-10-21,PM,2h,2026-10-21T01:00Z
november-2026,6,757651-november-2026-zone-6-timetable.txt,IG,0653,53,5,3,Combined Science (Practical),2026-10-21,AM,1h 15m,2026-10-20T21:00Z
november-2026,6,757651-november-2026-zone-6-timetable.txt,AS,8695,13,1,3,Language & Literature in English,2026-10-21,PM,2h,2026-10-21T01:00Z
november-2026,6,757651-november-2026-zone-6-timetable.txt,IG,0653,63,6,3,Combined Science (Alternative to Practical),2026-10-21,AM,1h,2026-10-20T21:00Z
november-2026,6,757651-november-2026-zone-6-timetable.txt,AS,9093,23,2,3,English Language,2026-10-21,PM,2h,2026-10-21T01:00Z
november-2026,6,757651-november-2026-zone-6-timetable.txt,IG,0654,53,5,3,Co-ordinated Sciences (Double Award) (Practical),2026-10-21,AM,2h,2026-10-20T21:00Z
november-2026,6,757651-november-2026-zone-6-timetable.txt,AL,9709,33,3,3,Mathematics (Pure Mathematics 3),2026-10-21,PM,1h 50m,2026-10-21T01:00Z
november-2026,6,757651-november-2026-zone-6-timetable.txt,AS,9699,23,2,3,Sociology,2026-10-21,AM,1h 30m,2026-10-20T21:00Z
november-2026,6,757651-november-2026-zone-6-timetable.txt,AL,9706,33,3,3,Accounting,2026-10-21,AM,1h 30m,2026-10-20T21:00Z
november-2026,6,757651-november-2026-zone-6-timetable.txt,AL,9990,33,3,3,Psychology,2026-10-21,AM,1h 30m,2026-10-20T21:00Z
november-2026,6,757651-november-2026-zone-6-timetable.txt,IG,0549,02,0,2,Hindi as a Second Language,2026-10-22,AM,45m,2026-10-21T21:00Z
november-2026,6,757651-november-2026-zone-6-timetable.txt,IG,0475,13,1,3,Literature in English,2026-10-22,PM,1h 30m,2026-10-22T01:00Z
november-2026,6,757651-november-2026-zone-6-timetable.txt,IG,0625,33,3,3,Physics (Core),2026-10-22,AM,1h 15m,2026-10-21T21:00Z
november-2026,6,757651-november-2026-zone-6-timetable.txt,AS,9274,23,2,3,Classical Studies,2026-10-22,PM,1h 30m,2026-10-22T01:00Z
november-2026,6,757651-november-2026-zone-6-timetable.txt,IG,0625,43,4,3,Physics (Extended),2026-10-22,AM,1h 15m,2026-10-21T21:00Z
november-2026,6,757651-november-2026-zone-6-timetable.txt,AS,9696,23,2,3,Geography (Core),2026-10-22,PM,1h 30m,2026-10-22T01:00Z
november-2026,6,757651-november-2026-zone-6-timetable.txt,AL,9489,33,3,3,History,2026-10-22,AM,1h 15m,2026-10-21T21:00Z
november-2026,6,757651-november-2026-zone-6-timetable.txt,AS,9702,36,3,6,Physics (Practical - Advanced),2026-10-22,PM,2h,2026-10-22T01:00Z
november-2026,6,757651-november-2026-zone-6-timetable.txt,IG,0470,23,2,3,History,2026-10-23,AM,1h 45m,2026-10-22T21:00Z
november-2026,6,757651-november-2026-zone-6-timetable.txt,IG,0445,13,1,3,Design & Technology,2026-10-23,PM,1h 15m,2026-10-23T01:00Z
november-2026,6,757651-november-2026-zone-6-timetable.txt,AL,9231,23,2,3,Further Mathematics,2026-10-23,AM,2h,2026-10-22T21:00Z
november-2026,6,757651-november-2026-zone-6-timetable.txt,IG,0520,23,2,3,French,2026-10-23,PM,1h,2026-10-23T01:00Z
november-2026,6,757651-november-2026-zone-6-timetable.txt,AS,9695,23,2,3,Literature in English,2026-10-23,PM,2h,2026-10-23T01:00Z
november-2026,6,757651-november-2026-zone-6-timetable.txt,AL,9700,43,4,3,Biology,2026-10-23,PM,2h,2026-10-23T01:00Z
november-2026,6,757651-november-2026-zone-6-timetable.txt,AS,9484,13,1,3,Biblical Studies,2026-10-24,PM,1h 30m,2026-10-24T01:00Z
november-2026,6,757651-november-2026-zone-6-timetable.txt,IG,0411,13,1,3,Drama,2026-10-26,PM,2h 30m,2026-10-26T01:00Z
november-2026,6,757651-november-2026-zone-6-timetable.txt,IG,0520,43,4,3,French,2026-10-26,PM,1h,2026-10-26T01:00Z
november-2026,6,757651-november-2026-zone-6-timetable.txt,AL,9626,33,3,3,Information Technology (Advanced),2026-10-26,PM,1h 45m,2026-10-26T01:00Z
november-2026,6,757651-november-2026-zone-6-timetable.txt,IG,0457,13,1,3,Global Perspectives,2026-10-27,AM,1h 25m,2026-10-26T21:00Z
november-2026,6,757651-november-2026-zone-6-timetable.txt,IG,0460,43,4,3,Geography,2026-10-27,PM,1h 30m,2026-10-27T01:00Z
november-2026,6,757651-november-2026-zone-6-timetable.txt,IG,0648,13,1,3,Food & Nutrition,2026-10-27,AM,2h,2026-10-26T21:00Z
november-2026,6,757651-november-2026-zone-6-timetable.txt,IG,0490,13,1,3,Religious Studies,2026-10-27,PM,1h 45m,2026-10-27T01:00Z
november-2026,6,757651-november-2026-zone-6-timetable.txt,IG,0697,13,1,3,Marine Science,2026-10-27,AM,1h 45m,2026-10-26T21:00Z
november-2026,6,757651-november-2026-zone-6-timetable.txt,AS,9484,23,2,3,Biblical Studies,2026-10-27,PM,1h 30m,2026-10-27T01:00Z
november-2026,6,757651-november-2026-zone-6-timetable.txt,AL,9699,33,3,3,Sociology,2026-10-27,AM,1h 15m,2026-10-26T21:00Z
november-2026,6,757651-november-2026-zone-6-timetable.txt,AS,9701,36,3,6,Chemistry (Practical - Advanced),2026-10-27,PM,2h,2026-10-27T01:00Z
november-2026,6,757651-november-2026-zone-6-timetable.txt,IG,0530,23,2,3,Spanish,2026-10-28,AM,1h,2026-10-27T21:00Z
november-2026,6,757651-november-2026-zone-6-timetable.txt,IG,0408,23,2,3,World Literature,2026-10-28,PM,1h 15m,2026-10-28T01:00Z
november-2026,6,757651-november-2026-zone-6-timetable.txt,IG,0549,01,0,1,Hindi as a Second Language,2026-10-28,AM,2h,2026-10-27T21:00Z
november-2026,6,757651-november-2026-zone-6-timetable.txt,IG,0475,23,2,3,Literature in English,2026-10-28,PM,1h 30m,2026-10-28T01:00Z
november-2026,6,757651-november-2026-zone-6-timetable.txt,AL,9693,33,3,3,Marine Science,2026-10-28,AM,1h 45m,2026-10-27T21:00Z
november-2026,6,757651-november-2026-zone-6-timetable.txt,IG,0475,33,3,3,Literature in English,2026-10-28,PM,45m,2026-10-28T01:00Z
november-2026,6,757651-november-2026-zone-6-timetable.txt,AL,9706,43,4,3,Accounting,2026-10-28,AM,1h,2026-10-27T21:00Z
november-2026,6,757651-november-2026-zone-6-timetable.txt,IG,0475,43,4,3,Literature in English,2026-10-28,PM,1h 15m,2026-10-28T01:00Z
november-2026,6,757651-november-2026-zone-6-timetable.txt,AL,9274,33,3,3,Classical Studies,2026-10-28,PM,1h 30m,2026-10-28T01:00Z
november-2026,6,757651-november-2026-zone-6-timetable.txt,AL,9695,33,3,3,Literature in English,2026-10-28,PM,2h,2026-10-28T01:00Z
november-2026,6,757651-november-2026-zone-6-timetable.txt,IG,0697,23,2,3,Marine Science,2026-10-29,AM,1h 45m,2026-10-28T21:00Z
november-2026,6,757651-november-2026-zone-6-timetable.txt,IG,0410,13,1,3,Music (Listening),2026-10-29,PM,1h 15m,2026-10-29T01:00Z
november-2026,6,757651-november-2026-zone-6-timetable.txt,AL,9489,43,4,3,History,2026-10-29,AM,1h 45m,2026-10-28T21:00Z
november-2026,6,757651-november-2026-zone-6-timetable.txt,AS,9700,36,3,6,Biology (Practical - Advanced),2026-10-29,PM,2h,2026-10-29T01:00Z
november-2026,6,757651-november-2026-zone-6-timetable.txt,AL,9694,43,4,3,Thinking Skills,2026-10-29,AM,1h 45m,2026-10-28T21:00Z
november-2026,6,757651-november-2026-zone-6-timetable.txt,IG,0530,43,4,3,Spanish,2026-10-30,AM,1h,2026-10-29T21:00Z
november-2026,6,757651-november-2026-zone-6-timetable.txt,IG,0445,33,3,3,Design & Technology,2026-10-30,PM,1h,2026-10-30T01:00Z
november-2026,6,757651-november-2026-zone-6-timetable.txt,AS,9231,43,4,3,Further Mathematics,2026-10-30,AM,1h 30m,2026-10-29T21:00Z
november-2026,6,757651-november-2026-zone-6-timetable.txt,IG,0445,53,5,3,Design & Technology,2026-10-30,PM,1h,2026-10-30T01:00Z
november-2026,6,757651-november-2026-zone-6-timetable.txt,AL,9693,43,4,3,Marine Science,2026-10-30,AM,1h 45m,2026-10-29T21:00Z
november-2026,6,757651-november-2026-zone-6-timetable.txt,AL,9093,33,3,3,English Language,2026-10-30,PM,2h 15m,2026-10-30T01:00Z
november-2026,6,757651-november-2026-zone-6-timetable.txt,AL,9696,33,3,3,Geography (Advanced),2026-10-30,PM,1h 30m,2026-10-30T01:00Z
november-2026,6,757651-november-2026-zone-6-timetable.txt,IG,0445,43,4,3,Design & Technology,2026-10-31,AM,1h,2026-10-30T21:00Z
november-2026,6,757651-november-2026-zone-6-timetable.txt,AL,9844,23,2,3,Spanish Language & Literature,2026-10-31,AM,2h,2026-10-30T21:00Z
november-2026,6,757651-november-2026-zone-6-timetable.txt,AL,9990,43,4,3,Psychology,2026-11-02,AM,1h 30m,2026-11-01T21:00Z
november-2026,6,757651-november-2026-zone-6-timetable.txt,IG,0490,23,2,3,Religious Studies,2026-11-02,PM,1h 45m,2026-11-02T01:00Z
november-2026,6,757651-november-2026-zone-6-timetable.txt,AS,8022,33,3,3,Spanish Language,2026-11-02,PM,1h 30m,2026-11-02T01:00Z
november-2026,6,757651-november-2026-zone-6-timetable.txt,AS,8027,13,1,3,German Language (Listening - Multiple Choice),2026-11-02,PM,1h,2026-11-02T01:00Z
november-2026,6,757651-november-2026-zone-6-timetable.txt,AS,9483,13,1,3,Music (Listening),2026-11-02,PM,2h,2026-11-02T01:00Z
november-2026,6,757651-november-2026-zone-6-timetable.txt,AS,9607,02,0,2,Media Studies,2026-11-03,AM,2h,2026-11-02T21:00Z
november-2026,6,757651-november-2026-zone-6-timetable.txt,IG,0520,13,1,3,French (Listening - Multiple Choice),2026-11-03,PM,50m,2026-11-03T01:00Z
november-2026,6,757651-november-2026-zone-6-timetable.txt,AS,9706,13,1,3,Accounting (Multiple Choice),2026-11-03,AM,1h,2026-11-02T21:00Z
november-2026,6,757651-november-2026-zone-6-timetable.txt,AS,8386,13,1,3,Sport & Physical Education,2026-11-03,PM,1h 45m,2026-11-03T01:00Z
november-2026,6,757651-november-2026-zone-6-timetable.txt,AL,9844,33,3,3,Spanish Language & Literature,2026-11-03,AM,2h,2026-11-02T21:00Z
november-2026,6,757651-november-2026-zone-6-timetable.txt,AL,9695,43,4,3,Literature in English,2026-11-03,PM,2h,2026-11-03T01:00Z
november-2026,6,757651-november-2026-zone-6-timetable.txt,AL,9696,43,4,3,Geography (Advanced),2026-11-03,PM,1h 30m,2026-11-03T01:00Z
november-2026,6,757651-november-2026-zone-6-timetable.txt,AL,9701,43,4,3,Chemistry,2026-11-03,PM,2h,2026-11-03T01:00Z
november-2026,6,757651-november-2026-zone-6-timetable.txt,AS,8028,13,1,3,French Language (Listening - Multiple Choice),2026-11-04,PM,1h,2026-11-04T01:00Z
november-2026,6,757651-november-2026-zone-6-timetable.txt,AS,9705,13,1,3,Design & Technology,2026-11-04,PM,2h 15m,2026-11-04T01:00Z
november-2026,6,757651-november-2026-zone-6-timetable.txt,AL,9093,43,4,3,English Language,2026-11-04,PM,2h 15m,2026-11-04T01:00Z
november-2026,6,757651-november-2026-zone-6-timetable.txt,IG,0455,13,1,3,Economics (Multiple Choice),2026-11-05,AM,45m,2026-11-04T21:00Z
november-2026,6,757651-november-2026-zone-6-timetable.txt,IG,0408,33,3,3,World Literature,2026-11-05,PM,1h 30m,2026-11-05T01:00Z
november-2026,6,757651-november-2026-zone-6-timetable.txt,IG,0625,13,1,3,Physics (Multiple Choice - Core),2026-11-05,AM,45m,2026-11-04T21:00Z
november-2026,6,757651-november-2026-zone-6-timetable.txt,AS,8022,13,1,3,Spanish Language (Listening - Multiple Choice),2026-11-05,PM,1h,2026-11-05T01:00Z
november-2026,6,757651-november-2026-zone-6-timetable.txt,IG,0625,23,2,3,Physics (Multiple Choice - Extended),2026-11-05,AM,45m,2026-11-04T21:00Z
november-2026,6,757651-november-2026-zone-6-timetable.txt,AL,9274,43,4,3,Classical Studies,2026-11-05,PM,1h 30m,2026-11-05T01:00Z
november-2026,6,757651-november-2026-zone-6-timetable.txt,IG,0653,13,1,3,Combined Science (Multiple Choice - Core),2026-11-05,AM,45m,2026-11-04T21:00Z
november-2026,6,757651-november-2026-zone-6-timetable.txt,AL,9868,13,1,3,Chinese Language & Literature (Multiple Choice),2026-11-05,PM,1h 30m,2026-11-05T01:00Z
november-2026,6,757651-november-2026-zone-6-timetable.txt,IG,0653,23,2,3,Combined Science (Multiple Choice - Extended),2026-11-05,AM,45m,2026-11-04T21:00Z
november-2026,6,757651-november-2026-zone-6-timetable.txt,IG,0654,13,1,3,Co-ordinated Sciences (Double Award) (Multiple Choice - Core),2026-11-05,AM,45m,2026-11-04T21:00Z
november-2026,6,757651-november-2026-zone-6-timetable.txt,IG,0654,23,2,3,,2026-11-05,AM,45m,2026-11-04T21:00Z
november-2026,6,757651-november-2026-zone-6-timetable.txt,AS,8238,13,1,3,Chinese Language (Listening - Multiple Choice),2026-11-05,AM,1h,2026-11-04T21:00Z
november-2026,6,757651-november-2026-zone-6-timetable.txt,AS,9708,13,1,3,Economics (Multiple Choice),2026-11-05,AM,1h,2026-11-04T21:00Z
november-2026,6,757651-november-2026-zone-6-timetable.txt,AL,9699,43,4,3,Sociology,2026-11-05,AM,1h 45m,2026-11-04T21:00Z
november-2026,6,757651-november-2026-zone-6-timetable.txt,IG,0530,13,1,3,Spanish (Listening - Multiple Choice),2026-11-06,AM,50m,2026-11-05T21:00Z
november-2026,6,757651-november-2026-zone-6-timetable.txt,IG,0452,13,1,3,Accounting (Multiple Choice),2026-11-06,PM,1h 15m,2026-11-06T01:00Z
november-2026,6,757651-november-2026-zone-6-timetable.txt,AL,9484,33,3,3,Biblical Studies,2026-11-06,AM,1h 30m,2026-11-05T21:00Z
november-2026,6,757651-november-2026-zone-6-timetable.txt,AL,9705,33,3,3,Design & Technology,2026-11-06,PM,2h 30m,2026-11-06T01:00Z
november-2026,6,757651-november-2026-zone-6-timetable.txt,AL,9607,04,0,4,Media Studies,2026-11-06,AM,2h,2026-11-05T21:00Z
november-2026,6,757651-november-2026-zone-6-timetable.txt,AL,9844,13,1,3,Spanish Language & Literature (Multiple Choice),2026-11-06,AM,1h 30m,2026-11-05T21:00Z
november-2026,6,757651-november-2026-zone-6-timetable.txt,AS,8238,23,2,3,Chinese Language (Multiple Choice),2026-11-07,AM,1h 30m,2026-11-06T21:00Z
november-2026,6,757651-november-2026-zone-6-timetable.txt,AS,9482,13,1,3,Drama,2026-11-07,AM,2h,2026-11-06T21:00Z
november-2026,6,757651-november-2026-zone-6-timetable.txt,AS,8022,23,2,3,Spanish Language (Multiple Choice),2026-11-09,PM,1h 30m,2026-11-09T01:00Z
november-2026,6,757651-november-2026-zone-6-timetable.txt,AL,9484,43,4,3,Biblical Studies,2026-11-10,AM,1h 30m,2026-11-09T21:00Z
november-2026,6,757651-november-2026-zone-6-timetable.txt,IG,0610,13,1,3,Biology (Multiple Choice - Core),2026-11-10,PM,45m,2026-11-10T01:00Z
november-2026,6,757651-november-2026-zone-6-timetable.txt,IG,0610,23,2,3,Biology (Multiple Choice - Extended),2026-11-10,PM,45m,2026-11-10T01:00Z
november-2026,6,757651-november-2026-zone-6-timetable.txt,AS,8027,23,2,3,German Language (Multiple Choice),2026-11-10,PM,1h 30m,2026-11-10T01:00Z
november-2026,6,757651-november-2026-zone-6-timetable.txt,AS,9702,13,1,3,Physics (Multiple Choice),2026-11-10,PM,1h 15m,2026-11-10T01:00Z
november-2026,6,757651-november-2026-zone-6-timetable.txt,AL,9708,33,3,3,Economics (Multiple Choice),2026-11-11,AM,1h 15m,2026-11-10T21:00Z
november-2026,6,757651-november-2026-zone-6-timetable.txt,AS,8028,23,2,3,French Language (Multiple Choice),2026-11-11,PM,1h 30m,2026-11-11T01:00Z
november-2026,6,757651-november-2026-zone-6-timetable.txt,AL,9897,13,1,3,German Language & Literature (Multiple Choice),2026-11-11,AM,1h 30m,2026-11-10T21:00Z
november-2026,6,757651-november-2026-zone-6-timetable.txt,AS,9701,13,1,3,Chemistry (Multiple Choice),2026-11-11,PM,1h 15m,2026-11-11T01:00Z
november-2026,6,757651-november-2026-zone-6-timetable.txt,IG,0620,13,1,3,Chemistry (Multiple Choice - Core),2026-11-12,PM,45m,2026-11-12T01:00Z
november-2026,6,757651-november-2026-zone-6-timetable.txt,IG,0620,23,2,3,Chemistry (Multiple Choice - Extended),2026-11-12,PM,45m,2026-11-12T01:00Z
november-2026,6,757651-november-2026-zone-6-timetable.txt,AS,9700,13,1,3,Biology (Multiple Choice),2026-11-12,PM,1h 15m,2026-11-12T01:00Z
